actual_cpu_hz,actual_emc_hz,actual_gpu_hz,actual_hz,combo_name,cpu_freq_mean_hz,cpu_lock_ok,cpu_soc_mss_energy_j,cpu_soc_mss_power_max_w,cpu_soc_mss_power_mean_w,cpu_soc_mss_power_p95_w,duration_s,emc_lock_ok,fixed_emc_hz,fixed_gpu_hz,gpu_energy_j,gpu_lock_ok,gpu_power_max_w,gpu_power_mean_w,gpu_power_p95_w,lock_ok,mode,nvtx_csv,phase_metrics_csv,phase_summary_csv,raw_csv,requested_cpu_hz,requested_emc_hz,requested_gpu_hz,requested_hz,samples,vin_energy_j,vin_power_max_w,vin_power_mean_w,vin_power_p95_w,_summary_csv,run_dir,get_action_latency_ms
648000000,-1,-1,648000000,cpufreq_648MHz_gpufreq_default_emcfreq_default,648000000.0,1,815.8491908104959,10.23776,7.868998151212554,9.84,103.812649667,1,-1,-1,1056.276541324517,1,35.4096,10.222393426533523,18.1056,1,locked_combo,thor_measurements/combo_sweep_vla_auto_20260427_091937/cpufreq_648MHz_gpufreq_default_emcfreq_default/nvtx_ranges.csv,thor_measurements/combo_sweep_vla_auto_20260427_091937/cpufreq_648MHz_gpufreq_default_emcfreq_default/phase_metrics.csv,thor_measurements/combo_sweep_vla_auto_20260427_091937/cpufreq_648MHz_gpufreq_default_emcfreq_default/phase_summary.csv,thor_measurements/combo_sweep_vla_auto_20260427_091937/cpufreq_648MHz_gpufreq_default_emcfreq_default/telemetry_raw.csv,648000000,-1,-1,648000000,14020,3493.663188740615,89.028,33.492075320970045,67.2961,/home/Thor/Workspace/jyjeong/Isaac-GR00T/thor_measurements/combo_sweep_vla_auto_20260427_091937/summary.csv,cpufreq_648MHz_gpufreq_default_emcfreq_default,103.57520219266056
972000000,-1,-1,972000000,cpufreq_972MHz_gpufreq_default_emcfreq_default,972000000.0,1,729.0049450595275,10.63584,8.11952932780083,10.2336,89.885366361,1,-1,-1,881.4248601726802,1,19.696,9.82107253112033,18.11296,1,locked_combo,thor_measurements/combo_sweep_vla_auto_20260427_091937/cpufreq_972MHz_gpufreq_default_emcfreq_default/nvtx_ranges.csv,thor_measurements/combo_sweep_vla_auto_20260427_091937/cpufreq_972MHz_gpufreq_default_emcfreq_default/phase_metrics.csv,thor_measurements/combo_sweep_vla_auto_20260427_091937/cpufreq_972MHz_gpufreq_default_emcfreq_default/phase_summary.csv,thor_measurements/combo_sweep_vla_auto_20260427_091937/cpufreq_972MHz_gpufreq_default_emcfreq_default/telemetry_raw.csv,972000000,-1,-1,972000000,14460,3034.472922313311,90.378,33.44125795297372,71.4025,/home/Thor/Workspace/jyjeong/Isaac-GR00T/thor_measurements/combo_sweep_vla_auto_20260427_091937/summary.csv,cpufreq_972MHz_gpufreq_default_emcfreq_default,78.66601260714286
1242000000,-1,-1,1242000000,cpufreq_1.242GHz_gpufreq_default_emcfreq_default,1242000000.0,1,703.5319829599003,11.0208,8.34110085027217,10.23776,84.560026248,1,-1,-1,859.6487962107152,1,20.08176,10.207426323985391,18.50672,1,locked_combo,thor_measurements/combo_sweep_vla_auto_20260427_091937/cpufreq_1.242GHz_gpufreq_default_emcfreq_default/nvtx_ranges.csv,thor_measurements/combo_sweep_vla_auto_20260427_091937/cpufreq_1.242GHz_gpufreq_default_emcfreq_default/phase_metrics.csv,thor_measurements/combo_sweep_vla_auto_20260427_091937/cpufreq_1.242GHz_gpufreq_default_emcfreq_default/phase_summary.csv,thor_measurements/combo_sweep_vla_auto_20260427_091937/cpufreq_1.242GHz_gpufreq_default_emcfreq_default/telemetry_raw.csv,1242000000,-1,-1,1242000000,14513,2910.449164134164,91.65,34.09608612967684,72.9828,/home/Thor/Workspace/jyjeong/Isaac-GR00T/thor_measurements/combo_sweep_vla_auto_20260427_091937/summary.csv,cpufreq_1.242GHz_gpufreq_default_emcfreq_default,73.98138755752213
1566000000,-1,-1,1566000000,cpufreq_1.566GHz_gpufreq_default_emcfreq_default,1566000000.0,1,919.1953502257796,11.42368,8.897246376256582,10.63152,103.602299393,1,-1,-1,1219.565563706993,1,20.4672,11.828982849848412,18.50672,1,locked_combo,thor_measurements/combo_sweep_vla_auto_20260427_091937/cpufreq_1.566GHz_gpufreq_default_emcfreq_default/nvtx_ranges.csv,thor_measurements/combo_sweep_vla_auto_20260427_091937/cpufreq_1.566GHz_gpufreq_default_emcfreq_default/phase_metrics.csv,thor_measurements/combo_sweep_vla_auto_20260427_091937/cpufreq_1.566GHz_gpufreq_default_emcfreq_default/phase_summary.csv,thor_measurements/combo_sweep_vla_auto_20260427_091937/cpufreq_1.566GHz_gpufreq_default_emcfreq_default/telemetry_raw.csv,1566000000,-1,-1,1566000000,18801,3850.3011011905696,90.24,36.6578379873411,76.858,/home/Thor/Workspace/jyjeong/Isaac-GR00T/thor_measurements/combo_sweep_vla_auto_20260427_091937/summary.csv,cpufreq_1.566GHz_gpufreq_default_emcfreq_default,70.82979889417989
1836000000,-1,-1,1836000000,cpufreq_1.836GHz_gpufreq_default_emcfreq_default,1836000000.0,1,659.3043826362676,12.21152,8.926595499498353,11.0208,73.999205545,1,-1,-1,796.2640901641233,1,20.47552,10.81615130858535,18.8928,1,locked_combo,thor_measurements/combo_sweep_vla_auto_20260427_091937/cpufreq_1.836GHz_gpufreq_default_emcfreq_default/nvtx_ranges.csv,thor_measurements/combo_sweep_vla_auto_20260427_091937/cpufreq_1.836GHz_gpufreq_default_emcfreq_default/phase_metrics.csv,thor_measurements/combo_sweep_vla_auto_20260427_091937/cpufreq_1.836GHz_gpufreq_default_emcfreq_default/phase_summary.csv,thor_measurements/combo_sweep_vla_auto_20260427_091937/cpufreq_1.836GHz_gpufreq_default_emcfreq_default/telemetry_raw.csv,1836000000,-1,-1,1836000000,13954,2654.512803480474,90.306,35.38899957001576,76.19610000000003,/home/Thor/Workspace/jyjeong/Isaac-GR00T/thor_measurements/combo_sweep_vla_auto_20260427_091937/summary.csv,cpufreq_1.836GHz_gpufreq_default_emcfreq_default,69.08733178181818
2160000000,-1,-1,2160000000,cpufreq_2.160GHz_gpufreq_default_emcfreq_default,2160000000.0,1,702.1107009120267,13.38784,9.436201718815186,11.41904,74.443243436,1,-1,-1,812.7434924877487,1,20.47552,10.919418984842164,18.90048,1,locked_combo,thor_measurements/combo_sweep_vla_auto_20260427_091937/cpufreq_2.160GHz_gpufreq_default_emcfreq_default/nvtx_ranges.csv,thor_measurements/combo_sweep_vla_auto_20260427_091937/cpufreq_2.160GHz_gpufreq_default_emcfreq_default/phase_metrics.csv,thor_measurements/combo_sweep_vla_auto_20260427_091937/cpufreq_2.160GHz_gpufreq_default_emcfreq_default/phase_summary.csv,thor_measurements/combo_sweep_vla_auto_20260427_091937/cpufreq_2.160GHz_gpufreq_default_emcfreq_default/telemetry_raw.csv,2160000000,-1,-1,2160000000,14382,2720.8334706233527,89.996,35.93299068279794,76.31430000000003,/home/Thor/Workspace/jyjeong/Isaac-GR00T/thor_measurements/combo_sweep_vla_auto_20260427_091937/summary.csv,cpufreq_2.160GHz_gpufreq_default_emcfreq_default,67.64104915929204
2430000000,-1,-1,2430000000,cpufreq_2.430GHz_gpufreq_default_emcfreq_default,2430000000.0,1,723.4192978464276,14.96288,9.998643482671175,12.2016,72.466269399,1,-1,-1,792.8247447590941,1,20.8608,10.980922648633417,19.2864,1,locked_combo,thor_measurements/combo_sweep_vla_auto_20260427_091937/cpufreq_2.430GHz_gpufreq_default_emcfreq_default/nvtx_ranges.csv,thor_measurements/combo_sweep_vla_auto_20260427_091937/cpufreq_2.430GHz_gpufreq_default_emcfreq_default/phase_metrics.csv,thor_measurements/combo_sweep_vla_auto_20260427_091937/cpufreq_2.430GHz_gpufreq_default_emcfreq_default/phase_summary.csv,thor_measurements/combo_sweep_vla_auto_20260427_091937/cpufreq_2.430GHz_gpufreq_default_emcfreq_default/telemetry_raw.csv,2430000000,-1,-1,2430000000,14196,2698.8973296144395,94.95,36.659234432234435,76.8005,/home/Thor/Workspace/jyjeong/Isaac-GR00T/thor_measurements/combo_sweep_vla_auto_20260427_091937/summary.csv,cpufreq_2.430GHz_gpufreq_default_emcfreq_default,67.10425060714286
2601000000,-1,-1,2601000000,cpufreq_2.601GHz_gpufreq_default_emcfreq_default,2601000000.0,1,1046.532004787715,16.1376,10.777812095534788,12.5952,97.397464164,1,-1,-1,1303.4433007208202,1,35.80304,13.332714857736242,19.68,1,locked_combo,thor_measurements/combo_sweep_vla_auto_20260427_091937/cpufreq_2.601GHz_gpufreq_default_emcfreq_default/nvtx_ranges.csv,thor_measurements/combo_sweep_vla_auto_20260427_091937/cpufreq_2.601GHz_gpufreq_default_emcfreq_default/phase_metrics.csv,thor_measurements/combo_sweep_vla_auto_20260427_091937/cpufreq_2.601GHz_gpufreq_default_emcfreq_default/phase_summary.csv,thor_measurements/combo_sweep_vla_auto_20260427_091937/cpufreq_2.601GHz_gpufreq_default_emcfreq_default/telemetry_raw.csv,2601000000,-1,-1,2601000000,19260,3984.344847075058,93.562,40.12645254413292,81.55810000000001,/home/Thor/Workspace/jyjeong/Isaac-GR00T/thor_measurements/combo_sweep_vla_auto_20260427_091937/summary.csv,cpufreq_2.601GHz_gpufreq_default_emcfreq_default,65.75506448167539
-1,665600000,-1,-1,cpufreq_default_gpufreq_default_emcfreq_665MHz,335439408.2523839,1,1083.7728045690812,7.888,6.405172880848409,7.48752,170.303982859,1,665600000,-1,1879.6024994733043,1,14.57504,10.694199296319402,14.18112,1,locked_combo,thor_measurements/combo_sweep_vla_auto_20260427_091937/cpufreq_default_gpufreq_default_emcfreq_665MHz/nvtx_ranges.csv,thor_measurements/combo_sweep_vla_auto_20260427_091937/cpufreq_default_gpufreq_default_emcfreq_665MHz/phase_metrics.csv,thor_measurements/combo_sweep_vla_auto_20260427_091937/cpufreq_default_gpufreq_default_emcfreq_665MHz/phase_summary.csv,thor_measurements/combo_sweep_vla_auto_20260427_091937/cpufreq_default_gpufreq_default_emcfreq_665MHz/telemetry_raw.csv,-1,665600000,-1,-1,8015,5682.480246746476,51.04,32.952914535246414,44.6386,/home/Thor/Workspace/jyjeong/Isaac-GR00T/thor_measurements/combo_sweep_vla_auto_20260427_091937/summary.csv,cpufreq_default_gpufreq_default_emcfreq_665MHz,248.10749083422462
648000000,665600000,-1,648000000,cpufreq_648MHz_gpufreq_default_emcfreq_665MHz,648000000.0,1,1138.3599552974847,7.09344,6.03067083391175,6.69664,187.079146767,1,665600000,-1,1921.2131811246393,1,14.57504,9.81576715518096,14.18112,1,locked_combo,thor_measurements/combo_sweep_vla_auto_20260427_091937/cpufreq_648MHz_gpufreq_default_emcfreq_665MHz/nvtx_ranges.csv,thor_measurements/combo_sweep_vla_auto_20260427_091937/cpufreq_648MHz_gpufreq_default_emcfreq_665MHz/phase_metrics.csv,thor_measurements/combo_sweep_vla_auto_20260427_091937/cpufreq_648MHz_gpufreq_default_emcfreq_665MHz/phase_summary.csv,thor_measurements/combo_sweep_vla_auto_20260427_091937/cpufreq_648MHz_gpufreq_default_emcfreq_665MHz/telemetry_raw.csv,648000000,665600000,-1,648000000,20170,5990.816823557974,49.37,30.87740892414477,44.031099999999995,/home/Thor/Workspace/jyjeong/Isaac-GR00T/thor_measurements/combo_sweep_vla_auto_20260427_091937/summary.csv,cpufreq_648MHz_gpufreq_default_emcfreq_665MHz,242.16087646276594
972000000,665600000,-1,972000000,cpufreq_972MHz_gpufreq_default_emcfreq_665MHz,972000000.0,1,845.0219110863158,7.48752,6.06735863010418,6.69664,138.118125242,1,665600000,-1,1371.172059660608,1,14.57504,9.50912872709855,14.18112,1,locked_combo,thor_measurements/combo_sweep_vla_auto_20260427_091937/cpufreq_972MHz_gpufreq_default_emcfreq_665MHz/nvtx_ranges.csv,thor_measurements/combo_sweep_vla_auto_20260427_091937/cpufreq_972MHz_gpufreq_default_emcfreq_665MHz/phase_metrics.csv,thor_measurements/combo_sweep_vla_auto_20260427_091937/cpufreq_972MHz_gpufreq_default_emcfreq_665MHz/phase_summary.csv,thor_measurements/combo_sweep_vla_auto_20260427_091937/cpufreq_972MHz_gpufreq_default_emcfreq_665MHz/telemetry_raw.csv,972000000,665600000,-1,972000000,16702,4360.142400083848,49.128,30.391710334091727,44.62920000000002,/home/Thor/Workspace/jyjeong/Isaac-GR00T/thor_measurements/combo_sweep_vla_auto_20260427_091937/summary.csv,cpufreq_972MHz_gpufreq_default_emcfreq_665MHz,230.721842875
1242000000,665600000,-1,1242000000,cpufreq_1.242GHz_gpufreq_default_emcfreq_665MHz,1242000000.0,1,1078.6956585744194,7.8816,6.300515130057121,6.69664,169.978501721,1,665600000,-1,1869.3566054429004,1,14.96896,10.605981475711657,14.57504,1,locked_combo,thor_measurements/combo_sweep_vla_auto_20260427_091937/cpufreq_1.242GHz_gpufreq_default_emcfreq_665MHz/nvtx_ranges.csv,thor_measurements/combo_sweep_vla_auto_20260427_091937/cpufreq_1.242GHz_gpufreq_default_emcfreq_665MHz/phase_metrics.csv,thor_measurements/combo_sweep_vla_auto_20260427_091937/cpufreq_1.242GHz_gpufreq_default_emcfreq_665MHz/phase_summary.csv,thor_measurements/combo_sweep_vla_auto_20260427_091937/cpufreq_1.242GHz_gpufreq_default_emcfreq_665MHz/telemetry_raw.csv,1242000000,665600000,-1,1242000000,21183,5640.534322038055,49.31,31.85914544682057,46.13320000000001,/home/Thor/Workspace/jyjeong/Isaac-GR00T/thor_measurements/combo_sweep_vla_auto_20260427_091937/summary.csv,cpufreq_1.242GHz_gpufreq_default_emcfreq_665MHz,226.97946783076924
1566000000,665600000,-1,1566000000,cpufreq_1.566GHz_gpufreq_default_emcfreq_665MHz,1566000000.0,1,1068.0013856525916,8.27568,6.474100982263396,7.09056,163.595986974,1,665600000,-1,1808.4725141219824,1,14.96896,10.671789544248403,14.57504,1,locked_combo,thor_measurements/combo_sweep_vla_auto_20260427_091937/cpufreq_1.566GHz_gpufreq_default_emcfreq_665MHz/nvtx_ranges.csv,thor_measurements/combo_sweep_vla_auto_20260427_091937/cpufreq_1.566GHz_gpufreq_default_emcfreq_665MHz/phase_metrics.csv,thor_measurements/combo_sweep_vla_auto_20260427_091937/cpufreq_1.566GHz_gpufreq_default_emcfreq_665MHz/phase_summary.csv,thor_measurements/combo_sweep_vla_auto_20260427_091937/cpufreq_1.566GHz_gpufreq_default_emcfreq_665MHz/telemetry_raw.csv,1566000000,665600000,-1,1566000000,21481,5469.366557600968,49.916,32.04589460453424,46.502,/home/Thor/Workspace/jyjeong/Isaac-GR00T/thor_measurements/combo_sweep_vla_auto_20260427_091937/summary.csv,cpufreq_1.566GHz_gpufreq_default_emcfreq_665MHz,225.77563972872343
1836000000,665600000,-1,1836000000,cpufreq_1.836GHz_gpufreq_default_emcfreq_665MHz,1836000000.0,1,782.9949837203754,9.06384,6.687065244711478,7.48448,116.067919564,1,665600000,-1,1200.1277378228622,1,14.96896,9.897492972837652,14.57504,1,locked_combo,thor_measurements/combo_sweep_vla_auto_20260427_091937/cpufreq_1.836GHz_gpufreq_default_emcfreq_665MHz/nvtx_ranges.csv,thor_measurements/combo_sweep_vla_auto_20260427_091937/cpufreq_1.836GHz_gpufreq_default_emcfreq_665MHz/phase_metrics.csv,thor_measurements/combo_sweep_vla_auto_20260427_091937/cpufreq_1.836GHz_gpufreq_default_emcfreq_665MHz/phase_summary.csv,thor_measurements/combo_sweep_vla_auto_20260427_091937/cpufreq_1.836GHz_gpufreq_default_emcfreq_665MHz/telemetry_raw.csv,1836000000,665600000,-1,1836000000,15978,3801.762985721451,50.206,31.381463011641006,46.2384,/home/Thor/Workspace/jyjeong/Isaac-GR00T/thor_measurements/combo_sweep_vla_auto_20260427_091937/summary.csv,cpufreq_1.836GHz_gpufreq_default_emcfreq_665MHz,222.8663945478261
2160000000,665600000,-1,2160000000,cpufreq_2.160GHz_gpufreq_default_emcfreq_665MHz,2160000000.0,1,813.7772197820213,10.24608,7.1766851738804105,7.8784,112.436519758,1,665600000,-1,1170.210223156197,1,14.96896,9.986405714285716,14.575039999999998,1,locked_combo,thor_measurements/combo_sweep_vla_auto_20260427_091937/cpufreq_2.160GHz_gpufreq_default_emcfreq_665MHz/nvtx_ranges.csv,thor_measurements/combo_sweep_vla_auto_20260427_091937/cpufreq_2.160GHz_gpufreq_default_emcfreq_665MHz/phase_metrics.csv,thor_measurements/combo_sweep_vla_auto_20260427_091937/cpufreq_2.160GHz_gpufreq_default_emcfreq_665MHz/phase_summary.csv,thor_measurements/combo_sweep_vla_auto_20260427_091937/cpufreq_2.160GHz_gpufreq_default_emcfreq_665MHz/telemetry_raw.csv,2160000000,665600000,-1,2160000000,15988,3746.205864564443,51.046,31.952977483112335,46.395599999999995,/home/Thor/Workspace/jyjeong/Isaac-GR00T/thor_measurements/combo_sweep_vla_auto_20260427_091937/summary.csv,cpufreq_2.160GHz_gpufreq_default_emcfreq_665MHz,222.41778115315316
2430000000,665600000,-1,2430000000,cpufreq_2.430GHz_gpufreq_default_emcfreq_665MHz,2430000000.0,1,1597.4031746453084,11.42368,7.873737600927738,8.27232,201.65920533,1,665600000,-1,2444.846574202933,1,35.78848,11.752887352322968,14.57504,1,locked_combo,thor_measurements/combo_sweep_vla_auto_20260427_091937/cpufreq_2.430GHz_gpufreq_default_emcfreq_665MHz/nvtx_ranges.csv,thor_measurements/combo_sweep_vla_auto_20260427_091937/cpufreq_2.430GHz_gpufreq_default_emcfreq_665MHz/phase_metrics.csv,thor_measurements/combo_sweep_vla_auto_20260427_091937/cpufreq_2.430GHz_gpufreq_default_emcfreq_665MHz/phase_summary.csv,thor_measurements/combo_sweep_vla_auto_20260427_091937/cpufreq_2.430GHz_gpufreq_default_emcfreq_665MHz/telemetry_raw.csv,2430000000,665600000,-1,2430000000,27594,7327.787399879092,61.134,34.80426947887222,49.33669999999999,/home/Thor/Workspace/jyjeong/Isaac-GR00T/thor_measurements/combo_sweep_vla_auto_20260427_091937/summary.csv,cpufreq_2.430GHz_gpufreq_default_emcfreq_665MHz,222.01584245724905
2601000000,665600000,-1,2601000000,cpufreq_2.601GHz_gpufreq_default_emcfreq_665MHz,2601000000.0,1,903.1271570200512,12.21152,8.12904589078455,9.06016,110.236849717,1,665600000,-1,1161.326350832558,1,14.96896,10.05595622249001,14.57504,1,locked_combo,thor_measurements/combo_sweep_vla_auto_20260427_091937/cpufreq_2.601GHz_gpufreq_default_emcfreq_665MHz/nvtx_ranges.csv,thor_measurements/combo_sweep_vla_auto_20260427_091937/cpufreq_2.601GHz_gpufreq_default_emcfreq_665MHz/phase_metrics.csv,thor_measurements/combo_sweep_vla_auto_20260427_091937/cpufreq_2.601GHz_gpufreq_default_emcfreq_665MHz/phase_summary.csv,thor_measurements/combo_sweep_vla_auto_20260427_091937/cpufreq_2.601GHz_gpufreq_default_emcfreq_665MHz/telemetry_raw.csv,2601000000,665600000,-1,2601000000,15767,3815.846940236842,53.016,33.123541447326694,47.72980000000004,/home/Thor/Workspace/jyjeong/Isaac-GR00T/thor_measurements/combo_sweep_vla_auto_20260427_091937/summary.csv,cpufreq_2.601GHz_gpufreq_default_emcfreq_665MHz,220.81445311711713
-1,2750000000,-1,-1,cpufreq_default_gpufreq_default_emcfreq_2.750GHz,329597037.3609555,1,599.4409203706347,9.45792,6.831961675913526,7.8848,88.710157781,1,2750000000,-1,947.4531253096848,1,18.50672,10.64457847331165,16.93168,1,locked_combo,thor_measurements/combo_sweep_vla_auto_20260427_091937/cpufreq_default_gpufreq_default_emcfreq_2.750GHz/nvtx_ranges.csv,thor_measurements/combo_sweep_vla_auto_20260427_091937/cpufreq_default_gpufreq_default_emcfreq_2.750GHz/phase_metrics.csv,thor_measurements/combo_sweep_vla_auto_20260427_091937/cpufreq_default_gpufreq_default_emcfreq_2.750GHz/phase_summary.csv,thor_measurements/combo_sweep_vla_auto_20260427_091937/cpufreq_default_gpufreq_default_emcfreq_2.750GHz/telemetry_raw.csv,-1,2750000000,-1,-1,5227,2974.5765124639724,78.978,34.30461564951215,63.4896,/home/Thor/Workspace/jyjeong/Isaac-GR00T/thor_measurements/combo_sweep_vla_auto_20260427_091937/summary.csv,cpufreq_default_gpufreq_default_emcfreq_2.750GHz,99.43873435294117
648000000,2750000000,-1,648000000,cpufreq_648MHz_gpufreq_default_emcfreq_2.750GHz,648000000.0,1,876.1550541139094,7.8816,6.460780828336042,7.481439999999999,135.466238761,1,2750000000,-1,1521.4553096383008,1,35.80304,11.207280614246484,17.7192,1,locked_combo,thor_measurements/combo_sweep_vla_auto_20260427_091937/cpufreq_648MHz_gpufreq_default_emcfreq_2.750GHz/nvtx_ranges.csv,thor_measurements/combo_sweep_vla_auto_20260427_091937/cpufreq_648MHz_gpufreq_default_emcfreq_2.750GHz/phase_metrics.csv,thor_measurements/combo_sweep_vla_auto_20260427_091937/cpufreq_648MHz_gpufreq_default_emcfreq_2.750GHz/phase_summary.csv,thor_measurements/combo_sweep_vla_auto_20260427_091937/cpufreq_648MHz_gpufreq_default_emcfreq_2.750GHz/telemetry_raw.csv,648000000,2750000000,-1,648000000,17843,4568.370194538081,78.878,33.51290186627809,62.881800000000005,/home/Thor/Workspace/jyjeong/Isaac-GR00T/thor_measurements/combo_sweep_vla_auto_20260427_091937/summary.csv,cpufreq_648MHz_gpufreq_default_emcfreq_2.750GHz,111.37377898404254
972000000,2750000000,-1,972000000,cpufreq_972MHz_gpufreq_default_emcfreq_2.750GHz,972000000.0,1,843.1189700079757,8.6592,6.68519558436128,7.8752,125.985399199,1,2750000000,-1,1428.7249485405548,1,19.29424,11.282946276395569,17.7192,1,locked_combo,thor_measurements/combo_sweep_vla_auto_20260427_091937/cpufreq_972MHz_gpufreq_default_emcfreq_2.750GHz/nvtx_ranges.csv,thor_measurements/combo_sweep_vla_auto_20260427_091937/cpufreq_972MHz_gpufreq_default_emcfreq_2.750GHz/phase_metrics.csv,thor_measurements/combo_sweep_vla_auto_20260427_091937/cpufreq_972MHz_gpufreq_default_emcfreq_2.750GHz/phase_summary.csv,thor_measurements/combo_sweep_vla_auto_20260427_091937/cpufreq_972MHz_gpufreq_default_emcfreq_2.750GHz/telemetry_raw.csv,972000000,2750000000,-1,972000000,19132,4328.028782153487,78.962,33.9643150742212,64.7847,/home/Thor/Workspace/jyjeong/Isaac-GR00T/thor_measurements/combo_sweep_vla_auto_20260427_091937/summary.csv,cpufreq_972MHz_gpufreq_default_emcfreq_2.750GHz,89.76710301932368
1242000000,2750000000,-1,1242000000,cpufreq_1.242GHz_gpufreq_default_emcfreq_2.750GHz,1242000000.0,1,577.2692825446702,8.66976,6.587062408054817,7.8752,87.58315015,1,2750000000,-1,895.262438052576,1,19.29424,10.19397863235911,17.7192,1,locked_combo,thor_measurements/combo_sweep_vla_auto_20260427_091937/cpufreq_1.242GHz_gpufreq_default_emcfreq_2.750GHz/nvtx_ranges.csv,thor_measurements/combo_sweep_vla_auto_20260427_091937/cpufreq_1.242GHz_gpufreq_default_emcfreq_2.750GHz/phase_metrics.csv,thor_measurements/combo_sweep_vla_auto_20260427_091937/cpufreq_1.242GHz_gpufreq_default_emcfreq_2.750GHz/phase_summary.csv,thor_measurements/combo_sweep_vla_auto_20260427_091937/cpufreq_1.242GHz_gpufreq_default_emcfreq_2.750GHz/telemetry_raw.csv,1242000000,2750000000,-1,1242000000,14302,2861.0270962425457,78.764,32.30839225283177,63.91510000000001,/home/Thor/Workspace/jyjeong/Isaac-GR00T/thor_measurements/combo_sweep_vla_auto_20260427_091937/summary.csv,cpufreq_1.242GHz_gpufreq_default_emcfreq_2.750GHz,84.98730509649123
1566000000,2750000000,-1,1566000000,cpufreq_1.566GHz_gpufreq_default_emcfreq_2.750GHz,1566000000.0,1,738.5509422318095,9.06384,7.02177512866547,8.2656,105.063589547,1,2750000000,-1,1252.473908790169,1,19.704,11.84881184701594,18.49168,1,locked_combo,thor_measurements/combo_sweep_vla_auto_20260427_091937/cpufreq_1.566GHz_gpufreq_default_emcfreq_2.750GHz/nvtx_ranges.csv,thor_measurements/combo_sweep_vla_auto_20260427_091937/cpufreq_1.566GHz_gpufreq_default_emcfreq_2.750GHz/phase_metrics.csv,thor_measurements/combo_sweep_vla_auto_20260427_091937/cpufreq_1.566GHz_gpufreq_default_emcfreq_2.750GHz/phase_summary.csv,thor_measurements/combo_sweep_vla_auto_20260427_091937/cpufreq_1.566GHz_gpufreq_default_emcfreq_2.750GHz/telemetry_raw.csv,1566000000,2750000000,-1,1566000000,18381,3714.354991793024,79.438,34.79971622871444,67.522,/home/Thor/Workspace/jyjeong/Isaac-GR00T/thor_measurements/combo_sweep_vla_auto_20260427_091937/summary.csv,cpufreq_1.566GHz_gpufreq_default_emcfreq_2.750GHz,82.46781193121693
1836000000,2750000000,-1,1836000000,cpufreq_1.836GHz_gpufreq_default_emcfreq_2.750GHz,1836000000.0,1,769.5869876677959,9.852,7.297168303161451,8.26896,105.37708109,1,2750000000,-1,1255.3680812562657,1,19.688,11.853679455322744,18.1056,1,locked_combo,thor_measurements/combo_sweep_vla_auto_20260427_091937/cpufreq_1.836GHz_gpufreq_default_emcfreq_2.750GHz/nvtx_ranges.csv,thor_measurements/combo_sweep_vla_auto_20260427_091937/cpufreq_1.836GHz_gpufreq_default_emcfreq_2.750GHz/phase_metrics.csv,thor_measurements/combo_sweep_vla_auto_20260427_091937/cpufreq_1.836GHz_gpufreq_default_emcfreq_2.750GHz/phase_summary.csv,thor_measurements/combo_sweep_vla_auto_20260427_091937/cpufreq_1.836GHz_gpufreq_default_emcfreq_2.750GHz/telemetry_raw.csv,1836000000,2750000000,-1,1836000000,18947,3754.3502599530825,82.718,35.028751253496594,68.5882,/home/Thor/Workspace/jyjeong/Isaac-GR00T/thor_measurements/combo_sweep_vla_auto_20260427_091937/summary.csv,cpufreq_1.836GHz_gpufreq_default_emcfreq_2.750GHz,80.62638437234042
2160000000,2750000000,-1,2160000000,cpufreq_2.160GHz_gpufreq_default_emcfreq_2.750GHz,2160000000.0,1,794.1770349823696,11.02976,7.848505818142596,9.0528,101.130970955,1,2750000000,-1,1241.4987204496704,1,19.688,12.236907535325209,18.4992,1,locked_combo,thor_measurements/combo_sweep_vla_auto_20260427_091937/cpufreq_2.160GHz_gpufreq_default_emcfreq_2.750GHz/nvtx_ranges.csv,thor_measurements/combo_sweep_vla_auto_20260427_091937/cpufreq_2.160GHz_gpufreq_default_emcfreq_2.750GHz/phase_metrics.csv,thor_measurements/combo_sweep_vla_auto_20260427_091937/cpufreq_2.160GHz_gpufreq_default_emcfreq_2.750GHz/phase_summary.csv,thor_measurements/combo_sweep_vla_auto_20260427_091937/cpufreq_2.160GHz_gpufreq_default_emcfreq_2.750GHz/telemetry_raw.csv,2160000000,2750000000,-1,2160000000,18542,3714.81663256392,89.502,36.12458289289181,70.0179,/home/Thor/Workspace/jyjeong/Isaac-GR00T/thor_measurements/combo_sweep_vla_auto_20260427_091937/summary.csv,cpufreq_2.160GHz_gpufreq_default_emcfreq_2.750GHz,79.12337120833332
2430000000,2750000000,-1,2430000000,cpufreq_2.430GHz_gpufreq_default_emcfreq_2.750GHz,2430000000.0,1,613.48718085818,12.60544,8.119175325768929,9.45024,75.445903508,1,2750000000,-1,830.2539911802081,1,20.0736,10.896429064440165,18.4992,1,locked_combo,thor_measurements/combo_sweep_vla_auto_20260427_091937/cpufreq_2.430GHz_gpufreq_default_emcfreq_2.750GHz/nvtx_ranges.csv,thor_measurements/combo_sweep_vla_auto_20260427_091937/cpufreq_2.430GHz_gpufreq_default_emcfreq_2.750GHz/phase_metrics.csv,thor_measurements/combo_sweep_vla_auto_20260427_091937/cpufreq_2.430GHz_gpufreq_default_emcfreq_2.750GHz/phase_summary.csv,thor_measurements/combo_sweep_vla_auto_20260427_091937/cpufreq_2.430GHz_gpufreq_default_emcfreq_2.750GHz/telemetry_raw.csv,2430000000,2750000000,-1,2430000000,14013,2664.797688002793,88.95,34.653859130807106,66.88719999999999,/home/Thor/Workspace/jyjeong/Isaac-GR00T/thor_measurements/combo_sweep_vla_auto_20260427_091937/summary.csv,cpufreq_2.430GHz_gpufreq_default_emcfreq_2.750GHz,78.26076666071428
2601000000,2750000000,-1,2601000000,cpufreq_2.601GHz_gpufreq_default_emcfreq_2.750GHz,2601000000.0,1,846.6996874319512,13.7816,8.91567803446359,10.2336,94.869638213,1,2750000000,-1,1281.4836547477837,1,35.78848,13.4996941856587,19.29424,1,locked_combo,thor_measurements/combo_sweep_vla_auto_20260427_091937/cpufreq_2.601GHz_gpufreq_default_emcfreq_2.750GHz/nvtx_ranges.csv,thor_measurements/combo_sweep_vla_auto_20260427_091937/cpufreq_2.601GHz_gpufreq_default_emcfreq_2.750GHz/phase_metrics.csv,thor_measurements/combo_sweep_vla_auto_20260427_091937/cpufreq_2.601GHz_gpufreq_default_emcfreq_2.750GHz/phase_summary.csv,thor_measurements/combo_sweep_vla_auto_20260427_091937/cpufreq_2.601GHz_gpufreq_default_emcfreq_2.750GHz/telemetry_raw.csv,2601000000,2750000000,-1,2601000000,17990,3714.446982313026,87.468,38.50209683157309,73.0684,/home/Thor/Workspace/jyjeong/Isaac-GR00T/thor_measurements/combo_sweep_vla_auto_20260427_091937/summary.csv,cpufreq_2.601GHz_gpufreq_default_emcfreq_2.750GHz,77.10589122340426
-1,3200000000,-1,-1,cpufreq_default_gpufreq_default_emcfreq_3.200GHz,340486180.4165297,1,586.4312717499389,9.852,7.076042468102908,8.27568,83.855907563,1,3200000000,-1,885.9387673004092,1,18.50672,10.787718552604058,16.93168,1,locked_combo,thor_measurements/combo_sweep_vla_auto_20260427_091937/cpufreq_default_gpufreq_default_emcfreq_3.200GHz/nvtx_ranges.csv,thor_measurements/combo_sweep_vla_auto_20260427_091937/cpufreq_default_gpufreq_default_emcfreq_3.200GHz/phase_metrics.csv,thor_measurements/combo_sweep_vla_auto_20260427_091937/cpufreq_default_gpufreq_default_emcfreq_3.200GHz/phase_summary.csv,thor_measurements/combo_sweep_vla_auto_20260427_091937/cpufreq_default_gpufreq_default_emcfreq_3.200GHz/telemetry_raw.csv,-1,3200000000,-1,-1,4781,2819.890868943972,84.8,34.682936624137206,64.874,/home/Thor/Workspace/jyjeong/Isaac-GR00T/thor_measurements/combo_sweep_vla_auto_20260427_091937/summary.csv,cpufreq_default_gpufreq_default_emcfreq_3.200GHz,97.83649944444444
648000000,3200000000,-1,648000000,cpufreq_648MHz_gpufreq_default_emcfreq_3.200GHz,648000000.0,1,686.7689403903771,8.26896,6.518420605361776,7.8752,105.165847277,1,3200000000,-1,1076.925382792014,1,35.80304,10.217421804554624,18.1056,1,locked_combo,thor_measurements/combo_sweep_vla_auto_20260427_091937/cpufreq_648MHz_gpufreq_default_emcfreq_3.200GHz/nvtx_ranges.csv,thor_measurements/combo_sweep_vla_auto_20260427_091937/cpufreq_648MHz_gpufreq_default_emcfreq_3.200GHz/phase_metrics.csv,thor_measurements/combo_sweep_vla_auto_20260427_091937/cpufreq_648MHz_gpufreq_default_emcfreq_3.200GHz/phase_summary.csv,thor_measurements/combo_sweep_vla_auto_20260427_091937/cpufreq_648MHz_gpufreq_default_emcfreq_3.200GHz/telemetry_raw.csv,648000000,3200000000,-1,648000000,13876,3409.426013851548,85.812,32.247746901124245,63.468,/home/Thor/Workspace/jyjeong/Isaac-GR00T/thor_measurements/combo_sweep_vla_auto_20260427_091937/summary.csv,cpufreq_648MHz_gpufreq_default_emcfreq_3.200GHz,111.88555853211008
972000000,3200000000,-1,972000000,cpufreq_972MHz_gpufreq_default_emcfreq_3.200GHz,972000000.0,1,823.5286229747635,8.66976,7.0149132775901215,8.26896,117.270665238,1,3200000000,-1,1323.5578603880404,1,19.29424,11.221880485076694,17.7192,1,locked_combo,thor_measurements/combo_sweep_vla_auto_20260427_091937/cpufreq_972MHz_gpufreq_default_emcfreq_3.200GHz/nvtx_ranges.csv,thor_measurements/combo_sweep_vla_auto_20260427_091937/cpufreq_972MHz_gpufreq_default_emcfreq_3.200GHz/phase_metrics.csv,thor_measurements/combo_sweep_vla_auto_20260427_091937/cpufreq_972MHz_gpufreq_default_emcfreq_3.200GHz/phase_summary.csv,thor_measurements/combo_sweep_vla_auto_20260427_091937/cpufreq_972MHz_gpufreq_default_emcfreq_3.200GHz/telemetry_raw.csv,972000000,3200000000,-1,972000000,18059,4049.603981357582,84.674,34.14850634032892,65.78779999999998,/home/Thor/Workspace/jyjeong/Isaac-GR00T/thor_measurements/combo_sweep_vla_auto_20260427_091937/summary.csv,cpufreq_972MHz_gpufreq_default_emcfreq_3.200GHz,87.29396283419689
1242000000,3200000000,-1,1242000000,cpufreq_1.242GHz_gpufreq_default_emcfreq_3.200GHz,1242000000.0,1,570.3133764402747,9.06384,6.906069753752003,8.27232,82.511294394,1,3200000000,-1,843.7211024298434,1,19.696,10.172573754917677,18.09824,1,locked_combo,thor_measurements/combo_sweep_vla_auto_20260427_091937/cpufreq_1.242GHz_gpufreq_default_emcfreq_3.200GHz/nvtx_ranges.csv,thor_measurements/combo_sweep_vla_auto_20260427_091937/cpufreq_1.242GHz_gpufreq_default_emcfreq_3.200GHz/phase_metrics.csv,thor_measurements/combo_sweep_vla_auto_20260427_091937/cpufreq_1.242GHz_gpufreq_default_emcfreq_3.200GHz/phase_summary.csv,thor_measurements/combo_sweep_vla_auto_20260427_091937/cpufreq_1.242GHz_gpufreq_default_emcfreq_3.200GHz/telemetry_raw.csv,1242000000,3200000000,-1,1242000000,13726,2729.653059392128,84.606,32.68047486521929,65.2735,/home/Thor/Workspace/jyjeong/Isaac-GR00T/thor_measurements/combo_sweep_vla_auto_20260427_091937/summary.csv,cpufreq_1.242GHz_gpufreq_default_emcfreq_3.200GHz,81.44040337037038
1566000000,3200000000,-1,1566000000,cpufreq_1.566GHz_gpufreq_default_emcfreq_3.200GHz,1566000000.0,1,550.7150388663318,9.45792,7.117331132551581,8.6592,77.325557118,1,3200000000,-1,816.4257795224161,1,19.688,10.497665809707586,18.11296,1,locked_combo,thor_measurements/combo_sweep_vla_auto_20260427_091937/cpufreq_1.566GHz_gpufreq_default_emcfreq_3.200GHz/nvtx_ranges.csv,thor_measurements/combo_sweep_vla_auto_20260427_091937/cpufreq_1.566GHz_gpufreq_default_emcfreq_3.200GHz/phase_metrics.csv,thor_measurements/combo_sweep_vla_auto_20260427_091937/cpufreq_1.566GHz_gpufreq_default_emcfreq_3.200GHz/phase_summary.csv,thor_measurements/combo_sweep_vla_auto_20260427_091937/cpufreq_1.566GHz_gpufreq_default_emcfreq_3.200GHz/telemetry_raw.csv,1566000000,3200000000,-1,1566000000,13474,2607.9482983189373,84.912,33.30414724654891,66.9727,/home/Thor/Workspace/jyjeong/Isaac-GR00T/thor_measurements/combo_sweep_vla_auto_20260427_091937/summary.csv,cpufreq_1.566GHz_gpufreq_default_emcfreq_3.200GHz,79.45069475
1836000000,3200000000,-1,1836000000,cpufreq_1.836GHz_gpufreq_default_emcfreq_3.200GHz,1836000000.0,1,560.9894625233566,10.24192,7.450947853219072,8.66976,75.216527229,1,3200000000,-1,810.0612960347261,1,20.08176,10.715050793232257,18.4992,1,locked_combo,thor_measurements/combo_sweep_vla_auto_20260427_091937/cpufreq_1.836GHz_gpufreq_default_emcfreq_3.200GHz/nvtx_ranges.csv,thor_measurements/combo_sweep_vla_auto_20260427_091937/cpufreq_1.836GHz_gpufreq_default_emcfreq_3.200GHz/phase_metrics.csv,thor_measurements/combo_sweep_vla_auto_20260427_091937/cpufreq_1.836GHz_gpufreq_default_emcfreq_3.200GHz/phase_summary.csv,thor_measurements/combo_sweep_vla_auto_20260427_091937/cpufreq_1.836GHz_gpufreq_default_emcfreq_3.200GHz/telemetry_raw.csv,1836000000,3200000000,-1,1836000000,13653,2586.1481275534866,89.432,33.9115072145316,67.6488,/home/Thor/Workspace/jyjeong/Isaac-GR00T/thor_measurements/combo_sweep_vla_auto_20260427_091937/summary.csv,cpufreq_1.836GHz_gpufreq_default_emcfreq_3.200GHz,77.58492937614679
2160000000,3200000000,-1,2160000000,cpufreq_2.160GHz_gpufreq_default_emcfreq_3.200GHz,2160000000.0,1,806.0081193199754,11.42368,8.17045929662445,9.4464,98.574292604,1,3200000000,-1,1201.0370615087566,1,20.0736,12.14412712507474,18.4992,1,locked_combo,thor_measurements/combo_sweep_vla_auto_20260427_091937/cpufreq_2.160GHz_gpufreq_default_emcfreq_3.200GHz/nvtx_ranges.csv,thor_measurements/combo_sweep_vla_auto_20260427_091937/cpufreq_2.160GHz_gpufreq_default_emcfreq_3.200GHz/phase_metrics.csv,thor_measurements/combo_sweep_vla_auto_20260427_091937/cpufreq_2.160GHz_gpufreq_default_emcfreq_3.200GHz/phase_summary.csv,thor_measurements/combo_sweep_vla_auto_20260427_091937/cpufreq_2.160GHz_gpufreq_default_emcfreq_3.200GHz/telemetry_raw.csv,2160000000,3200000000,-1,2160000000,18397,3645.909470542808,89.744,36.4023463608197,72.1716,/home/Thor/Workspace/jyjeong/Isaac-GR00T/thor_measurements/combo_sweep_vla_auto_20260427_091937/summary.csv,cpufreq_2.160GHz_gpufreq_default_emcfreq_3.200GHz,76.20814976756758
2430000000,3200000000,-1,2430000000,cpufreq_2.430GHz_gpufreq_default_emcfreq_3.200GHz,2430000000.0,1,614.2124841708835,12.99936,8.496099887806318,9.844,72.247679591,1,3200000000,-1,806.7894699856085,1,20.08176,11.099749808089754,18.50672,1,locked_combo,thor_measurements/combo_sweep_vla_auto_20260427_091937/cpufreq_2.430GHz_gpufreq_default_emcfreq_3.200GHz/nvtx_ranges.csv,thor_measurements/combo_sweep_vla_auto_20260427_091937/cpufreq_2.430GHz_gpufreq_default_emcfreq_3.200GHz/phase_metrics.csv,thor_measurements/combo_sweep_vla_auto_20260427_091937/cpufreq_2.430GHz_gpufreq_default_emcfreq_3.200GHz/phase_summary.csv,thor_measurements/combo_sweep_vla_auto_20260427_091937/cpufreq_2.430GHz_gpufreq_default_emcfreq_3.200GHz/telemetry_raw.csv,2430000000,3200000000,-1,2430000000,13548,2601.955271042205,90.378,35.363994685562446,70.82599999999998,/home/Thor/Workspace/jyjeong/Isaac-GR00T/thor_measurements/combo_sweep_vla_auto_20260427_091937/summary.csv,cpufreq_2.430GHz_gpufreq_default_emcfreq_3.200GHz,75.01221108928571
2601000000,3200000000,-1,2601000000,cpufreq_2.601GHz_gpufreq_default_emcfreq_3.200GHz,2601000000.0,1,1208.448881094319,14.17536,9.309505597889098,10.23776,129.791410994,1,3200000000,-1,1769.8184050409354,1,35.78848,13.661194386918805,18.50672,1,locked_combo,thor_measurements/combo_sweep_vla_auto_20260427_091937/cpufreq_2.601GHz_gpufreq_default_emcfreq_3.200GHz/nvtx_ranges.csv,thor_measurements/combo_sweep_vla_auto_20260427_091937/cpufreq_2.601GHz_gpufreq_default_emcfreq_3.200GHz/phase_metrics.csv,thor_measurements/combo_sweep_vla_auto_20260427_091937/cpufreq_2.601GHz_gpufreq_default_emcfreq_3.200GHz/phase_summary.csv,thor_measurements/combo_sweep_vla_auto_20260427_091937/cpufreq_2.601GHz_gpufreq_default_emcfreq_3.200GHz/telemetry_raw.csv,2601000000,3200000000,-1,2601000000,25013,5188.092950768835,90.046,39.31749706152801,76.00280000000001,/home/Thor/Workspace/jyjeong/Isaac-GR00T/thor_measurements/combo_sweep_vla_auto_20260427_091937/summary.csv,cpufreq_2.601GHz_gpufreq_default_emcfreq_3.200GHz,74.36356898606272
-1,4266000000,-1,-1,cpufreq_default_gpufreq_default_emcfreq_4.266GHz,366001822.3595595,1,643.270220094131,9.848,7.260567084488814,8.27568,89.305927972,1,4266000000,-1,971.4631873847624,1,18.51424,10.880391525235718,16.93856,1,locked_combo,thor_measurements/combo_sweep_vla_auto_20260427_091937/cpufreq_default_gpufreq_default_emcfreq_4.266GHz/nvtx_ranges.csv,thor_measurements/combo_sweep_vla_auto_20260427_091937/cpufreq_default_gpufreq_default_emcfreq_4.266GHz/phase_metrics.csv,thor_measurements/combo_sweep_vla_auto_20260427_091937/cpufreq_default_gpufreq_default_emcfreq_4.266GHz/phase_summary.csv,thor_measurements/combo_sweep_vla_auto_20260427_091937/cpufreq_default_gpufreq_default_emcfreq_4.266GHz/telemetry_raw.csv,-1,4266000000,-1,-1,5409,3072.4858240959497,88.216,35.21593640229248,65.78840000000001,/home/Thor/Workspace/jyjeong/Isaac-GR00T/thor_measurements/combo_sweep_vla_auto_20260427_091937/summary.csv,cpufreq_default_gpufreq_default_emcfreq_4.266GHz,95.53651095934958
648000000,4266000000,-1,648000000,cpufreq_648MHz_gpufreq_default_emcfreq_4.266GHz,648000000.0,1,722.5973923041257,8.66624,6.714703164345404,8.26224,107.381143683,1,4266000000,-1,1085.5347153452483,1,35.78848,10.05993444011142,17.712,1,locked_combo,thor_measurements/combo_sweep_vla_auto_20260427_091937/cpufreq_648MHz_gpufreq_default_emcfreq_4.266GHz/nvtx_ranges.csv,thor_measurements/combo_sweep_vla_auto_20260427_091937/cpufreq_648MHz_gpufreq_default_emcfreq_4.266GHz/phase_metrics.csv,thor_measurements/combo_sweep_vla_auto_20260427_091937/cpufreq_648MHz_gpufreq_default_emcfreq_4.266GHz/phase_summary.csv,thor_measurements/combo_sweep_vla_auto_20260427_091937/cpufreq_648MHz_gpufreq_default_emcfreq_4.266GHz/telemetry_raw.csv,648000000,4266000000,-1,648000000,14360,3495.926416937324,88.374,32.342340807799445,64.6501,/home/Thor/Workspace/jyjeong/Isaac-GR00T/thor_measurements/combo_sweep_vla_auto_20260427_091937/summary.csv,cpufreq_648MHz_gpufreq_default_emcfreq_4.266GHz,111.14833667826088
972000000,4266000000,-1,972000000,cpufreq_972MHz_gpufreq_default_emcfreq_4.266GHz,972000000.0,1,623.0860352224306,9.0528,6.949547583417594,8.27232,89.660546603,1,4266000000,-1,891.279990535463,1,19.29424,9.927745254947276,17.7192,1,locked_combo,thor_measurements/combo_sweep_vla_auto_20260427_091937/cpufreq_972MHz_gpufreq_default_emcfreq_4.266GHz/nvtx_ranges.csv,thor_measurements/combo_sweep_vla_auto_20260427_091937/cpufreq_972MHz_gpufreq_default_emcfreq_4.266GHz/phase_metrics.csv,thor_measurements/combo_sweep_vla_auto_20260427_091937/cpufreq_972MHz_gpufreq_default_emcfreq_4.266GHz/phase_summary.csv,thor_measurements/combo_sweep_vla_auto_20260427_091937/cpufreq_972MHz_gpufreq_default_emcfreq_4.266GHz/telemetry_raw.csv,972000000,4266000000,-1,972000000,13846,2949.974927619088,88.288,32.66244272714141,65.713,/home/Thor/Workspace/jyjeong/Isaac-GR00T/thor_measurements/combo_sweep_vla_auto_20260427_091937/summary.csv,cpufreq_972MHz_gpufreq_default_emcfreq_4.266GHz,86.31670100900901
1242000000,4266000000,-1,1242000000,cpufreq_1.242GHz_gpufreq_default_emcfreq_4.266GHz,1242000000.0,1,883.1747062125129,9.06384,7.414289090817203,8.66272,119.021715982,1,4266000000,-1,1439.2417370409414,1,19.696,12.027045716884825,18.12032,1,locked_combo,thor_measurements/combo_sweep_vla_auto_20260427_091937/cpufreq_1.242GHz_gpufreq_default_emcfreq_4.266GHz/nvtx_ranges.csv,thor_measurements/combo_sweep_vla_auto_20260427_091937/cpufreq_1.242GHz_gpufreq_default_emcfreq_4.266GHz/phase_metrics.csv,thor_measurements/combo_sweep_vla_auto_20260427_091937/cpufreq_1.242GHz_gpufreq_default_emcfreq_4.266GHz/phase_summary.csv,thor_measurements/combo_sweep_vla_auto_20260427_091937/cpufreq_1.242GHz_gpufreq_default_emcfreq_4.266GHz/telemetry_raw.csv,1242000000,4266000000,-1,1242000000,19787,4311.065065080818,88.336,35.768122504674785,70.3648,/home/Thor/Workspace/jyjeong/Isaac-GR00T/thor_measurements/combo_sweep_vla_auto_20260427_091937/summary.csv,cpufreq_1.242GHz_gpufreq_default_emcfreq_4.266GHz,80.17589828251121
1566000000,4266000000,-1,1566000000,cpufreq_1.566GHz_gpufreq_default_emcfreq_4.266GHz,1566000000.0,1,998.2718741192136,9.45792,7.65438247788382,8.66272,130.332163451,1,4266000000,-1,1652.2746092722357,1,19.696,12.653245764587965,18.49168,1,locked_combo,thor_measurements/combo_sweep_vla_auto_20260427_091937/cpufreq_1.566GHz_gpufreq_default_emcfreq_4.266GHz/nvtx_ranges.csv,thor_measurements/combo_sweep_vla_auto_20260427_091937/cpufreq_1.566GHz_gpufreq_default_emcfreq_4.266GHz/phase_metrics.csv,thor_measurements/combo_sweep_vla_auto_20260427_091937/cpufreq_1.566GHz_gpufreq_default_emcfreq_4.266GHz/phase_summary.csv,thor_measurements/combo_sweep_vla_auto_20260427_091937/cpufreq_1.566GHz_gpufreq_default_emcfreq_4.266GHz/telemetry_raw.csv,1566000000,4266000000,-1,1566000000,22947,4850.372599054105,89.322,36.72023157711248,72.71440000000004,/home/Thor/Workspace/jyjeong/Isaac-GR00T/thor_measurements/combo_sweep_vla_auto_20260427_091937/summary.csv,cpufreq_1.566GHz_gpufreq_default_emcfreq_4.266GHz,77.17576609363296
1836000000,4266000000,-1,1836000000,cpufreq_1.836GHz_gpufreq_default_emcfreq_4.266GHz,1836000000.0,1,808.0530803271023,10.63584,7.797787880970031,9.05648,103.589412729,1,4266000000,-1,1237.0894792063805,1,20.08176,11.915497769776554,18.12032,1,locked_combo,thor_measurements/combo_sweep_vla_auto_20260427_091937/cpufreq_1.836GHz_gpufreq_default_emcfreq_4.266GHz/nvtx_ranges.csv,thor_measurements/combo_sweep_vla_auto_20260427_091937/cpufreq_1.836GHz_gpufreq_default_emcfreq_4.266GHz/phase_metrics.csv,thor_measurements/combo_sweep_vla_auto_20260427_091937/cpufreq_1.836GHz_gpufreq_default_emcfreq_4.266GHz/phase_summary.csv,thor_measurements/combo_sweep_vla_auto_20260427_091937/cpufreq_1.836GHz_gpufreq_default_emcfreq_4.266GHz/telemetry_raw.csv,1836000000,4266000000,-1,1836000000,18886,3775.271582513202,92.014,35.93340919199407,72.3775,/home/Thor/Workspace/jyjeong/Isaac-GR00T/thor_measurements/combo_sweep_vla_auto_20260427_091937/summary.csv,cpufreq_1.836GHz_gpufreq_default_emcfreq_4.266GHz,75.95701863297872
2160000000,4266000000,-1,2160000000,cpufreq_2.160GHz_gpufreq_default_emcfreq_4.266GHz,2160000000.0,1,606.4995906727376,12.21152,8.082733980361464,9.45792,74.947881775,1,4266000000,-1,807.8303678028175,1,20.08992,10.735767035719368,18.50672,1,locked_combo,thor_measurements/combo_sweep_vla_auto_20260427_091937/cpufreq_2.160GHz_gpufreq_default_emcfreq_4.266GHz/nvtx_ranges.csv,thor_measurements/combo_sweep_vla_auto_20260427_091937/cpufreq_2.160GHz_gpufreq_default_emcfreq_4.266GHz/phase_metrics.csv,thor_measurements/combo_sweep_vla_auto_20260427_091937/cpufreq_2.160GHz_gpufreq_default_emcfreq_4.266GHz/phase_summary.csv,thor_measurements/combo_sweep_vla_auto_20260427_091937/cpufreq_2.160GHz_gpufreq_default_emcfreq_4.266GHz/telemetry_raw.csv,2160000000,4266000000,-1,2160000000,14054,2639.01601295025,90.396,34.77895844599402,69.5214,/home/Thor/Workspace/jyjeong/Isaac-GR00T/thor_measurements/combo_sweep_vla_auto_20260427_091937/summary.csv,cpufreq_2.160GHz_gpufreq_default_emcfreq_4.266GHz,74.57514124074075
2430000000,4266000000,-1,2430000000,cpufreq_2.430GHz_gpufreq_default_emcfreq_4.266GHz,2430000000.0,1,635.2506823334933,12.99936,8.573699137967763,10.2336,74.025576492,1,4266000000,-1,806.9067988723917,1,20.47552,10.848776323226584,18.51424,1,locked_combo,thor_measurements/combo_sweep_vla_auto_20260427_091937/cpufreq_2.430GHz_gpufreq_default_emcfreq_4.266GHz/nvtx_ranges.csv,thor_measurements/combo_sweep_vla_auto_20260427_091937/cpufreq_2.430GHz_gpufreq_default_emcfreq_4.266GHz/phase_metrics.csv,thor_measurements/combo_sweep_vla_auto_20260427_091937/cpufreq_2.430GHz_gpufreq_default_emcfreq_4.266GHz/phase_summary.csv,thor_measurements/combo_sweep_vla_auto_20260427_091937/cpufreq_2.430GHz_gpufreq_default_emcfreq_4.266GHz/telemetry_raw.csv,2430000000,4266000000,-1,2430000000,14083,2656.2759613518474,90.546,35.34430888305049,71.74559999999997,/home/Thor/Workspace/jyjeong/Isaac-GR00T/thor_measurements/combo_sweep_vla_auto_20260427_091937/summary.csv,cpufreq_2.430GHz_gpufreq_default_emcfreq_4.266GHz,72.90344489908257
2601000000,4266000000,-1,2601000000,cpufreq_2.601GHz_gpufreq_default_emcfreq_4.266GHz,2601000000.0,1,1200.6259428127476,14.17536,9.505496680851063,10.63152,126.267510531,1,4266000000,-1,1696.2226275473713,1,20.47552,13.402111679214403,18.8928,1,locked_combo,thor_measurements/combo_sweep_vla_auto_20260427_091937/cpufreq_2.601GHz_gpufreq_default_emcfreq_4.266GHz/nvtx_ranges.csv,thor_measurements/combo_sweep_vla_auto_20260427_091937/cpufreq_2.601GHz_gpufreq_default_emcfreq_4.266GHz/phase_metrics.csv,thor_measurements/combo_sweep_vla_auto_20260427_091937/cpufreq_2.601GHz_gpufreq_default_emcfreq_4.266GHz/phase_summary.csv,thor_measurements/combo_sweep_vla_auto_20260427_091937/cpufreq_2.601GHz_gpufreq_default_emcfreq_4.266GHz/telemetry_raw.csv,2601000000,4266000000,-1,2601000000,24440,5081.610687213111,91.166,39.51337757774141,77.73010000000001,/home/Thor/Workspace/jyjeong/Isaac-GR00T/thor_measurements/combo_sweep_vla_auto_20260427_091937/summary.csv,cpufreq_2.601GHz_gpufreq_default_emcfreq_4.266GHz,72.96244958041957
-1,-1,504000000,-1,cpufreq_default_gpufreq_504MHz_emcfreq_default,337737494.64506215,1,770.8725255202876,11.03424,8.384875554771565,9.45792,91.888232024,1,-1,504000000,829.1677611423095,1,20.08992,8.788385958722879,13.38784,1,locked_combo,thor_measurements/combo_sweep_vla_auto_20260427_091937/cpufreq_default_gpufreq_504MHz_emcfreq_default/nvtx_ranges.csv,thor_measurements/combo_sweep_vla_auto_20260427_091937/cpufreq_default_gpufreq_504MHz_emcfreq_default/phase_metrics.csv,thor_measurements/combo_sweep_vla_auto_20260427_091937/cpufreq_default_gpufreq_504MHz_emcfreq_default/phase_summary.csv,thor_measurements/combo_sweep_vla_auto_20260427_091937/cpufreq_default_gpufreq_504MHz_emcfreq_default/telemetry_raw.csv,-1,-1,504000000,-1,5669,3081.8201654966033,75.232,33.595368142529544,52.01760000000002,/home/Thor/Workspace/jyjeong/Isaac-GR00T/thor_measurements/combo_sweep_vla_auto_20260427_091937/summary.csv,cpufreq_default_gpufreq_504MHz_emcfreq_default,135.3357123873874
648000000,-1,504000000,648000000,cpufreq_648MHz_gpufreq_504MHz_emcfreq_default,648000000.0,1,1211.2552799779817,9.844,8.128246885759,9.45024,149.302910162,1,-1,504000000,1383.086273308121,1,20.08992,9.307992543035994,13.781599999999996,1,locked_combo,thor_measurements/combo_sweep_vla_auto_20260427_091937/cpufreq_648MHz_gpufreq_504MHz_emcfreq_default/nvtx_ranges.csv,thor_measurements/combo_sweep_vla_auto_20260427_091937/cpufreq_648MHz_gpufreq_504MHz_emcfreq_default/phase_metrics.csv,thor_measurements/combo_sweep_vla_auto_20260427_091937/cpufreq_648MHz_gpufreq_504MHz_emcfreq_default/phase_summary.csv,thor_measurements/combo_sweep_vla_auto_20260427_091937/cpufreq_648MHz_gpufreq_504MHz_emcfreq_default/telemetry_raw.csv,648000000,-1,504000000,648000000,20448,4986.090317466613,75.122,33.39731768388106,51.888,/home/Thor/Workspace/jyjeong/Isaac-GR00T/thor_measurements/combo_sweep_vla_auto_20260427_091937/summary.csv,cpufreq_648MHz_gpufreq_504MHz_emcfreq_default,130.74906155497382
972000000,-1,504000000,972000000,cpufreq_972MHz_gpufreq_504MHz_emcfreq_default,972000000.0,1,1087.4227677056692,10.24608,8.27508727789893,9.45024,131.33749655,1,-1,504000000,1243.971020470002,1,20.08992,9.432340874182232,14.175359999999998,1,locked_combo,thor_measurements/combo_sweep_vla_auto_20260427_091937/cpufreq_972MHz_gpufreq_504MHz_emcfreq_default/nvtx_ranges.csv,thor_measurements/combo_sweep_vla_auto_20260427_091937/cpufreq_972MHz_gpufreq_504MHz_emcfreq_default/phase_metrics.csv,thor_measurements/combo_sweep_vla_auto_20260427_091937/cpufreq_972MHz_gpufreq_504MHz_emcfreq_default/phase_summary.csv,thor_measurements/combo_sweep_vla_auto_20260427_091937/cpufreq_972MHz_gpufreq_504MHz_emcfreq_default/telemetry_raw.csv,972000000,-1,504000000,972000000,21094,4468.151827086886,75.306,33.848832559021524,54.44839999999997,/home/Thor/Workspace/jyjeong/Isaac-GR00T/thor_measurements/combo_sweep_vla_auto_20260427_091937/summary.csv,cpufreq_972MHz_gpufreq_504MHz_emcfreq_default,120.90945330729166
1242000000,-1,504000000,1242000000,cpufreq_1.242GHz_gpufreq_504MHz_emcfreq_default,1242000000.0,1,1323.793039740202,10.64016,8.611258229077194,9.84,153.662457798,1,-1,504000000,1576.5252218185524,1,20.08992,10.2347205258244,14.17536,1,locked_combo,thor_measurements/combo_sweep_vla_auto_20260427_091937/cpufreq_1.242GHz_gpufreq_504MHz_emcfreq_default/nvtx_ranges.csv,thor_measurements/combo_sweep_vla_auto_20260427_091937/cpufreq_1.242GHz_gpufreq_504MHz_emcfreq_default/phase_metrics.csv,thor_measurements/combo_sweep_vla_auto_20260427_091937/cpufreq_1.242GHz_gpufreq_504MHz_emcfreq_default/phase_summary.csv,thor_measurements/combo_sweep_vla_auto_20260427_091937/cpufreq_1.242GHz_gpufreq_504MHz_emcfreq_default/telemetry_raw.csv,1242000000,-1,504000000,1242000000,26777,5446.11787834242,75.606,35.2153666952982,55.69800000000001,/home/Thor/Workspace/jyjeong/Isaac-GR00T/thor_measurements/combo_sweep_vla_auto_20260427_091937/summary.csv,cpufreq_1.242GHz_gpufreq_504MHz_emcfreq_default,117.30358090977442
1566000000,-1,504000000,1566000000,cpufreq_1.566GHz_gpufreq_504MHz_emcfreq_default,1566000000.0,1,731.9657661464767,11.03424,8.379828154347958,9.844,87.35792443,1,-1,504000000,779.673038487705,1,20.08992,8.897487589390115,14.17536,1,locked_combo,thor_measurements/combo_sweep_vla_auto_20260427_091937/cpufreq_1.566GHz_gpufreq_504MHz_emcfreq_default/nvtx_ranges.csv,thor_measurements/combo_sweep_vla_auto_20260427_091937/cpufreq_1.566GHz_gpufreq_504MHz_emcfreq_default/phase_metrics.csv,thor_measurements/combo_sweep_vla_auto_20260427_091937/cpufreq_1.566GHz_gpufreq_504MHz_emcfreq_default/phase_summary.csv,thor_measurements/combo_sweep_vla_auto_20260427_091937/cpufreq_1.566GHz_gpufreq_504MHz_emcfreq_default/telemetry_raw.csv,1566000000,-1,504000000,1566000000,16249,2908.6178270098153,75.258,33.08608603606376,54.7248,/home/Thor/Workspace/jyjeong/Isaac-GR00T/thor_measurements/combo_sweep_vla_auto_20260427_091937/summary.csv,cpufreq_1.566GHz_gpufreq_504MHz_emcfreq_default,116.34343266055046
1836000000,-1,504000000,1836000000,cpufreq_1.836GHz_gpufreq_504MHz_emcfreq_default,1836000000.0,1,754.1236489222406,11.8224,8.692199889303334,10.2336,86.72768393,1,-1,504000000,786.0910672706224,1,20.08992,9.025646733245097,14.17536,1,locked_combo,thor_measurements/combo_sweep_vla_auto_20260427_091937/cpufreq_1.836GHz_gpufreq_504MHz_emcfreq_default/nvtx_ranges.csv,thor_measurements/combo_sweep_vla_auto_20260427_091937/cpufreq_1.836GHz_gpufreq_504MHz_emcfreq_default/phase_metrics.csv,thor_measurements/combo_sweep_vla_auto_20260427_091937/cpufreq_1.836GHz_gpufreq_504MHz_emcfreq_default/phase_summary.csv,thor_measurements/combo_sweep_vla_auto_20260427_091937/cpufreq_1.836GHz_gpufreq_504MHz_emcfreq_default/telemetry_raw.csv,1836000000,-1,504000000,1836000000,16622,2935.076573273738,76.194,33.601229695584166,55.2778,/home/Thor/Workspace/jyjeong/Isaac-GR00T/thor_measurements/combo_sweep_vla_auto_20260427_091937/summary.csv,cpufreq_1.836GHz_gpufreq_504MHz_emcfreq_default,114.70292504504505
2160000000,-1,504000000,2160000000,cpufreq_2.160GHz_gpufreq_504MHz_emcfreq_default,2160000000.0,1,1068.5977579589592,12.99936,9.470062872794216,10.63152,112.885515597,1,-1,504000000,1144.8817612014398,1,20.08992,10.131977822280096,14.5632,1,locked_combo,thor_measurements/combo_sweep_vla_auto_20260427_091937/cpufreq_2.160GHz_gpufreq_504MHz_emcfreq_default/nvtx_ranges.csv,thor_measurements/combo_sweep_vla_auto_20260427_091937/cpufreq_2.160GHz_gpufreq_504MHz_emcfreq_default/phase_metrics.csv,thor_measurements/combo_sweep_vla_auto_20260427_091937/cpufreq_2.160GHz_gpufreq_504MHz_emcfreq_default/phase_summary.csv,thor_measurements/combo_sweep_vla_auto_20260427_091937/cpufreq_2.160GHz_gpufreq_504MHz_emcfreq_default/telemetry_raw.csv,2160000000,-1,504000000,2160000000,22271,4083.8199057479455,76.892,35.91873584482062,57.05,/home/Thor/Workspace/jyjeong/Isaac-GR00T/thor_measurements/combo_sweep_vla_auto_20260427_091937/summary.csv,cpufreq_2.160GHz_gpufreq_504MHz_emcfreq_default,114.20632225668449
2430000000,-1,504000000,2430000000,cpufreq_2.430GHz_gpufreq_504MHz_emcfreq_default,2430000000.0,1,1117.067066258661,14.57504,9.993644473049075,11.02528,111.758453474,1,-1,504000000,1148.9960880069818,1,20.08992,10.212647694645572,14.563199999999998,1,locked_combo,thor_measurements/combo_sweep_vla_auto_20260427_091937/cpufreq_2.430GHz_gpufreq_504MHz_emcfreq_default/nvtx_ranges.csv,thor_measurements/combo_sweep_vla_auto_20260427_091937/cpufreq_2.430GHz_gpufreq_504MHz_emcfreq_default/phase_metrics.csv,thor_measurements/combo_sweep_vla_auto_20260427_091937/cpufreq_2.430GHz_gpufreq_504MHz_emcfreq_default/phase_summary.csv,thor_measurements/combo_sweep_vla_auto_20260427_091937/cpufreq_2.430GHz_gpufreq_504MHz_emcfreq_default/telemetry_raw.csv,2430000000,-1,504000000,2430000000,22374,4126.90635114627,77.186,36.61523750782158,57.896799999999985,/home/Thor/Workspace/jyjeong/Isaac-GR00T/thor_measurements/combo_sweep_vla_auto_20260427_091937/summary.csv,cpufreq_2.430GHz_gpufreq_504MHz_emcfreq_default,113.35885306842106
2601000000,-1,504000000,2601000000,cpufreq_2.601GHz_gpufreq_504MHz_emcfreq_default,2601000000.0,1,829.5540896510372,15.7504,10.177004202942792,11.808,81.537617663,1,-1,504000000,763.1007257009521,1,20.08992,9.31528960742414,14.5632,1,locked_combo,thor_measurements/combo_sweep_vla_auto_20260427_091937/cpufreq_2.601GHz_gpufreq_504MHz_emcfreq_default/nvtx_ranges.csv,thor_measurements/combo_sweep_vla_auto_20260427_091937/cpufreq_2.601GHz_gpufreq_504MHz_emcfreq_default/phase_metrics.csv,thor_measurements/combo_sweep_vla_auto_20260427_091937/cpufreq_2.601GHz_gpufreq_504MHz_emcfreq_default/phase_summary.csv,thor_measurements/combo_sweep_vla_auto_20260427_091937/cpufreq_2.601GHz_gpufreq_504MHz_emcfreq_default/telemetry_raw.csv,2601000000,-1,504000000,2601000000,16379,2921.688238588974,77.872,35.551199218511506,57.512800000000006,/home/Thor/Workspace/jyjeong/Isaac-GR00T/thor_measurements/combo_sweep_vla_auto_20260427_091937/summary.csv,cpufreq_2.601GHz_gpufreq_504MHz_emcfreq_default,113.1199935135135
-1,665600000,504000000,-1,cpufreq_default_gpufreq_504MHz_emcfreq_665MHz,325559493.3625624,1,1154.8990250062593,9.46176,8.108824984370559,9.06384,142.415931893,1,665600000,504000000,1237.15794545248,1,20.08176,8.376090161977835,11.03424,1,locked_combo,thor_measurements/combo_sweep_vla_auto_20260427_091937/cpufreq_default_gpufreq_504MHz_emcfreq_665MHz/nvtx_ranges.csv,thor_measurements/combo_sweep_vla_auto_20260427_091937/cpufreq_default_gpufreq_504MHz_emcfreq_665MHz/phase_metrics.csv,thor_measurements/combo_sweep_vla_auto_20260427_091937/cpufreq_default_gpufreq_504MHz_emcfreq_665MHz/phase_summary.csv,thor_measurements/combo_sweep_vla_auto_20260427_091937/cpufreq_default_gpufreq_504MHz_emcfreq_665MHz/telemetry_raw.csv,-1,665600000,504000000,-1,7038,4618.844047852671,48.86,32.06393805058256,43.2135,/home/Thor/Workspace/jyjeong/Isaac-GR00T/thor_measurements/combo_sweep_vla_auto_20260427_091937/summary.csv,cpufreq_default_gpufreq_504MHz_emcfreq_665MHz,262.4224768602941
648000000,665600000,504000000,648000000,cpufreq_648MHz_gpufreq_504MHz_emcfreq_665MHz,648000000.0,1,1126.8618022520377,9.06384,7.630270849918052,8.66976,146.28972026,1,665600000,504000000,1159.6640495328922,1,20.08992,7.658936146101615,11.03424,1,locked_combo,thor_measurements/combo_sweep_vla_auto_20260427_091937/cpufreq_648MHz_gpufreq_504MHz_emcfreq_665MHz/nvtx_ranges.csv,thor_measurements/combo_sweep_vla_auto_20260427_091937/cpufreq_648MHz_gpufreq_504MHz_emcfreq_665MHz/phase_metrics.csv,thor_measurements/combo_sweep_vla_auto_20260427_091937/cpufreq_648MHz_gpufreq_504MHz_emcfreq_665MHz/phase_summary.csv,thor_measurements/combo_sweep_vla_auto_20260427_091937/cpufreq_648MHz_gpufreq_504MHz_emcfreq_665MHz/telemetry_raw.csv,648000000,665600000,504000000,648000000,17084,4518.267821264033,47.536,30.081949660501053,42.304,/home/Thor/Workspace/jyjeong/Isaac-GR00T/thor_measurements/combo_sweep_vla_auto_20260427_091937/summary.csv,cpufreq_648MHz_gpufreq_504MHz_emcfreq_665MHz,254.70102067567566
972000000,665600000,504000000,972000000,cpufreq_972MHz_gpufreq_504MHz_emcfreq_665MHz,972000000.0,1,1461.4466011546144,9.45792,7.971508015564202,8.66976,181.488750576,1,665600000,504000000,1586.683695304798,1,20.08992,8.402837029267467,11.42832,1,locked_combo,thor_measurements/combo_sweep_vla_auto_20260427_091937/cpufreq_972MHz_gpufreq_504MHz_emcfreq_665MHz/nvtx_ranges.csv,thor_measurements/combo_sweep_vla_auto_20260427_091937/cpufreq_972MHz_gpufreq_504MHz_emcfreq_665MHz/phase_metrics.csv,thor_measurements/combo_sweep_vla_auto_20260427_091937/cpufreq_972MHz_gpufreq_504MHz_emcfreq_665MHz/phase_summary.csv,thor_measurements/combo_sweep_vla_auto_20260427_091937/cpufreq_972MHz_gpufreq_504MHz_emcfreq_665MHz/telemetry_raw.csv,972000000,665600000,504000000,972000000,23644,5893.143988997328,47.74,31.3825198781932,43.3217,/home/Thor/Workspace/jyjeong/Isaac-GR00T/thor_measurements/combo_sweep_vla_auto_20260427_091937/summary.csv,cpufreq_972MHz_gpufreq_504MHz_emcfreq_665MHz,244.6709413108808
1242000000,665600000,504000000,1242000000,cpufreq_1.242GHz_gpufreq_504MHz_emcfreq_665MHz,1242000000.0,1,993.1080927515086,9.852,8.047653598627788,9.06384,122.263383884,1,665600000,504000000,997.547640710479,1,20.08992,7.826943652372784,11.42832,1,locked_combo,thor_measurements/combo_sweep_vla_auto_20260427_091937/cpufreq_1.242GHz_gpufreq_504MHz_emcfreq_665MHz/nvtx_ranges.csv,thor_measurements/combo_sweep_vla_auto_20260427_091937/cpufreq_1.242GHz_gpufreq_504MHz_emcfreq_665MHz/phase_metrics.csv,thor_measurements/combo_sweep_vla_auto_20260427_091937/cpufreq_1.242GHz_gpufreq_504MHz_emcfreq_665MHz/phase_summary.csv,thor_measurements/combo_sweep_vla_auto_20260427_091937/cpufreq_1.242GHz_gpufreq_504MHz_emcfreq_665MHz/telemetry_raw.csv,1242000000,665600000,504000000,1242000000,17490,3889.552837497096,48.352,30.754163865065753,43.2011,/home/Thor/Workspace/jyjeong/Isaac-GR00T/thor_measurements/combo_sweep_vla_auto_20260427_091937/summary.csv,cpufreq_1.242GHz_gpufreq_504MHz_emcfreq_665MHz,244.81403909345792
1566000000,665600000,504000000,1566000000,cpufreq_1.566GHz_gpufreq_504MHz_emcfreq_665MHz,1566000000.0,1,1008.6423191744908,10.24608,8.152109719024498,9.06384,122.493374454,1,665600000,504000000,1035.1702551438718,1,20.08992,8.122616862894866,11.42832,1,locked_combo,thor_measurements/combo_sweep_vla_auto_20260427_091937/cpufreq_1.566GHz_gpufreq_504MHz_emcfreq_665MHz/nvtx_ranges.csv,thor_measurements/combo_sweep_vla_auto_20260427_091937/cpufreq_1.566GHz_gpufreq_504MHz_emcfreq_665MHz/phase_metrics.csv,thor_measurements/combo_sweep_vla_auto_20260427_091937/cpufreq_1.566GHz_gpufreq_504MHz_emcfreq_665MHz/phase_summary.csv,thor_measurements/combo_sweep_vla_auto_20260427_091937/cpufreq_1.566GHz_gpufreq_504MHz_emcfreq_665MHz/telemetry_raw.csv,1566000000,665600000,504000000,1566000000,18329,3952.062935057733,48.432,31.15530579955262,43.48519999999999,/home/Thor/Workspace/jyjeong/Isaac-GR00T/thor_measurements/combo_sweep_vla_auto_20260427_091937/summary.csv,cpufreq_1.566GHz_gpufreq_504MHz_emcfreq_665MHz,240.5915592241379
1836000000,665600000,504000000,1836000000,cpufreq_1.836GHz_gpufreq_504MHz_emcfreq_665MHz,1836000000.0,1,1586.548297964973,11.03424,8.6354666943651,9.45408,182.08161949,1,665600000,504000000,1692.2861141267151,1,20.08992,8.981020208480173,11.42832,1,locked_combo,thor_measurements/combo_sweep_vla_auto_20260427_091937/cpufreq_1.836GHz_gpufreq_504MHz_emcfreq_665MHz/nvtx_ranges.csv,thor_measurements/combo_sweep_vla_auto_20260427_091937/cpufreq_1.836GHz_gpufreq_504MHz_emcfreq_665MHz/phase_metrics.csv,thor_measurements/combo_sweep_vla_auto_20260427_091937/cpufreq_1.836GHz_gpufreq_504MHz_emcfreq_665MHz/phase_summary.csv,thor_measurements/combo_sweep_vla_auto_20260427_091937/cpufreq_1.836GHz_gpufreq_504MHz_emcfreq_665MHz/telemetry_raw.csv,1836000000,665600000,504000000,1836000000,26957,6176.89045230552,49.06,32.67491271283897,44.9624,/home/Thor/Workspace/jyjeong/Isaac-GR00T/thor_measurements/combo_sweep_vla_auto_20260427_091937/summary.csv,cpufreq_1.836GHz_gpufreq_504MHz_emcfreq_665MHz,239.57776517351598
2160000000,665600000,504000000,2160000000,cpufreq_2.160GHz_gpufreq_504MHz_emcfreq_665MHz,2160000000.0,1,1025.620729859131,11.8224,8.967372840615521,9.848,113.307227636,1,665600000,504000000,968.739569397868,1,20.08992,8.209532831629787,11.42832,1,locked_combo,thor_measurements/combo_sweep_vla_auto_20260427_091937/cpufreq_2.160GHz_gpufreq_504MHz_emcfreq_665MHz/nvtx_ranges.csv,thor_measurements/combo_sweep_vla_auto_20260427_091937/cpufreq_2.160GHz_gpufreq_504MHz_emcfreq_665MHz/phase_metrics.csv,thor_measurements/combo_sweep_vla_auto_20260427_091937/cpufreq_2.160GHz_gpufreq_504MHz_emcfreq_665MHz/phase_summary.csv,thor_measurements/combo_sweep_vla_auto_20260427_091937/cpufreq_2.160GHz_gpufreq_504MHz_emcfreq_665MHz/telemetry_raw.csv,2160000000,665600000,504000000,2160000000,17806,3765.449510844056,49.538,32.056861844322135,44.340500000000006,/home/Thor/Workspace/jyjeong/Isaac-GR00T/thor_measurements/combo_sweep_vla_auto_20260427_091937/summary.csv,cpufreq_2.160GHz_gpufreq_504MHz_emcfreq_665MHz,238.6895243119266
2430000000,665600000,504000000,2430000000,cpufreq_2.430GHz_gpufreq_504MHz_emcfreq_665MHz,2430000000.0,1,1541.823698431804,13.00464,9.597654203343296,10.24192,159.305661422,1,665600000,504000000,1478.0372365861183,1,20.08176,8.966053124444803,11.42368,1,locked_combo,thor_measurements/combo_sweep_vla_auto_20260427_091937/cpufreq_2.430GHz_gpufreq_504MHz_emcfreq_665MHz/nvtx_ranges.csv,thor_measurements/combo_sweep_vla_auto_20260427_091937/cpufreq_2.430GHz_gpufreq_504MHz_emcfreq_665MHz/phase_metrics.csv,thor_measurements/combo_sweep_vla_auto_20260427_091937/cpufreq_2.430GHz_gpufreq_504MHz_emcfreq_665MHz/phase_summary.csv,thor_measurements/combo_sweep_vla_auto_20260427_091937/cpufreq_2.430GHz_gpufreq_504MHz_emcfreq_665MHz/telemetry_raw.csv,2430000000,665600000,504000000,2430000000,24766,5559.345126883517,50.552,33.643658321892914,46.0595,/home/Thor/Workspace/jyjeong/Isaac-GR00T/thor_measurements/combo_sweep_vla_auto_20260427_091937/summary.csv,cpufreq_2.430GHz_gpufreq_504MHz_emcfreq_665MHz,237.76458881481483
2601000000,665600000,504000000,2601000000,cpufreq_2.601GHz_gpufreq_504MHz_emcfreq_665MHz,2601000000.0,1,1116.234857507155,14.18112,9.894938348280606,10.64016,111.859423093,1,665600000,504000000,967.7200438481852,1,20.08176,8.34333276258597,11.42368,1,locked_combo,thor_measurements/combo_sweep_vla_auto_20260427_091937/cpufreq_2.601GHz_gpufreq_504MHz_emcfreq_665MHz/nvtx_ranges.csv,thor_measurements/combo_sweep_vla_auto_20260427_091937/cpufreq_2.601GHz_gpufreq_504MHz_emcfreq_665MHz/phase_metrics.csv,thor_measurements/combo_sweep_vla_auto_20260427_091937/cpufreq_2.601GHz_gpufreq_504MHz_emcfreq_665MHz/phase_summary.csv,thor_measurements/combo_sweep_vla_auto_20260427_091937/cpufreq_2.601GHz_gpufreq_504MHz_emcfreq_665MHz/telemetry_raw.csv,2601000000,665600000,504000000,2601000000,18175,3841.652623931702,51.904,33.182489023383766,45.380399999999995,/home/Thor/Workspace/jyjeong/Isaac-GR00T/thor_measurements/combo_sweep_vla_auto_20260427_091937/summary.csv,cpufreq_2.601GHz_gpufreq_504MHz_emcfreq_665MHz,239.91960495412843
-1,2750000000,504000000,-1,cpufreq_default_gpufreq_504MHz_emcfreq_2.750GHz,314102684.4829662,1,1120.2601539763132,10.24608,8.53539975442398,9.46176,131.771185674,1,2750000000,504000000,1271.3176222920156,1,20.08176,9.468160905260625,13.38784,1,locked_combo,thor_measurements/combo_sweep_vla_auto_20260427_091937/cpufreq_default_gpufreq_504MHz_emcfreq_2.750GHz/nvtx_ranges.csv,thor_measurements/combo_sweep_vla_auto_20260427_091937/cpufreq_default_gpufreq_504MHz_emcfreq_2.750GHz/phase_metrics.csv,thor_measurements/combo_sweep_vla_auto_20260427_091937/cpufreq_default_gpufreq_504MHz_emcfreq_2.750GHz/phase_summary.csv,thor_measurements/combo_sweep_vla_auto_20260427_091937/cpufreq_default_gpufreq_504MHz_emcfreq_2.750GHz/telemetry_raw.csv,-1,2750000000,504000000,-1,8307,4533.535514489329,75.478,34.932776453593355,53.18879999999999,/home/Thor/Workspace/jyjeong/Isaac-GR00T/thor_measurements/combo_sweep_vla_auto_20260427_091937/summary.csv,cpufreq_default_gpufreq_504MHz_emcfreq_2.750GHz,135.14858354736842
648000000,2750000000,504000000,648000000,cpufreq_648MHz_gpufreq_504MHz_emcfreq_2.750GHz,648000000.0,1,904.6426598890212,9.844,7.985189351263852,9.4464,113.045780915,1,2750000000,504000000,899.8573532482712,1,20.08992,7.878080508031379,13.7816,1,locked_combo,thor_measurements/combo_sweep_vla_auto_20260427_091937/cpufreq_648MHz_gpufreq_504MHz_emcfreq_2.750GHz/nvtx_ranges.csv,thor_measurements/combo_sweep_vla_auto_20260427_091937/cpufreq_648MHz_gpufreq_504MHz_emcfreq_2.750GHz/phase_metrics.csv,thor_measurements/combo_sweep_vla_auto_20260427_091937/cpufreq_648MHz_gpufreq_504MHz_emcfreq_2.750GHz/phase_summary.csv,thor_measurements/combo_sweep_vla_auto_20260427_091937/cpufreq_648MHz_gpufreq_504MHz_emcfreq_2.750GHz/telemetry_raw.csv,648000000,2750000000,504000000,648000000,16062,3564.735450907552,74.78,31.339523969617733,51.0719,/home/Thor/Workspace/jyjeong/Isaac-GR00T/thor_measurements/combo_sweep_vla_auto_20260427_091937/summary.csv,cpufreq_648MHz_gpufreq_504MHz_emcfreq_2.750GHz,131.0752942477064
972000000,2750000000,504000000,972000000,cpufreq_972MHz_gpufreq_504MHz_emcfreq_2.750GHz,972000000.0,1,802.4434646756408,10.24608,8.192251824559262,9.45024,97.723222081,1,2750000000,504000000,831.65563604983,1,20.08992,8.425542756054414,14.169600000000004,1,locked_combo,thor_measurements/combo_sweep_vla_auto_20260427_091937/cpufreq_972MHz_gpufreq_504MHz_emcfreq_2.750GHz/nvtx_ranges.csv,thor_measurements/combo_sweep_vla_auto_20260427_091937/cpufreq_972MHz_gpufreq_504MHz_emcfreq_2.750GHz/phase_metrics.csv,thor_measurements/combo_sweep_vla_auto_20260427_091937/cpufreq_972MHz_gpufreq_504MHz_emcfreq_2.750GHz/phase_summary.csv,thor_measurements/combo_sweep_vla_auto_20260427_091937/cpufreq_972MHz_gpufreq_504MHz_emcfreq_2.750GHz/telemetry_raw.csv,972000000,2750000000,504000000,972000000,16393,3179.5416782651705,74.644,32.278589641920334,52.686,/home/Thor/Workspace/jyjeong/Isaac-GR00T/thor_measurements/combo_sweep_vla_auto_20260427_091937/summary.csv,cpufreq_972MHz_gpufreq_504MHz_emcfreq_2.750GHz,121.13127466972477
1242000000,2750000000,504000000,1242000000,cpufreq_1.242GHz_gpufreq_504MHz_emcfreq_2.750GHz,1242000000.0,1,1040.57342777526,10.64016,8.6406570155902,9.84,120.264673857,1,2750000000,504000000,1186.8745953191085,1,20.08992,9.823320579064587,14.5632,1,locked_combo,thor_measurements/combo_sweep_vla_auto_20260427_091937/cpufreq_1.242GHz_gpufreq_504MHz_emcfreq_2.750GHz/nvtx_ranges.csv,thor_measurements/combo_sweep_vla_auto_20260427_091937/cpufreq_1.242GHz_gpufreq_504MHz_emcfreq_2.750GHz/phase_metrics.csv,thor_measurements/combo_sweep_vla_auto_20260427_091937/cpufreq_1.242GHz_gpufreq_504MHz_emcfreq_2.750GHz/phase_summary.csv,thor_measurements/combo_sweep_vla_auto_20260427_091937/cpufreq_1.242GHz_gpufreq_504MHz_emcfreq_2.750GHz/telemetry_raw.csv,1242000000,2750000000,504000000,1242000000,21552,4195.132213062072,75.716,34.64017566815145,55.492,/home/Thor/Workspace/jyjeong/Isaac-GR00T/thor_measurements/combo_sweep_vla_auto_20260427_091937/summary.csv,cpufreq_1.242GHz_gpufreq_504MHz_emcfreq_2.750GHz,117.2523674631579
1566000000,2750000000,504000000,1566000000,cpufreq_1.566GHz_gpufreq_504MHz_emcfreq_2.750GHz,1566000000.0,1,1015.1802678299332,11.03424,8.790809664989347,9.844,115.237851115,1,2750000000,504000000,1157.42711376325,1,20.08992,9.97180896323496,14.5632,1,locked_combo,thor_measurements/combo_sweep_vla_auto_20260427_091937/cpufreq_1.566GHz_gpufreq_504MHz_emcfreq_2.750GHz/nvtx_ranges.csv,thor_measurements/combo_sweep_vla_auto_20260427_091937/cpufreq_1.566GHz_gpufreq_504MHz_emcfreq_2.750GHz/phase_metrics.csv,thor_measurements/combo_sweep_vla_auto_20260427_091937/cpufreq_1.566GHz_gpufreq_504MHz_emcfreq_2.750GHz/phase_summary.csv,thor_measurements/combo_sweep_vla_auto_20260427_091937/cpufreq_1.566GHz_gpufreq_504MHz_emcfreq_2.750GHz/telemetry_raw.csv,1566000000,2750000000,504000000,1566000000,22059,4064.126472926815,75.448,34.94872061290176,55.6482,/home/Thor/Workspace/jyjeong/Isaac-GR00T/thor_measurements/combo_sweep_vla_auto_20260427_091937/summary.csv,cpufreq_1.566GHz_gpufreq_504MHz_emcfreq_2.750GHz,115.93598568983957
1836000000,2750000000,504000000,1836000000,cpufreq_1.836GHz_gpufreq_504MHz_emcfreq_2.750GHz,1836000000.0,1,791.4487771511297,11.8224,8.922258149769718,10.2336,88.592392512,1,2750000000,504000000,827.6951930332209,1,20.08992,9.265855124808098,14.17536,1,locked_combo,thor_measurements/combo_sweep_vla_auto_20260427_091937/cpufreq_1.836GHz_gpufreq_504MHz_emcfreq_2.750GHz/nvtx_ranges.csv,thor_measurements/combo_sweep_vla_auto_20260427_091937/cpufreq_1.836GHz_gpufreq_504MHz_emcfreq_2.750GHz/phase_metrics.csv,thor_measurements/combo_sweep_vla_auto_20260427_091937/cpufreq_1.836GHz_gpufreq_504MHz_emcfreq_2.750GHz/phase_summary.csv,thor_measurements/combo_sweep_vla_auto_20260427_091937/cpufreq_1.836GHz_gpufreq_504MHz_emcfreq_2.750GHz/telemetry_raw.csv,1836000000,2750000000,504000000,1836000000,17587,3050.8422128749307,75.57,34.11756729402399,55.42540000000001,/home/Thor/Workspace/jyjeong/Isaac-GR00T/thor_measurements/combo_sweep_vla_auto_20260427_091937/summary.csv,cpufreq_1.836GHz_gpufreq_504MHz_emcfreq_2.750GHz,115.48618443333334
2160000000,2750000000,504000000,2160000000,cpufreq_2.160GHz_gpufreq_504MHz_emcfreq_2.750GHz,2160000000.0,1,785.7814696111764,13.39328,9.417309292191732,10.63152,83.318285607,1,2750000000,504000000,783.3947129949404,1,20.08992,9.39133542810034,14.5632,1,locked_combo,thor_measurements/combo_sweep_vla_auto_20260427_091937/cpufreq_2.160GHz_gpufreq_504MHz_emcfreq_2.750GHz/nvtx_ranges.csv,thor_measurements/combo_sweep_vla_auto_20260427_091937/cpufreq_2.160GHz_gpufreq_504MHz_emcfreq_2.750GHz/phase_metrics.csv,thor_measurements/combo_sweep_vla_auto_20260427_091937/cpufreq_2.160GHz_gpufreq_504MHz_emcfreq_2.750GHz/phase_summary.csv,thor_measurements/combo_sweep_vla_auto_20260427_091937/cpufreq_2.160GHz_gpufreq_504MHz_emcfreq_2.750GHz/telemetry_raw.csv,2160000000,2750000000,504000000,2160000000,16982,2918.71203263735,76.71,34.783016488046165,56.076,/home/Thor/Workspace/jyjeong/Isaac-GR00T/thor_measurements/combo_sweep_vla_auto_20260427_091937/summary.csv,cpufreq_2.160GHz_gpufreq_504MHz_emcfreq_2.750GHz,114.0887132920354
2430000000,2750000000,504000000,2430000000,cpufreq_2.430GHz_gpufreq_504MHz_emcfreq_2.750GHz,2430000000.0,1,1122.9363663786269,14.57504,10.103043429700588,11.02528,110.990002851,1,2750000000,504000000,1143.088737725393,1,20.08176,10.247593968813092,14.17536,1,locked_combo,thor_measurements/combo_sweep_vla_auto_20260427_091937/cpufreq_2.430GHz_gpufreq_504MHz_emcfreq_2.750GHz/nvtx_ranges.csv,thor_measurements/combo_sweep_vla_auto_20260427_091937/cpufreq_2.430GHz_gpufreq_504MHz_emcfreq_2.750GHz/phase_metrics.csv,thor_measurements/combo_sweep_vla_auto_20260427_091937/cpufreq_2.430GHz_gpufreq_504MHz_emcfreq_2.750GHz/phase_summary.csv,thor_measurements/combo_sweep_vla_auto_20260427_091937/cpufreq_2.430GHz_gpufreq_504MHz_emcfreq_2.750GHz/telemetry_raw.csv,2430000000,2750000000,504000000,2430000000,23279,4110.5125432902105,77.938,36.68191967008893,57.62079999999999,/home/Thor/Workspace/jyjeong/Isaac-GR00T/thor_measurements/combo_sweep_vla_auto_20260427_091937/summary.csv,cpufreq_2.430GHz_gpufreq_504MHz_emcfreq_2.750GHz,113.98631948663102
2601000000,2750000000,504000000,2601000000,cpufreq_2.601GHz_gpufreq_504MHz_emcfreq_2.750GHz,2601000000.0,1,805.1257672074092,15.7504,10.43410253411306,11.808,77.014259423,1,2750000000,504000000,738.7012576379346,1,20.08176,9.527703791423002,14.5632,1,locked_combo,thor_measurements/combo_sweep_vla_auto_20260427_091937/cpufreq_2.601GHz_gpufreq_504MHz_emcfreq_2.750GHz/nvtx_ranges.csv,thor_measurements/combo_sweep_vla_auto_20260427_091937/cpufreq_2.601GHz_gpufreq_504MHz_emcfreq_2.750GHz/phase_metrics.csv,thor_measurements/combo_sweep_vla_auto_20260427_091937/cpufreq_2.601GHz_gpufreq_504MHz_emcfreq_2.750GHz/phase_summary.csv,thor_measurements/combo_sweep_vla_auto_20260427_091937/cpufreq_2.601GHz_gpufreq_504MHz_emcfreq_2.750GHz/telemetry_raw.csv,2601000000,2750000000,504000000,2601000000,16416,2804.034640667019,78.006,36.04353460038986,57.303,/home/Thor/Workspace/jyjeong/Isaac-GR00T/thor_measurements/combo_sweep_vla_auto_20260427_091937/summary.csv,cpufreq_2.601GHz_gpufreq_504MHz_emcfreq_2.750GHz,113.42047761111111
-1,3200000000,504000000,-1,cpufreq_default_gpufreq_504MHz_emcfreq_3.200GHz,358933312.06126356,1,786.9529114060504,11.4144,8.626654473516274,9.852,91.641243999,1,3200000000,504000000,828.475607474439,1,20.08176,9.049781620931716,13.7816,1,locked_combo,thor_measurements/combo_sweep_vla_auto_20260427_091937/cpufreq_default_gpufreq_504MHz_emcfreq_3.200GHz/nvtx_ranges.csv,thor_measurements/combo_sweep_vla_auto_20260427_091937/cpufreq_default_gpufreq_504MHz_emcfreq_3.200GHz/phase_metrics.csv,thor_measurements/combo_sweep_vla_auto_20260427_091937/cpufreq_default_gpufreq_504MHz_emcfreq_3.200GHz/phase_summary.csv,thor_measurements/combo_sweep_vla_auto_20260427_091937/cpufreq_default_gpufreq_504MHz_emcfreq_3.200GHz/telemetry_raw.csv,-1,3200000000,504000000,-1,6268,3091.400232279822,75.172,34.40534747925973,52.4999,/home/Thor/Workspace/jyjeong/Isaac-GR00T/thor_measurements/combo_sweep_vla_auto_20260427_091937/summary.csv,cpufreq_default_gpufreq_504MHz_emcfreq_3.200GHz,134.33370622727273
648000000,3200000000,504000000,648000000,cpufreq_648MHz_gpufreq_504MHz_emcfreq_3.200GHz,648000000.0,1,1819.8004119388115,9.844,8.541765578572372,9.45024,212.743892055,1,3200000000,504000000,2180.4977039338773,1,20.08992,10.20963536086555,13.7816,1,locked_combo,thor_measurements/combo_sweep_vla_auto_20260427_091937/cpufreq_648MHz_gpufreq_504MHz_emcfreq_3.200GHz/nvtx_ranges.csv,thor_measurements/combo_sweep_vla_auto_20260427_091937/cpufreq_648MHz_gpufreq_504MHz_emcfreq_3.200GHz/phase_metrics.csv,thor_measurements/combo_sweep_vla_auto_20260427_091937/cpufreq_648MHz_gpufreq_504MHz_emcfreq_3.200GHz/phase_summary.csv,thor_measurements/combo_sweep_vla_auto_20260427_091937/cpufreq_648MHz_gpufreq_504MHz_emcfreq_3.200GHz/telemetry_raw.csv,648000000,3200000000,504000000,648000000,30316,7518.50403607151,76.084,35.24604439899723,53.128,/home/Thor/Workspace/jyjeong/Isaac-GR00T/thor_measurements/combo_sweep_vla_auto_20260427_091937/summary.csv,cpufreq_648MHz_gpufreq_504MHz_emcfreq_3.200GHz,129.79626241076485
972000000,3200000000,504000000,972000000,cpufreq_972MHz_gpufreq_504MHz_emcfreq_3.200GHz,972000000.0,1,1100.763977603198,10.24608,8.50258855345912,9.45024,129.308156722,1,3200000000,504000000,1230.8876492651125,1,20.08992,9.471342360340364,14.1696,1,locked_combo,thor_measurements/combo_sweep_vla_auto_20260427_091937/cpufreq_972MHz_gpufreq_504MHz_emcfreq_3.200GHz/nvtx_ranges.csv,thor_measurements/combo_sweep_vla_auto_20260427_091937/cpufreq_972MHz_gpufreq_504MHz_emcfreq_3.200GHz/phase_metrics.csv,thor_measurements/combo_sweep_vla_auto_20260427_091937/cpufreq_972MHz_gpufreq_504MHz_emcfreq_3.200GHz/phase_summary.csv,thor_measurements/combo_sweep_vla_auto_20260427_091937/cpufreq_972MHz_gpufreq_504MHz_emcfreq_3.200GHz/telemetry_raw.csv,972000000,3200000000,504000000,972000000,21624,4439.709038918104,75.782,34.15124981502035,54.8397,/home/Thor/Workspace/jyjeong/Isaac-GR00T/thor_measurements/combo_sweep_vla_auto_20260427_091937/summary.csv,cpufreq_972MHz_gpufreq_504MHz_emcfreq_3.200GHz,120.04051496335077
1242000000,3200000000,504000000,1242000000,cpufreq_1.242GHz_gpufreq_504MHz_emcfreq_3.200GHz,1242000000.0,1,1380.6204940542875,10.64016,8.832230992063494,9.844,156.167693505,1,3200000000,504000000,1630.794617499669,1,20.08992,10.406687205215418,14.17536,1,locked_combo,thor_measurements/combo_sweep_vla_auto_20260427_091937/cpufreq_1.242GHz_gpufreq_504MHz_emcfreq_3.200GHz/nvtx_ranges.csv,thor_measurements/combo_sweep_vla_auto_20260427_091937/cpufreq_1.242GHz_gpufreq_504MHz_emcfreq_3.200GHz/phase_metrics.csv,thor_measurements/combo_sweep_vla_auto_20260427_091937/cpufreq_1.242GHz_gpufreq_504MHz_emcfreq_3.200GHz/phase_summary.csv,thor_measurements/combo_sweep_vla_auto_20260427_091937/cpufreq_1.242GHz_gpufreq_504MHz_emcfreq_3.200GHz/telemetry_raw.csv,1242000000,3200000000,504000000,1242000000,28224,5618.855640768732,76.122,35.813314484126984,56.129999999999995,/home/Thor/Workspace/jyjeong/Isaac-GR00T/thor_measurements/combo_sweep_vla_auto_20260427_091937/summary.csv,cpufreq_1.242GHz_gpufreq_504MHz_emcfreq_3.200GHz,116.43380294265232
1566000000,3200000000,504000000,1566000000,cpufreq_1.566GHz_gpufreq_504MHz_emcfreq_3.200GHz,1566000000.0,1,1035.1415878856228,11.03424,8.845039840883977,9.844,116.862502174,1,3200000000,504000000,1164.1636875329386,1,20.08992,9.919524490607737,14.17536,1,locked_combo,thor_measurements/combo_sweep_vla_auto_20260427_091937/cpufreq_1.566GHz_gpufreq_504MHz_emcfreq_3.200GHz/nvtx_ranges.csv,thor_measurements/combo_sweep_vla_auto_20260427_091937/cpufreq_1.566GHz_gpufreq_504MHz_emcfreq_3.200GHz/phase_metrics.csv,thor_measurements/combo_sweep_vla_auto_20260427_091937/cpufreq_1.566GHz_gpufreq_504MHz_emcfreq_3.200GHz/phase_summary.csv,thor_measurements/combo_sweep_vla_auto_20260427_091937/cpufreq_1.566GHz_gpufreq_504MHz_emcfreq_3.200GHz/telemetry_raw.csv,1566000000,3200000000,504000000,1566000000,22625,4125.232968736486,76.392,35.09146943646409,56.12679999999999,/home/Thor/Workspace/jyjeong/Isaac-GR00T/thor_measurements/combo_sweep_vla_auto_20260427_091937/summary.csv,cpufreq_1.566GHz_gpufreq_504MHz_emcfreq_3.200GHz,114.95342147593583
1836000000,3200000000,504000000,1836000000,cpufreq_1.836GHz_gpufreq_504MHz_emcfreq_3.200GHz,1836000000.0,1,1333.4311771927732,11.8224,9.338489861480342,10.23776,142.626200533,1,3200000000,504000000,1534.3123141006067,1,20.08992,10.71047958024346,14.563199999999998,1,locked_combo,thor_measurements/combo_sweep_vla_auto_20260427_091937/cpufreq_1.836GHz_gpufreq_504MHz_emcfreq_3.200GHz/nvtx_ranges.csv,thor_measurements/combo_sweep_vla_auto_20260427_091937/cpufreq_1.836GHz_gpufreq_504MHz_emcfreq_3.200GHz/phase_metrics.csv,thor_measurements/combo_sweep_vla_auto_20260427_091937/cpufreq_1.836GHz_gpufreq_504MHz_emcfreq_3.200GHz/phase_summary.csv,thor_measurements/combo_sweep_vla_auto_20260427_091937/cpufreq_1.836GHz_gpufreq_504MHz_emcfreq_3.200GHz/telemetry_raw.csv,1836000000,3200000000,504000000,1836000000,28588,5268.070026566059,77.01,36.71330698195047,57.154,/home/Thor/Workspace/jyjeong/Isaac-GR00T/thor_measurements/combo_sweep_vla_auto_20260427_091937/summary.csv,cpufreq_1.836GHz_gpufreq_504MHz_emcfreq_3.200GHz,114.2286354494382
2160000000,3200000000,504000000,2160000000,cpufreq_2.160GHz_gpufreq_504MHz_emcfreq_3.200GHz,2160000000.0,1,1054.297618073182,13.39328,9.726730571936058,10.63152,108.309922656,1,3200000000,504000000,1112.3225747441109,1,20.08992,10.238456994671404,14.5632,1,locked_combo,thor_measurements/combo_sweep_vla_auto_20260427_091937/cpufreq_2.160GHz_gpufreq_504MHz_emcfreq_3.200GHz/nvtx_ranges.csv,thor_measurements/combo_sweep_vla_auto_20260427_091937/cpufreq_2.160GHz_gpufreq_504MHz_emcfreq_3.200GHz/phase_metrics.csv,thor_measurements/combo_sweep_vla_auto_20260427_091937/cpufreq_2.160GHz_gpufreq_504MHz_emcfreq_3.200GHz/phase_summary.csv,thor_measurements/combo_sweep_vla_auto_20260427_091937/cpufreq_2.160GHz_gpufreq_504MHz_emcfreq_3.200GHz/telemetry_raw.csv,2160000000,3200000000,504000000,2160000000,22520,3971.114335835877,78.104,36.4436148312611,57.3482,/home/Thor/Workspace/jyjeong/Isaac-GR00T/thor_measurements/combo_sweep_vla_auto_20260427_091937/summary.csv,cpufreq_2.160GHz_gpufreq_504MHz_emcfreq_3.200GHz,113.21341727472527
2430000000,3200000000,504000000,2430000000,cpufreq_2.430GHz_gpufreq_504MHz_emcfreq_3.200GHz,2430000000.0,1,806.3536148128516,14.56912,10.01343053126469,11.4144,80.461873397,1,3200000000,504000000,759.3221279051196,1,20.08176,9.3949075693465,14.5632,1,locked_combo,thor_measurements/combo_sweep_vla_auto_20260427_091937/cpufreq_2.430GHz_gpufreq_504MHz_emcfreq_3.200GHz/nvtx_ranges.csv,thor_measurements/combo_sweep_vla_auto_20260427_091937/cpufreq_2.430GHz_gpufreq_504MHz_emcfreq_3.200GHz/phase_metrics.csv,thor_measurements/combo_sweep_vla_auto_20260427_091937/cpufreq_2.430GHz_gpufreq_504MHz_emcfreq_3.200GHz/phase_summary.csv,thor_measurements/combo_sweep_vla_auto_20260427_091937/cpufreq_2.430GHz_gpufreq_504MHz_emcfreq_3.200GHz/telemetry_raw.csv,2430000000,3200000000,504000000,2430000000,17016,2878.4242350593004,78.77,35.55810155148096,57.01,/home/Thor/Workspace/jyjeong/Isaac-GR00T/thor_measurements/combo_sweep_vla_auto_20260427_091937/summary.csv,cpufreq_2.430GHz_gpufreq_504MHz_emcfreq_3.200GHz,113.14648018348625
2601000000,3200000000,504000000,2601000000,cpufreq_2.601GHz_gpufreq_504MHz_emcfreq_3.200GHz,2601000000.0,1,819.6900150908757,15.7504,10.510674675800733,11.808,77.879725297,1,3200000000,504000000,746.9536938014289,1,20.08176,9.535585803737757,14.5632,1,locked_combo,thor_measurements/combo_sweep_vla_auto_20260427_091937/cpufreq_2.601GHz_gpufreq_504MHz_emcfreq_3.200GHz/nvtx_ranges.csv,thor_measurements/combo_sweep_vla_auto_20260427_091937/cpufreq_2.601GHz_gpufreq_504MHz_emcfreq_3.200GHz/phase_metrics.csv,thor_measurements/combo_sweep_vla_auto_20260427_091937/cpufreq_2.601GHz_gpufreq_504MHz_emcfreq_3.200GHz/phase_summary.csv,thor_measurements/combo_sweep_vla_auto_20260427_091937/cpufreq_2.601GHz_gpufreq_504MHz_emcfreq_3.200GHz/telemetry_raw.csv,2601000000,3200000000,504000000,2601000000,16641,2845.1438502773863,78.02,36.26796334354906,57.758,/home/Thor/Workspace/jyjeong/Isaac-GR00T/thor_measurements/combo_sweep_vla_auto_20260427_091937/summary.csv,cpufreq_2.601GHz_gpufreq_504MHz_emcfreq_3.200GHz,112.88859499082568
-1,4266000000,504000000,-1,cpufreq_default_gpufreq_504MHz_emcfreq_4.266GHz,314399682.23596543,1,1121.6459636331906,11.03424,8.838704635254723,9.852,127.590080117,1,4266000000,504000000,1255.9680072818974,1,20.08176,9.807883568524275,13.776,1,locked_combo,thor_measurements/combo_sweep_vla_auto_20260427_091937/cpufreq_default_gpufreq_504MHz_emcfreq_4.266GHz/nvtx_ranges.csv,thor_measurements/combo_sweep_vla_auto_20260427_091937/cpufreq_default_gpufreq_504MHz_emcfreq_4.266GHz/phase_metrics.csv,thor_measurements/combo_sweep_vla_auto_20260427_091937/cpufreq_default_gpufreq_504MHz_emcfreq_4.266GHz/phase_summary.csv,thor_measurements/combo_sweep_vla_auto_20260427_091937/cpufreq_default_gpufreq_504MHz_emcfreq_4.266GHz/telemetry_raw.csv,-1,4266000000,504000000,-1,8362,4499.543686939018,76.668,35.86625376704138,54.216,/home/Thor/Workspace/jyjeong/Isaac-GR00T/thor_measurements/combo_sweep_vla_auto_20260427_091937/summary.csv,cpufreq_default_gpufreq_504MHz_emcfreq_4.266GHz,133.49622787958117
648000000,4266000000,504000000,648000000,cpufreq_648MHz_gpufreq_504MHz_emcfreq_4.266GHz,648000000.0,1,932.9158395432976,9.852,8.18141770272778,9.45024,113.861431976,1,4266000000,504000000,907.6655419373724,1,20.08992,7.936794527123152,13.776,1,locked_combo,thor_measurements/combo_sweep_vla_auto_20260427_091937/cpufreq_648MHz_gpufreq_504MHz_emcfreq_4.266GHz/nvtx_ranges.csv,thor_measurements/combo_sweep_vla_auto_20260427_091937/cpufreq_648MHz_gpufreq_504MHz_emcfreq_4.266GHz/phase_metrics.csv,thor_measurements/combo_sweep_vla_auto_20260427_091937/cpufreq_648MHz_gpufreq_504MHz_emcfreq_4.266GHz/phase_summary.csv,thor_measurements/combo_sweep_vla_auto_20260427_091937/cpufreq_648MHz_gpufreq_504MHz_emcfreq_4.266GHz/telemetry_raw.csv,648000000,4266000000,504000000,648000000,16167,3636.673251454274,76.02,31.872266221315027,52.0674,/home/Thor/Workspace/jyjeong/Isaac-GR00T/thor_measurements/combo_sweep_vla_auto_20260427_091937/summary.csv,cpufreq_648MHz_gpufreq_504MHz_emcfreq_4.266GHz,129.91362656074764
972000000,4266000000,504000000,972000000,cpufreq_972MHz_gpufreq_504MHz_emcfreq_4.266GHz,972000000.0,1,814.9779901861917,10.24608,8.44925270651444,9.84,96.29859527,1,4266000000,504000000,820.3377770265099,1,20.08992,8.4690233005678,14.1696,1,locked_combo,thor_measurements/combo_sweep_vla_auto_20260427_091937/cpufreq_972MHz_gpufreq_504MHz_emcfreq_4.266GHz/nvtx_ranges.csv,thor_measurements/combo_sweep_vla_auto_20260427_091937/cpufreq_972MHz_gpufreq_504MHz_emcfreq_4.266GHz/phase_metrics.csv,thor_measurements/combo_sweep_vla_auto_20260427_091937/cpufreq_972MHz_gpufreq_504MHz_emcfreq_4.266GHz/phase_summary.csv,thor_measurements/combo_sweep_vla_auto_20260427_091937/cpufreq_972MHz_gpufreq_504MHz_emcfreq_4.266GHz/telemetry_raw.csv,972000000,4266000000,504000000,972000000,16379,3181.344492813546,77.026,32.88940521399353,53.814,/home/Thor/Workspace/jyjeong/Isaac-GR00T/thor_measurements/combo_sweep_vla_auto_20260427_091937/summary.csv,cpufreq_972MHz_gpufreq_504MHz_emcfreq_4.266GHz,119.19639360747664
1242000000,4266000000,504000000,1242000000,cpufreq_1.242GHz_gpufreq_504MHz_emcfreq_4.266GHz,1242000000.0,1,1101.1036881633363,11.03424,8.826495984498171,9.844,124.728628808,1,4266000000,504000000,1220.7067741108006,1,20.08992,9.791692732637513,14.1696,1,locked_combo,thor_measurements/combo_sweep_vla_auto_20260427_091937/cpufreq_1.242GHz_gpufreq_504MHz_emcfreq_4.266GHz/nvtx_ranges.csv,thor_measurements/combo_sweep_vla_auto_20260427_091937/cpufreq_1.242GHz_gpufreq_504MHz_emcfreq_4.266GHz/phase_metrics.csv,thor_measurements/combo_sweep_vla_auto_20260427_091937/cpufreq_1.242GHz_gpufreq_504MHz_emcfreq_4.266GHz/phase_summary.csv,thor_measurements/combo_sweep_vla_auto_20260427_091937/cpufreq_1.242GHz_gpufreq_504MHz_emcfreq_4.266GHz/telemetry_raw.csv,1242000000,4266000000,504000000,1242000000,22707,4394.29639685688,76.9,35.15455198837363,56.17540000000001,/home/Thor/Workspace/jyjeong/Isaac-GR00T/thor_measurements/combo_sweep_vla_auto_20260427_091937/summary.csv,cpufreq_1.242GHz_gpufreq_504MHz_emcfreq_4.266GHz,116.13051765284975
1566000000,4266000000,504000000,1566000000,cpufreq_1.566GHz_gpufreq_504MHz_emcfreq_4.266GHz,1566000000.0,1,753.3447060176477,11.42368,8.807382073546856,10.2336,85.459619744,1,4266000000,504000000,779.4140356533904,1,20.08992,9.078824578884936,14.5632,1,locked_combo,thor_measurements/combo_sweep_vla_auto_20260427_091937/cpufreq_1.566GHz_gpufreq_504MHz_emcfreq_4.266GHz/nvtx_ranges.csv,thor_measurements/combo_sweep_vla_auto_20260427_091937/cpufreq_1.566GHz_gpufreq_504MHz_emcfreq_4.266GHz/phase_metrics.csv,thor_measurements/combo_sweep_vla_auto_20260427_091937/cpufreq_1.566GHz_gpufreq_504MHz_emcfreq_4.266GHz/phase_summary.csv,thor_measurements/combo_sweep_vla_auto_20260427_091937/cpufreq_1.566GHz_gpufreq_504MHz_emcfreq_4.266GHz/telemetry_raw.csv,1566000000,4266000000,504000000,1566000000,16860,2925.3802015135725,76.514,34.09178291814946,55.5501,/home/Thor/Workspace/jyjeong/Isaac-GR00T/thor_measurements/combo_sweep_vla_auto_20260427_091937/summary.csv,cpufreq_1.566GHz_gpufreq_504MHz_emcfreq_4.266GHz,114.32005806422019
1836000000,4266000000,504000000,1836000000,cpufreq_1.836GHz_gpufreq_504MHz_emcfreq_4.266GHz,1836000000.0,1,759.6373311333912,12.21152,9.127588330869743,10.62288,83.145291142,1,4266000000,504000000,767.2997391269502,1,20.08176,9.200858936912434,14.5632,1,locked_combo,thor_measurements/combo_sweep_vla_auto_20260427_091937/cpufreq_1.836GHz_gpufreq_504MHz_emcfreq_4.266GHz/nvtx_ranges.csv,thor_measurements/combo_sweep_vla_auto_20260427_091937/cpufreq_1.836GHz_gpufreq_504MHz_emcfreq_4.266GHz/phase_metrics.csv,thor_measurements/combo_sweep_vla_auto_20260427_091937/cpufreq_1.836GHz_gpufreq_504MHz_emcfreq_4.266GHz/phase_summary.csv,thor_measurements/combo_sweep_vla_auto_20260427_091937/cpufreq_1.836GHz_gpufreq_504MHz_emcfreq_4.266GHz/telemetry_raw.csv,1836000000,4266000000,504000000,1836000000,16913,2887.7619323656654,78.192,34.55460616094129,56.157999999999994,/home/Thor/Workspace/jyjeong/Isaac-GR00T/thor_measurements/combo_sweep_vla_auto_20260427_091937/summary.csv,cpufreq_1.836GHz_gpufreq_504MHz_emcfreq_4.266GHz,113.9725491388889
2160000000,4266000000,504000000,2160000000,cpufreq_2.160GHz_gpufreq_504MHz_emcfreq_4.266GHz,2160000000.0,1,1212.9892988015797,13.39328,9.891077772194953,11.0208,122.562897667,1,4266000000,504000000,1278.779140837,1,20.08176,10.417362340664011,14.563199999999998,1,locked_combo,thor_measurements/combo_sweep_vla_auto_20260427_091937/cpufreq_2.160GHz_gpufreq_504MHz_emcfreq_4.266GHz/nvtx_ranges.csv,thor_measurements/combo_sweep_vla_auto_20260427_091937/cpufreq_2.160GHz_gpufreq_504MHz_emcfreq_4.266GHz/phase_metrics.csv,thor_measurements/combo_sweep_vla_auto_20260427_091937/cpufreq_2.160GHz_gpufreq_504MHz_emcfreq_4.266GHz/phase_summary.csv,thor_measurements/combo_sweep_vla_auto_20260427_091937/cpufreq_2.160GHz_gpufreq_504MHz_emcfreq_4.266GHz/telemetry_raw.csv,2160000000,4266000000,504000000,2160000000,25873,4564.538911894821,78.192,37.08505306690372,58.038799999999995,/home/Thor/Workspace/jyjeong/Isaac-GR00T/thor_measurements/combo_sweep_vla_auto_20260427_091937/summary.csv,cpufreq_2.160GHz_gpufreq_504MHz_emcfreq_4.266GHz,112.87163205633803
2430000000,4266000000,504000000,2430000000,cpufreq_2.430GHz_gpufreq_504MHz_emcfreq_4.266GHz,2430000000.0,1,1142.3221033079033,14.96288,10.408261040806774,11.4144,109.645679914,1,4266000000,504000000,1149.5015174247226,1,20.08176,10.44311682396494,14.5632,1,locked_combo,thor_measurements/combo_sweep_vla_auto_20260427_091937/cpufreq_2.430GHz_gpufreq_504MHz_emcfreq_4.266GHz/nvtx_ranges.csv,thor_measurements/combo_sweep_vla_auto_20260427_091937/cpufreq_2.430GHz_gpufreq_504MHz_emcfreq_4.266GHz/phase_metrics.csv,thor_measurements/combo_sweep_vla_auto_20260427_091937/cpufreq_2.430GHz_gpufreq_504MHz_emcfreq_4.266GHz/phase_summary.csv,thor_measurements/combo_sweep_vla_auto_20260427_091937/cpufreq_2.430GHz_gpufreq_504MHz_emcfreq_4.266GHz/telemetry_raw.csv,2430000000,4266000000,504000000,2430000000,23501,4153.421291337241,81.456,37.6689818305604,58.874,/home/Thor/Workspace/jyjeong/Isaac-GR00T/thor_measurements/combo_sweep_vla_auto_20260427_091937/summary.csv,cpufreq_2.430GHz_gpufreq_504MHz_emcfreq_4.266GHz,112.22614978010472
2601000000,4266000000,504000000,2601000000,cpufreq_2.601GHz_gpufreq_504MHz_emcfreq_4.266GHz,2601000000.0,1,817.7206020855086,16.1376,10.66333500211621,12.19664,76.61494025,1,4266000000,504000000,737.5804186597176,1,20.08176,9.609847724771752,14.5632,1,locked_combo,thor_measurements/combo_sweep_vla_auto_20260427_091937/cpufreq_2.601GHz_gpufreq_504MHz_emcfreq_4.266GHz/nvtx_ranges.csv,thor_measurements/combo_sweep_vla_auto_20260427_091937/cpufreq_2.601GHz_gpufreq_504MHz_emcfreq_4.266GHz/phase_metrics.csv,thor_measurements/combo_sweep_vla_auto_20260427_091937/cpufreq_2.601GHz_gpufreq_504MHz_emcfreq_4.266GHz/phase_summary.csv,thor_measurements/combo_sweep_vla_auto_20260427_091937/cpufreq_2.601GHz_gpufreq_504MHz_emcfreq_4.266GHz/telemetry_raw.csv,2601000000,4266000000,504000000,2601000000,16539,2830.59047364868,80.954,36.79332559405043,58.3884,/home/Thor/Workspace/jyjeong/Isaac-GR00T/thor_measurements/combo_sweep_vla_auto_20260427_091937/summary.csv,cpufreq_2.601GHz_gpufreq_504MHz_emcfreq_4.266GHz,112.4613459074074
-1,-1,702000000,-1,cpufreq_default_gpufreq_702MHz_emcfreq_default,309844954.2413921,1,1016.368424607606,11.03424,8.73983370295892,9.84,116.534299013,1,-1,702000000,1218.9843221792862,1,23.23184,10.402734225797186,14.956799999999998,1,locked_combo,thor_measurements/combo_sweep_vla_auto_20260427_091937/cpufreq_default_gpufreq_702MHz_emcfreq_default/nvtx_ranges.csv,thor_measurements/combo_sweep_vla_auto_20260427_091937/cpufreq_default_gpufreq_702MHz_emcfreq_default/phase_metrics.csv,thor_measurements/combo_sweep_vla_auto_20260427_091937/cpufreq_default_gpufreq_702MHz_emcfreq_default/phase_summary.csv,thor_measurements/combo_sweep_vla_auto_20260427_091937/cpufreq_default_gpufreq_702MHz_emcfreq_default/telemetry_raw.csv,-1,-1,702000000,-1,6962,4151.804365110888,78.196,36.36443435794312,59.1932,/home/Thor/Workspace/jyjeong/Isaac-GR00T/thor_measurements/combo_sweep_vla_auto_20260427_091937/summary.csv,cpufreq_default_gpufreq_702MHz_emcfreq_default,114.0351175212766
648000000,-1,702000000,648000000,cpufreq_648MHz_gpufreq_702MHz_emcfreq_default,648000000.0,1,1433.105679065793,9.844,8.309459532203391,9.45024,172.450428529,1,-1,702000000,1742.345667459551,1,22.83808,10.055387823728816,14.9568,1,locked_combo,thor_measurements/combo_sweep_vla_auto_20260427_091937/cpufreq_648MHz_gpufreq_702MHz_emcfreq_default/nvtx_ranges.csv,thor_measurements/combo_sweep_vla_auto_20260427_091937/cpufreq_648MHz_gpufreq_702MHz_emcfreq_default/phase_metrics.csv,thor_measurements/combo_sweep_vla_auto_20260427_091937/cpufreq_648MHz_gpufreq_702MHz_emcfreq_default/phase_summary.csv,thor_measurements/combo_sweep_vla_auto_20260427_091937/cpufreq_648MHz_gpufreq_702MHz_emcfreq_default/telemetry_raw.csv,648000000,-1,702000000,648000000,23600,5964.1747179696595,78.826,34.36584,58.2741,/home/Thor/Workspace/jyjeong/Isaac-GR00T/thor_measurements/combo_sweep_vla_auto_20260427_091937/summary.csv,cpufreq_648MHz_gpufreq_702MHz_emcfreq_default,112.07519110820895
972000000,-1,702000000,972000000,cpufreq_972MHz_gpufreq_702MHz_emcfreq_default,972000000.0,1,1019.6239919888228,10.24608,8.341168289313288,9.84,122.04007475,1,-1,702000000,1210.409917590257,1,22.84736,9.859095042665585,15.3504,1,locked_combo,thor_measurements/combo_sweep_vla_auto_20260427_091937/cpufreq_972MHz_gpufreq_702MHz_emcfreq_default/nvtx_ranges.csv,thor_measurements/combo_sweep_vla_auto_20260427_091937/cpufreq_972MHz_gpufreq_702MHz_emcfreq_default/phase_metrics.csv,thor_measurements/combo_sweep_vla_auto_20260427_091937/cpufreq_972MHz_gpufreq_702MHz_emcfreq_default/phase_summary.csv,thor_measurements/combo_sweep_vla_auto_20260427_091937/cpufreq_972MHz_gpufreq_702MHz_emcfreq_default/telemetry_raw.csv,972000000,-1,702000000,972000000,19688,4210.346250768572,79.56,34.1693283218204,59.79730000000001,/home/Thor/Workspace/jyjeong/Isaac-GR00T/thor_measurements/combo_sweep_vla_auto_20260427_091937/summary.csv,cpufreq_972MHz_gpufreq_702MHz_emcfreq_default,100.5145972287234
1242000000,-1,702000000,1242000000,cpufreq_1.242GHz_gpufreq_702MHz_emcfreq_default,1242000000.0,1,732.4287100946492,10.64016,8.269335839133797,9.844,88.450183661,1,-1,702000000,822.2489070637305,1,22.83808,9.234860458881156,15.744,1,locked_combo,thor_measurements/combo_sweep_vla_auto_20260427_091937/cpufreq_1.242GHz_gpufreq_702MHz_emcfreq_default/nvtx_ranges.csv,thor_measurements/combo_sweep_vla_auto_20260427_091937/cpufreq_1.242GHz_gpufreq_702MHz_emcfreq_default/phase_metrics.csv,thor_measurements/combo_sweep_vla_auto_20260427_091937/cpufreq_1.242GHz_gpufreq_702MHz_emcfreq_default/phase_summary.csv,thor_measurements/combo_sweep_vla_auto_20260427_091937/cpufreq_1.242GHz_gpufreq_702MHz_emcfreq_default/telemetry_raw.csv,1242000000,-1,702000000,1242000000,15516,2966.4289994489927,79.072,33.14440989945862,60.2225,/home/Thor/Workspace/jyjeong/Isaac-GR00T/thor_measurements/combo_sweep_vla_auto_20260427_091937/summary.csv,cpufreq_1.242GHz_gpufreq_702MHz_emcfreq_default,95.7560258173913
1566000000,-1,702000000,1566000000,cpufreq_1.566GHz_gpufreq_702MHz_emcfreq_default,1566000000.0,1,1273.4769237263022,11.4144,8.987416825311188,10.2336,141.565508857,1,-1,702000000,1565.7268756449282,1,22.83808,11.014561979267024,15.35664,1,locked_combo,thor_measurements/combo_sweep_vla_auto_20260427_091937/cpufreq_1.566GHz_gpufreq_702MHz_emcfreq_default/nvtx_ranges.csv,thor_measurements/combo_sweep_vla_auto_20260427_091937/cpufreq_1.566GHz_gpufreq_702MHz_emcfreq_default/phase_metrics.csv,thor_measurements/combo_sweep_vla_auto_20260427_091937/cpufreq_1.566GHz_gpufreq_702MHz_emcfreq_default/phase_summary.csv,thor_measurements/combo_sweep_vla_auto_20260427_091937/cpufreq_1.566GHz_gpufreq_702MHz_emcfreq_default/telemetry_raw.csv,1566000000,-1,702000000,1566000000,25949,5203.132555466734,78.876,36.23467231877914,63.136,/home/Thor/Workspace/jyjeong/Isaac-GR00T/thor_measurements/combo_sweep_vla_auto_20260427_091937/summary.csv,cpufreq_1.566GHz_gpufreq_702MHz_emcfreq_default,93.85684190405904
1836000000,-1,702000000,1836000000,cpufreq_1.836GHz_gpufreq_702MHz_emcfreq_default,1836000000.0,1,730.8597904762282,11.8176,8.831147302594026,10.6272,82.805740487,1,-1,702000000,805.1882021914631,1,22.83808,9.672679322635885,15.744,1,locked_combo,thor_measurements/combo_sweep_vla_auto_20260427_091937/cpufreq_1.836GHz_gpufreq_702MHz_emcfreq_default/nvtx_ranges.csv,thor_measurements/combo_sweep_vla_auto_20260427_091937/cpufreq_1.836GHz_gpufreq_702MHz_emcfreq_default/phase_metrics.csv,thor_measurements/combo_sweep_vla_auto_20260427_091937/cpufreq_1.836GHz_gpufreq_702MHz_emcfreq_default/phase_summary.csv,thor_measurements/combo_sweep_vla_auto_20260427_091937/cpufreq_1.836GHz_gpufreq_702MHz_emcfreq_default/telemetry_raw.csv,1836000000,-1,702000000,1836000000,15767,2875.6765565568385,78.862,34.32046159700641,62.09420000000001,/home/Thor/Workspace/jyjeong/Isaac-GR00T/thor_measurements/combo_sweep_vla_auto_20260427_091937/summary.csv,cpufreq_1.836GHz_gpufreq_702MHz_emcfreq_default,92.3264376440678
2160000000,-1,702000000,2160000000,cpufreq_2.160GHz_gpufreq_702MHz_emcfreq_default,2160000000.0,1,712.6357981088297,13.39328,9.347399097864413,11.0208,76.173958391,1,-1,702000000,747.0903090146543,1,22.83808,9.73472059610139,15.7504,1,locked_combo,thor_measurements/combo_sweep_vla_auto_20260427_091937/cpufreq_2.160GHz_gpufreq_702MHz_emcfreq_default/nvtx_ranges.csv,thor_measurements/combo_sweep_vla_auto_20260427_091937/cpufreq_2.160GHz_gpufreq_702MHz_emcfreq_default/phase_metrics.csv,thor_measurements/combo_sweep_vla_auto_20260427_091937/cpufreq_2.160GHz_gpufreq_702MHz_emcfreq_default/phase_summary.csv,thor_measurements/combo_sweep_vla_auto_20260427_091937/cpufreq_2.160GHz_gpufreq_702MHz_emcfreq_default/telemetry_raw.csv,2160000000,-1,702000000,2160000000,15031,2698.5295723921417,80.536,34.93337861752378,62.906000000000006,/home/Thor/Workspace/jyjeong/Isaac-GR00T/thor_measurements/combo_sweep_vla_auto_20260427_091937/summary.csv,cpufreq_2.160GHz_gpufreq_702MHz_emcfreq_default,91.64797010091743
2430000000,-1,702000000,2430000000,cpufreq_2.430GHz_gpufreq_702MHz_emcfreq_default,2430000000.0,1,1326.6323342570838,14.56912,10.363011063029164,11.808,127.900156889,1,-1,702000000,1481.1111614157935,1,22.83808,11.524369413609282,16.1376,1,locked_combo,thor_measurements/combo_sweep_vla_auto_20260427_091937/cpufreq_2.430GHz_gpufreq_702MHz_emcfreq_default/nvtx_ranges.csv,thor_measurements/combo_sweep_vla_auto_20260427_091937/cpufreq_2.430GHz_gpufreq_702MHz_emcfreq_default/phase_metrics.csv,thor_measurements/combo_sweep_vla_auto_20260427_091937/cpufreq_2.430GHz_gpufreq_702MHz_emcfreq_default/phase_summary.csv,thor_measurements/combo_sweep_vla_auto_20260427_091937/cpufreq_2.430GHz_gpufreq_702MHz_emcfreq_default/telemetry_raw.csv,2430000000,-1,702000000,2430000000,25512,4983.128817990394,80.632,38.37047185638131,66.13560000000001,/home/Thor/Workspace/jyjeong/Isaac-GR00T/thor_measurements/combo_sweep_vla_auto_20260427_091937/summary.csv,cpufreq_2.430GHz_gpufreq_702MHz_emcfreq_default,91.05513902641509
2601000000,-1,702000000,2601000000,cpufreq_2.601GHz_gpufreq_702MHz_emcfreq_default,2601000000.0,1,1128.7224357774687,15.7504,10.623268197579328,12.19664,106.088612153,1,-1,702000000,1170.5456312691322,1,22.83808,10.945154364222628,16.1376,1,locked_combo,thor_measurements/combo_sweep_vla_auto_20260427_091937/cpufreq_2.601GHz_gpufreq_702MHz_emcfreq_default/nvtx_ranges.csv,thor_measurements/combo_sweep_vla_auto_20260427_091937/cpufreq_2.601GHz_gpufreq_702MHz_emcfreq_default/phase_metrics.csv,thor_measurements/combo_sweep_vla_auto_20260427_091937/cpufreq_2.601GHz_gpufreq_702MHz_emcfreq_default/phase_summary.csv,thor_measurements/combo_sweep_vla_auto_20260427_091937/cpufreq_2.601GHz_gpufreq_702MHz_emcfreq_default/telemetry_raw.csv,2601000000,-1,702000000,2601000000,21399,4083.272532336186,81.694,37.829220430861255,66.31819999999999,/home/Thor/Workspace/jyjeong/Isaac-GR00T/thor_measurements/combo_sweep_vla_auto_20260427_091937/summary.csv,cpufreq_2.601GHz_gpufreq_702MHz_emcfreq_default,90.61537483838383
-1,665600000,702000000,-1,cpufreq_default_gpufreq_702MHz_emcfreq_665MHz,403252620.5684018,1,801.9998689270567,10.24192,6.489598778625954,7.8816,125.263720265,1,665600000,702000000,1097.16180754653,1,22.83808,8.615808169496807,11.8224,1,locked_combo,thor_measurements/combo_sweep_vla_auto_20260427_091937/cpufreq_default_gpufreq_702MHz_emcfreq_665MHz/nvtx_ranges.csv,thor_measurements/combo_sweep_vla_auto_20260427_091937/cpufreq_default_gpufreq_702MHz_emcfreq_665MHz/phase_metrics.csv,thor_measurements/combo_sweep_vla_auto_20260427_091937/cpufreq_default_gpufreq_702MHz_emcfreq_665MHz/phase_summary.csv,thor_measurements/combo_sweep_vla_auto_20260427_091937/cpufreq_default_gpufreq_702MHz_emcfreq_665MHz/telemetry_raw.csv,-1,665600000,702000000,-1,6419,3855.3043455588745,48.5,30.574773017603988,42.36260000000001,/home/Thor/Workspace/jyjeong/Isaac-GR00T/thor_measurements/combo_sweep_vla_auto_20260427_091937/summary.csv,cpufreq_default_gpufreq_702MHz_emcfreq_665MHz,259.01528107142855
648000000,665600000,702000000,648000000,cpufreq_648MHz_gpufreq_702MHz_emcfreq_665MHz,648000000.0,1,873.3604305785733,7.09344,6.002541047767718,6.69936,144.298063032,1,665600000,702000000,1160.4664946485616,1,22.83808,7.740358513893225,11.8224,1,locked_combo,thor_measurements/combo_sweep_vla_auto_20260427_091937/cpufreq_648MHz_gpufreq_702MHz_emcfreq_665MHz/nvtx_ranges.csv,thor_measurements/combo_sweep_vla_auto_20260427_091937/cpufreq_648MHz_gpufreq_702MHz_emcfreq_665MHz/phase_metrics.csv,thor_measurements/combo_sweep_vla_auto_20260427_091937/cpufreq_648MHz_gpufreq_702MHz_emcfreq_665MHz/phase_summary.csv,thor_measurements/combo_sweep_vla_auto_20260427_091937/cpufreq_648MHz_gpufreq_702MHz_emcfreq_665MHz/telemetry_raw.csv,648000000,665600000,702000000,648000000,16015,4233.673866723705,46.934,28.546506650015612,40.651,/home/Thor/Workspace/jyjeong/Isaac-GR00T/thor_measurements/combo_sweep_vla_auto_20260427_091937/summary.csv,cpufreq_648MHz_gpufreq_702MHz_emcfreq_665MHz,256.6142371415094
972000000,665600000,702000000,972000000,cpufreq_972MHz_gpufreq_702MHz_emcfreq_665MHz,972000000.0,1,773.6092908838931,7.48752,5.984895025631524,6.69936,127.953782613,1,665600000,702000000,1074.623493809916,1,22.83808,8.036445906985362,11.8224,1,locked_combo,thor_measurements/combo_sweep_vla_auto_20260427_091937/cpufreq_972MHz_gpufreq_702MHz_emcfreq_665MHz/nvtx_ranges.csv,thor_measurements/combo_sweep_vla_auto_20260427_091937/cpufreq_972MHz_gpufreq_702MHz_emcfreq_665MHz/phase_metrics.csv,thor_measurements/combo_sweep_vla_auto_20260427_091937/cpufreq_972MHz_gpufreq_702MHz_emcfreq_665MHz/phase_summary.csv,thor_measurements/combo_sweep_vla_auto_20260427_091937/cpufreq_972MHz_gpufreq_702MHz_emcfreq_665MHz/telemetry_raw.csv,972000000,665600000,702000000,972000000,16191,3807.9936784901856,45.936,28.769638935210917,42.016,/home/Thor/Workspace/jyjeong/Isaac-GR00T/thor_measurements/combo_sweep_vla_auto_20260427_091937/summary.csv,cpufreq_972MHz_gpufreq_702MHz_emcfreq_665MHz,243.08719520183487
1242000000,665600000,702000000,1242000000,cpufreq_1.242GHz_gpufreq_702MHz_emcfreq_665MHz,1242000000.0,1,799.1226515032532,7.8816,6.143438929254302,6.69936,128.963191517,1,665600000,702000000,1116.630181189681,1,22.84736,8.327886704907584,11.8224,1,locked_combo,thor_measurements/combo_sweep_vla_auto_20260427_091937/cpufreq_1.242GHz_gpufreq_702MHz_emcfreq_665MHz/nvtx_ranges.csv,thor_measurements/combo_sweep_vla_auto_20260427_091937/cpufreq_1.242GHz_gpufreq_702MHz_emcfreq_665MHz/phase_metrics.csv,thor_measurements/combo_sweep_vla_auto_20260427_091937/cpufreq_1.242GHz_gpufreq_702MHz_emcfreq_665MHz/phase_summary.csv,thor_measurements/combo_sweep_vla_auto_20260427_091937/cpufreq_1.242GHz_gpufreq_702MHz_emcfreq_665MHz/telemetry_raw.csv,1242000000,665600000,702000000,1242000000,17259,3904.9058921239503,46.24,29.27761562083551,42.68639999999999,/home/Thor/Workspace/jyjeong/Isaac-GR00T/thor_measurements/combo_sweep_vla_auto_20260427_091937/summary.csv,cpufreq_1.242GHz_gpufreq_702MHz_emcfreq_665MHz,239.51299252542373
1566000000,665600000,702000000,1566000000,cpufreq_1.566GHz_gpufreq_702MHz_emcfreq_665MHz,1566000000.0,1,1075.2930868534702,8.27568,6.405079302336008,7.09344,166.568467437,1,665600000,702000000,1575.2661792472538,1,22.83808,9.148225239653858,11.8224,1,locked_combo,thor_measurements/combo_sweep_vla_auto_20260427_091937/cpufreq_1.566GHz_gpufreq_702MHz_emcfreq_665MHz/nvtx_ranges.csv,thor_measurements/combo_sweep_vla_auto_20260427_091937/cpufreq_1.566GHz_gpufreq_702MHz_emcfreq_665MHz/phase_metrics.csv,thor_measurements/combo_sweep_vla_auto_20260427_091937/cpufreq_1.566GHz_gpufreq_702MHz_emcfreq_665MHz/phase_summary.csv,thor_measurements/combo_sweep_vla_auto_20260427_091937/cpufreq_1.566GHz_gpufreq_702MHz_emcfreq_665MHz/telemetry_raw.csv,1566000000,665600000,702000000,1566000000,22303,5271.507356580995,46.4,30.535974173877957,43.4798,/home/Thor/Workspace/jyjeong/Isaac-GR00T/thor_measurements/combo_sweep_vla_auto_20260427_091937/summary.csv,cpufreq_1.566GHz_gpufreq_702MHz_emcfreq_665MHz,235.4629582670157
1836000000,665600000,702000000,1836000000,cpufreq_1.836GHz_gpufreq_702MHz_emcfreq_665MHz,1836000000.0,1,779.8811928895515,8.66976,6.640837671033479,7.48752,116.427792065,1,665600000,702000000,1026.3386051857717,1,22.83808,8.474620126152354,11.8224,1,locked_combo,thor_measurements/combo_sweep_vla_auto_20260427_091937/cpufreq_1.836GHz_gpufreq_702MHz_emcfreq_665MHz/nvtx_ranges.csv,thor_measurements/combo_sweep_vla_auto_20260427_091937/cpufreq_1.836GHz_gpufreq_702MHz_emcfreq_665MHz/phase_metrics.csv,thor_measurements/combo_sweep_vla_auto_20260427_091937/cpufreq_1.836GHz_gpufreq_702MHz_emcfreq_665MHz/phase_summary.csv,thor_measurements/combo_sweep_vla_auto_20260427_091937/cpufreq_1.836GHz_gpufreq_702MHz_emcfreq_665MHz/telemetry_raw.csv,1836000000,665600000,702000000,1836000000,16488,3612.606024230885,47.544,29.94241606016497,43.906,/home/Thor/Workspace/jyjeong/Isaac-GR00T/thor_measurements/combo_sweep_vla_auto_20260427_091937/summary.csv,cpufreq_1.836GHz_gpufreq_702MHz_emcfreq_665MHz,234.1204578727273
2160000000,665600000,702000000,2160000000,cpufreq_2.160GHz_gpufreq_702MHz_emcfreq_665MHz,2160000000.0,1,1540.7585176694438,9.852,7.238103350061033,7.8784,211.479028434,1,665600000,702000000,2093.2160871153465,1,22.83808,9.638092298928523,11.8224,1,locked_combo,thor_measurements/combo_sweep_vla_auto_20260427_091937/cpufreq_2.160GHz_gpufreq_702MHz_emcfreq_665MHz/nvtx_ranges.csv,thor_measurements/combo_sweep_vla_auto_20260427_091937/cpufreq_2.160GHz_gpufreq_702MHz_emcfreq_665MHz/phase_metrics.csv,thor_measurements/combo_sweep_vla_auto_20260427_091937/cpufreq_2.160GHz_gpufreq_702MHz_emcfreq_665MHz/phase_summary.csv,thor_measurements/combo_sweep_vla_auto_20260427_091937/cpufreq_2.160GHz_gpufreq_702MHz_emcfreq_665MHz/telemetry_raw.csv,2160000000,665600000,702000000,2160000000,29492,7004.9716585543065,47.77,31.9661100637461,44.5949,/home/Thor/Workspace/jyjeong/Isaac-GR00T/thor_measurements/combo_sweep_vla_auto_20260427_091937/summary.csv,cpufreq_2.160GHz_gpufreq_702MHz_emcfreq_665MHz,233.38318294423792
2430000000,665600000,702000000,2430000000,cpufreq_2.430GHz_gpufreq_702MHz_emcfreq_665MHz,2430000000.0,1,1221.6209124062316,11.03424,7.672122214048305,8.27568,157.947796585,1,665600000,702000000,1522.586476953328,1,22.83808,9.30647231730556,12.21152,1,locked_combo,thor_measurements/combo_sweep_vla_auto_20260427_091937/cpufreq_2.430GHz_gpufreq_702MHz_emcfreq_665MHz/nvtx_ranges.csv,thor_measurements/combo_sweep_vla_auto_20260427_091937/cpufreq_2.430GHz_gpufreq_702MHz_emcfreq_665MHz/phase_metrics.csv,thor_measurements/combo_sweep_vla_auto_20260427_091937/cpufreq_2.430GHz_gpufreq_702MHz_emcfreq_665MHz/phase_summary.csv,thor_measurements/combo_sweep_vla_auto_20260427_091937/cpufreq_2.430GHz_gpufreq_702MHz_emcfreq_665MHz/telemetry_raw.csv,2430000000,665600000,702000000,2430000000,22565,5248.592125609203,49.022,32.02594752935963,45.112,/home/Thor/Workspace/jyjeong/Isaac-GR00T/thor_measurements/combo_sweep_vla_auto_20260427_091937/summary.csv,cpufreq_2.430GHz_gpufreq_702MHz_emcfreq_665MHz,233.3772571550802
2601000000,665600000,702000000,2601000000,cpufreq_2.601GHz_gpufreq_702MHz_emcfreq_665MHz,2601000000.0,1,1784.76767458366,11.8224,8.201588024830338,8.66976,216.238858287,1,665600000,702000000,2153.7590319189735,1,22.83808,9.684860555144576,11.8224,1,locked_combo,thor_measurements/combo_sweep_vla_auto_20260427_091937/cpufreq_2.601GHz_gpufreq_702MHz_emcfreq_665MHz/nvtx_ranges.csv,thor_measurements/combo_sweep_vla_auto_20260427_091937/cpufreq_2.601GHz_gpufreq_702MHz_emcfreq_665MHz/phase_metrics.csv,thor_measurements/combo_sweep_vla_auto_20260427_091937/cpufreq_2.601GHz_gpufreq_702MHz_emcfreq_665MHz/phase_summary.csv,thor_measurements/combo_sweep_vla_auto_20260427_091937/cpufreq_2.601GHz_gpufreq_702MHz_emcfreq_665MHz/telemetry_raw.csv,2601000000,665600000,702000000,2601000000,31091,7396.685359008052,50.422,32.995419317487375,45.678,/home/Thor/Workspace/jyjeong/Isaac-GR00T/thor_measurements/combo_sweep_vla_auto_20260427_091937/summary.csv,cpufreq_2.601GHz_gpufreq_702MHz_emcfreq_665MHz,233.0035509097473
-1,2750000000,702000000,-1,cpufreq_default_gpufreq_702MHz_emcfreq_2.750GHz,354345959.2057483,1,806.8637938099175,9.06384,6.77193166035695,7.8816,120.452537283,1,2750000000,702000000,1232.7267168053354,1,22.83808,9.88338621957815,14.56912,1,locked_combo,thor_measurements/combo_sweep_vla_auto_20260427_091937/cpufreq_default_gpufreq_702MHz_emcfreq_2.750GHz/nvtx_ranges.csv,thor_measurements/combo_sweep_vla_auto_20260427_091937/cpufreq_default_gpufreq_702MHz_emcfreq_2.750GHz/phase_metrics.csv,thor_measurements/combo_sweep_vla_auto_20260427_091937/cpufreq_default_gpufreq_702MHz_emcfreq_2.750GHz/phase_summary.csv,thor_measurements/combo_sweep_vla_auto_20260427_091937/cpufreq_default_gpufreq_702MHz_emcfreq_2.750GHz/telemetry_raw.csv,-1,2750000000,702000000,-1,7396,3990.416857803059,74.54,33.284336127636564,54.67700000000001,/home/Thor/Workspace/jyjeong/Isaac-GR00T/thor_measurements/combo_sweep_vla_auto_20260427_091937/summary.csv,cpufreq_default_gpufreq_702MHz_emcfreq_2.750GHz,117.21477501595744
648000000,2750000000,702000000,648000000,cpufreq_648MHz_gpufreq_702MHz_emcfreq_2.750GHz,648000000.0,1,687.0973598712535,7.48752,6.181581762785636,7.4784,110.972070729,1,2750000000,702000000,964.7946241757356,1,22.83808,8.653332698585418,14.9568,1,locked_combo,thor_measurements/combo_sweep_vla_auto_20260427_091937/cpufreq_648MHz_gpufreq_702MHz_emcfreq_2.750GHz/nvtx_ranges.csv,thor_measurements/combo_sweep_vla_auto_20260427_091937/cpufreq_648MHz_gpufreq_702MHz_emcfreq_2.750GHz/phase_metrics.csv,thor_measurements/combo_sweep_vla_auto_20260427_091937/cpufreq_648MHz_gpufreq_702MHz_emcfreq_2.750GHz/phase_summary.csv,thor_measurements/combo_sweep_vla_auto_20260427_091937/cpufreq_648MHz_gpufreq_702MHz_emcfreq_2.750GHz/telemetry_raw.csv,648000000,2750000000,702000000,648000000,14704,3358.3974715244967,73.95,30.117035772578888,53.1897,/home/Thor/Workspace/jyjeong/Isaac-GR00T/thor_measurements/combo_sweep_vla_auto_20260427_091937/summary.csv,cpufreq_648MHz_gpufreq_702MHz_emcfreq_2.750GHz,117.2581028173913
972000000,2750000000,702000000,972000000,cpufreq_972MHz_gpufreq_702MHz_emcfreq_2.750GHz,972000000.0,1,607.2258508014822,8.27568,6.35281602259735,7.48144,95.341947617,1,2750000000,702000000,842.8278826216199,1,22.83808,8.762297569439774,14.96288,1,locked_combo,thor_measurements/combo_sweep_vla_auto_20260427_091937/cpufreq_972MHz_gpufreq_702MHz_emcfreq_2.750GHz/nvtx_ranges.csv,thor_measurements/combo_sweep_vla_auto_20260427_091937/cpufreq_972MHz_gpufreq_702MHz_emcfreq_2.750GHz/phase_metrics.csv,thor_measurements/combo_sweep_vla_auto_20260427_091937/cpufreq_972MHz_gpufreq_702MHz_emcfreq_2.750GHz/phase_summary.csv,thor_measurements/combo_sweep_vla_auto_20260427_091937/cpufreq_972MHz_gpufreq_702MHz_emcfreq_2.750GHz/telemetry_raw.csv,972000000,2750000000,702000000,972000000,14869,2936.185378623333,75.184,30.505966776514896,54.024800000000006,/home/Thor/Workspace/jyjeong/Isaac-GR00T/thor_measurements/combo_sweep_vla_auto_20260427_091937/summary.csv,cpufreq_972MHz_gpufreq_702MHz_emcfreq_2.750GHz,106.83361071559634
1242000000,2750000000,702000000,1242000000,cpufreq_1.242GHz_gpufreq_702MHz_emcfreq_2.750GHz,1242000000.0,1,777.8657320952324,8.66976,6.7079384342627435,7.872,115.612570986,1,2750000000,702000000,1198.9020647188804,1,22.83808,10.270578347678194,15.744,1,locked_combo,thor_measurements/combo_sweep_vla_auto_20260427_091937/cpufreq_1.242GHz_gpufreq_702MHz_emcfreq_2.750GHz/nvtx_ranges.csv,thor_measurements/combo_sweep_vla_auto_20260427_091937/cpufreq_1.242GHz_gpufreq_702MHz_emcfreq_2.750GHz/phase_metrics.csv,thor_measurements/combo_sweep_vla_auto_20260427_091937/cpufreq_1.242GHz_gpufreq_702MHz_emcfreq_2.750GHz/phase_summary.csv,thor_measurements/combo_sweep_vla_auto_20260427_091937/cpufreq_1.242GHz_gpufreq_702MHz_emcfreq_2.750GHz/telemetry_raw.csv,1242000000,2750000000,702000000,1242000000,19403,3851.833567026292,74.782,32.9351878575478,57.055800000000005,/home/Thor/Workspace/jyjeong/Isaac-GR00T/thor_measurements/combo_sweep_vla_auto_20260427_091937/summary.csv,cpufreq_1.242GHz_gpufreq_702MHz_emcfreq_2.750GHz,101.603404253886
1566000000,2750000000,702000000,1566000000,cpufreq_1.566GHz_gpufreq_702MHz_emcfreq_2.750GHz,1566000000.0,1,577.6224730174282,9.06384,6.731645750196386,7.872,85.617481944,1,2750000000,702000000,817.3713956331405,1,22.83808,9.47620733176224,15.35664,1,locked_combo,thor_measurements/combo_sweep_vla_auto_20260427_091937/cpufreq_1.566GHz_gpufreq_702MHz_emcfreq_2.750GHz/nvtx_ranges.csv,thor_measurements/combo_sweep_vla_auto_20260427_091937/cpufreq_1.566GHz_gpufreq_702MHz_emcfreq_2.750GHz/phase_metrics.csv,thor_measurements/combo_sweep_vla_auto_20260427_091937/cpufreq_1.566GHz_gpufreq_702MHz_emcfreq_2.750GHz/phase_summary.csv,thor_measurements/combo_sweep_vla_auto_20260427_091937/cpufreq_1.566GHz_gpufreq_702MHz_emcfreq_2.750GHz/telemetry_raw.csv,1566000000,2750000000,702000000,1566000000,15276,2754.4860354627717,74.718,31.838187352710136,56.8755,/home/Thor/Workspace/jyjeong/Isaac-GR00T/thor_measurements/combo_sweep_vla_auto_20260427_091937/summary.csv,cpufreq_1.566GHz_gpufreq_702MHz_emcfreq_2.750GHz,98.70310285344827
1836000000,2750000000,702000000,1836000000,cpufreq_1.836GHz_gpufreq_702MHz_emcfreq_2.750GHz,1836000000.0,1,795.181586248627,9.852,7.221918486508016,8.2656,109.869193914,1,2750000000,702000000,1172.3370748687996,1,22.83808,10.564170259882506,15.744,1,locked_combo,thor_measurements/combo_sweep_vla_auto_20260427_091937/cpufreq_1.836GHz_gpufreq_702MHz_emcfreq_2.750GHz/nvtx_ranges.csv,thor_measurements/combo_sweep_vla_auto_20260427_091937/cpufreq_1.836GHz_gpufreq_702MHz_emcfreq_2.750GHz/phase_metrics.csv,thor_measurements/combo_sweep_vla_auto_20260427_091937/cpufreq_1.836GHz_gpufreq_702MHz_emcfreq_2.750GHz/phase_summary.csv,thor_measurements/combo_sweep_vla_auto_20260427_091937/cpufreq_1.836GHz_gpufreq_702MHz_emcfreq_2.750GHz/telemetry_raw.csv,1836000000,2750000000,702000000,1836000000,20086,3763.4673171495865,75.902,33.795306482126854,59.555,/home/Thor/Workspace/jyjeong/Isaac-GR00T/thor_measurements/combo_sweep_vla_auto_20260427_091937/summary.csv,cpufreq_1.836GHz_gpufreq_702MHz_emcfreq_2.750GHz,96.80051859067358
2160000000,2750000000,702000000,2160000000,cpufreq_2.160GHz_gpufreq_702MHz_emcfreq_2.750GHz,2160000000.0,1,835.106717375046,11.03424,7.7183987200639965,8.6592,107.967109007,1,2750000000,702000000,1168.378882799941,1,22.83808,10.748342142892856,15.744,1,locked_combo,thor_measurements/combo_sweep_vla_auto_20260427_091937/cpufreq_2.160GHz_gpufreq_702MHz_emcfreq_2.750GHz/nvtx_ranges.csv,thor_measurements/combo_sweep_vla_auto_20260427_091937/cpufreq_2.160GHz_gpufreq_702MHz_emcfreq_2.750GHz/phase_metrics.csv,thor_measurements/combo_sweep_vla_auto_20260427_091937/cpufreq_2.160GHz_gpufreq_702MHz_emcfreq_2.750GHz/phase_summary.csv,thor_measurements/combo_sweep_vla_auto_20260427_091937/cpufreq_2.160GHz_gpufreq_702MHz_emcfreq_2.750GHz/telemetry_raw.csv,2160000000,2750000000,702000000,2160000000,20001,3779.861971769984,76.164,34.51337803109845,60.638,/home/Thor/Workspace/jyjeong/Isaac-GR00T/thor_measurements/combo_sweep_vla_auto_20260427_091937/summary.csv,cpufreq_2.160GHz_gpufreq_702MHz_emcfreq_2.750GHz,95.9100968402062
2430000000,2750000000,702000000,2430000000,cpufreq_2.430GHz_gpufreq_702MHz_emcfreq_2.750GHz,2430000000.0,1,631.7096048808838,12.21648,8.04852340684009,9.05648,78.30290899,1,2750000000,702000000,775.9026352355203,1,22.83808,9.823001780007925,15.7504,1,locked_combo,thor_measurements/combo_sweep_vla_auto_20260427_091937/cpufreq_2.430GHz_gpufreq_702MHz_emcfreq_2.750GHz/nvtx_ranges.csv,thor_measurements/combo_sweep_vla_auto_20260427_091937/cpufreq_2.430GHz_gpufreq_702MHz_emcfreq_2.750GHz/phase_metrics.csv,thor_measurements/combo_sweep_vla_auto_20260427_091937/cpufreq_2.430GHz_gpufreq_702MHz_emcfreq_2.750GHz/phase_summary.csv,thor_measurements/combo_sweep_vla_auto_20260427_091937/cpufreq_2.430GHz_gpufreq_702MHz_emcfreq_2.750GHz/telemetry_raw.csv,2430000000,2750000000,702000000,2430000000,15146,2672.3886507227644,76.28,33.66940235045556,59.945,/home/Thor/Workspace/jyjeong/Isaac-GR00T/thor_measurements/combo_sweep_vla_auto_20260427_091937/summary.csv,cpufreq_2.430GHz_gpufreq_702MHz_emcfreq_2.750GHz,95.36222279824561
2601000000,2750000000,702000000,2601000000,cpufreq_2.601GHz_gpufreq_702MHz_emcfreq_2.750GHz,2601000000.0,1,653.4774638023433,13.39328,8.46339558265942,9.45792,77.024552198,1,2750000000,702000000,758.1095615095393,1,22.83808,9.76999797428079,15.744,1,locked_combo,thor_measurements/combo_sweep_vla_auto_20260427_091937/cpufreq_2.601GHz_gpufreq_702MHz_emcfreq_2.750GHz/nvtx_ranges.csv,thor_measurements/combo_sweep_vla_auto_20260427_091937/cpufreq_2.601GHz_gpufreq_702MHz_emcfreq_2.750GHz/phase_metrics.csv,thor_measurements/combo_sweep_vla_auto_20260427_091937/cpufreq_2.601GHz_gpufreq_702MHz_emcfreq_2.750GHz/phase_summary.csv,thor_measurements/combo_sweep_vla_auto_20260427_091937/cpufreq_2.601GHz_gpufreq_702MHz_emcfreq_2.750GHz/telemetry_raw.csv,2601000000,2750000000,702000000,2601000000,15086,2653.4399094307164,77.11,34.00360373856556,60.3725,/home/Thor/Workspace/jyjeong/Isaac-GR00T/thor_measurements/combo_sweep_vla_auto_20260427_091937/summary.csv,cpufreq_2.601GHz_gpufreq_702MHz_emcfreq_2.750GHz,94.88113612844036
-1,3200000000,702000000,-1,cpufreq_default_gpufreq_702MHz_emcfreq_3.200GHz,361612902.4402124,1,647.3635871862225,9.45792,6.979517326968973,8.27568,93.689294941,1,3200000000,702000000,894.8967345658007,1,22.83808,9.331515635867712,14.56912,1,locked_combo,thor_measurements/combo_sweep_vla_auto_20260427_091937/cpufreq_default_gpufreq_702MHz_emcfreq_3.200GHz/nvtx_ranges.csv,thor_measurements/combo_sweep_vla_auto_20260427_091937/cpufreq_default_gpufreq_702MHz_emcfreq_3.200GHz/phase_metrics.csv,thor_measurements/combo_sweep_vla_auto_20260427_091937/cpufreq_default_gpufreq_702MHz_emcfreq_3.200GHz/phase_summary.csv,thor_measurements/combo_sweep_vla_auto_20260427_091937/cpufreq_default_gpufreq_702MHz_emcfreq_3.200GHz/telemetry_raw.csv,-1,3200000000,702000000,-1,5866,3035.8048642688864,77.874,32.857243436754175,55.645500000000006,/home/Thor/Workspace/jyjeong/Isaac-GR00T/thor_measurements/combo_sweep_vla_auto_20260427_091937/summary.csv,cpufreq_default_gpufreq_702MHz_emcfreq_3.200GHz,114.86001245081967
648000000,3200000000,702000000,648000000,cpufreq_648MHz_gpufreq_702MHz_emcfreq_3.200GHz,648000000.0,1,1123.5937674892807,8.6592,6.762176349307002,7.872,165.740716299,1,3200000000,702000000,1695.4583172690714,1,22.83808,10.14493575142676,14.9568,1,locked_combo,thor_measurements/combo_sweep_vla_auto_20260427_091937/cpufreq_648MHz_gpufreq_702MHz_emcfreq_3.200GHz/nvtx_ranges.csv,thor_measurements/combo_sweep_vla_auto_20260427_091937/cpufreq_648MHz_gpufreq_702MHz_emcfreq_3.200GHz/phase_metrics.csv,thor_measurements/combo_sweep_vla_auto_20260427_091937/cpufreq_648MHz_gpufreq_702MHz_emcfreq_3.200GHz/phase_summary.csv,thor_measurements/combo_sweep_vla_auto_20260427_091937/cpufreq_648MHz_gpufreq_702MHz_emcfreq_3.200GHz/telemetry_raw.csv,648000000,3200000000,702000000,648000000,22078,5489.337689148765,81.532,32.91088196394601,55.514,/home/Thor/Workspace/jyjeong/Isaac-GR00T/thor_measurements/combo_sweep_vla_auto_20260427_091937/summary.csv,cpufreq_648MHz_gpufreq_702MHz_emcfreq_3.200GHz,115.94761869924812
972000000,3200000000,702000000,972000000,cpufreq_972MHz_gpufreq_702MHz_emcfreq_3.200GHz,972000000.0,1,618.7243450181506,8.27568,6.6249156654305725,7.872,93.135712197,1,3200000000,702000000,829.8386943956539,1,22.84736,8.825517527812114,15.3504,1,locked_combo,thor_measurements/combo_sweep_vla_auto_20260427_091937/cpufreq_972MHz_gpufreq_702MHz_emcfreq_3.200GHz/nvtx_ranges.csv,thor_measurements/combo_sweep_vla_auto_20260427_091937/cpufreq_972MHz_gpufreq_702MHz_emcfreq_3.200GHz/phase_metrics.csv,thor_measurements/combo_sweep_vla_auto_20260427_091937/cpufreq_972MHz_gpufreq_702MHz_emcfreq_3.200GHz/phase_summary.csv,thor_measurements/combo_sweep_vla_auto_20260427_091937/cpufreq_972MHz_gpufreq_702MHz_emcfreq_3.200GHz/telemetry_raw.csv,972000000,3200000000,702000000,972000000,14562,2911.2769101757235,80.056,30.98926383738497,55.209900000000005,/home/Thor/Workspace/jyjeong/Isaac-GR00T/thor_measurements/combo_sweep_vla_auto_20260427_091937/summary.csv,cpufreq_972MHz_gpufreq_702MHz_emcfreq_3.200GHz,104.2234475321101
1242000000,3200000000,702000000,1242000000,cpufreq_1.242GHz_gpufreq_702MHz_emcfreq_3.200GHz,1242000000.0,1,610.5254727118652,8.66976,6.789384433862434,7.8752,89.829284441,1,3200000000,702000000,824.9142150554233,1,22.83808,9.14737034920635,15.35664,1,locked_combo,thor_measurements/combo_sweep_vla_auto_20260427_091937/cpufreq_1.242GHz_gpufreq_702MHz_emcfreq_3.200GHz/nvtx_ranges.csv,thor_measurements/combo_sweep_vla_auto_20260427_091937/cpufreq_1.242GHz_gpufreq_702MHz_emcfreq_3.200GHz/phase_metrics.csv,thor_measurements/combo_sweep_vla_auto_20260427_091937/cpufreq_1.242GHz_gpufreq_702MHz_emcfreq_3.200GHz/phase_summary.csv,thor_measurements/combo_sweep_vla_auto_20260427_091937/cpufreq_1.242GHz_gpufreq_702MHz_emcfreq_3.200GHz/telemetry_raw.csv,1242000000,3200000000,702000000,1242000000,15120,2853.6850392629954,80.27,31.542162566137566,56.2382,/home/Thor/Workspace/jyjeong/Isaac-GR00T/thor_measurements/combo_sweep_vla_auto_20260427_091937/summary.csv,cpufreq_1.242GHz_gpufreq_702MHz_emcfreq_3.200GHz,99.28861808035715
1566000000,3200000000,702000000,1566000000,cpufreq_1.566GHz_gpufreq_702MHz_emcfreq_3.200GHz,1566000000.0,1,575.5362356016657,9.06384,7.007750020449898,8.2656,81.971687758,1,3200000000,702000000,782.1698317359932,1,22.83808,9.470415912747102,15.744,1,locked_combo,thor_measurements/combo_sweep_vla_auto_20260427_091937/cpufreq_1.566GHz_gpufreq_702MHz_emcfreq_3.200GHz/nvtx_ranges.csv,thor_measurements/combo_sweep_vla_auto_20260427_091937/cpufreq_1.566GHz_gpufreq_702MHz_emcfreq_3.200GHz/phase_metrics.csv,thor_measurements/combo_sweep_vla_auto_20260427_091937/cpufreq_1.566GHz_gpufreq_702MHz_emcfreq_3.200GHz/phase_summary.csv,thor_measurements/combo_sweep_vla_auto_20260427_091937/cpufreq_1.566GHz_gpufreq_702MHz_emcfreq_3.200GHz/telemetry_raw.csv,1566000000,3200000000,702000000,1566000000,14670,2664.046294145708,79.756,32.18862017723245,57.694999999999986,/home/Thor/Workspace/jyjeong/Isaac-GR00T/thor_measurements/combo_sweep_vla_auto_20260427_091937/summary.csv,cpufreq_1.566GHz_gpufreq_702MHz_emcfreq_3.200GHz,96.26056435135135
1836000000,3200000000,702000000,1836000000,cpufreq_1.836GHz_gpufreq_702MHz_emcfreq_3.200GHz,1836000000.0,1,604.2553004420654,9.852,7.327472208479397,8.6592,82.315845275,1,3200000000,702000000,795.3873519074319,1,22.83808,9.598382887757126,15.744,1,locked_combo,thor_measurements/combo_sweep_vla_auto_20260427_091937/cpufreq_1.836GHz_gpufreq_702MHz_emcfreq_3.200GHz/nvtx_ranges.csv,thor_measurements/combo_sweep_vla_auto_20260427_091937/cpufreq_1.836GHz_gpufreq_702MHz_emcfreq_3.200GHz/phase_metrics.csv,thor_measurements/combo_sweep_vla_auto_20260427_091937/cpufreq_1.836GHz_gpufreq_702MHz_emcfreq_3.200GHz/phase_summary.csv,thor_measurements/combo_sweep_vla_auto_20260427_091937/cpufreq_1.836GHz_gpufreq_702MHz_emcfreq_3.200GHz/telemetry_raw.csv,1836000000,3200000000,702000000,1836000000,15119,2716.0486274011937,81.704,32.65588941067531,58.638,/home/Thor/Workspace/jyjeong/Isaac-GR00T/thor_measurements/combo_sweep_vla_auto_20260427_091937/summary.csv,cpufreq_1.836GHz_gpufreq_702MHz_emcfreq_3.200GHz,95.12535296491228
2160000000,3200000000,702000000,2160000000,cpufreq_2.160GHz_gpufreq_702MHz_emcfreq_3.200GHz,2160000000.0,1,844.3671434966584,11.03424,8.061975636622295,9.0528,104.564161807,1,3200000000,702000000,1140.4255588531207,1,22.83808,10.853976807235036,16.1376,1,locked_combo,thor_measurements/combo_sweep_vla_auto_20260427_091937/cpufreq_2.160GHz_gpufreq_702MHz_emcfreq_3.200GHz/nvtx_ranges.csv,thor_measurements/combo_sweep_vla_auto_20260427_091937/cpufreq_2.160GHz_gpufreq_702MHz_emcfreq_3.200GHz/phase_metrics.csv,thor_measurements/combo_sweep_vla_auto_20260427_091937/cpufreq_2.160GHz_gpufreq_702MHz_emcfreq_3.200GHz/phase_summary.csv,thor_measurements/combo_sweep_vla_auto_20260427_091937/cpufreq_2.160GHz_gpufreq_702MHz_emcfreq_3.200GHz/telemetry_raw.csv,2160000000,3200000000,702000000,2160000000,19682,3710.617670399192,82.706,35.11016664973072,61.4798,/home/Thor/Workspace/jyjeong/Isaac-GR00T/thor_measurements/combo_sweep_vla_auto_20260427_091937/summary.csv,cpufreq_2.160GHz_gpufreq_702MHz_emcfreq_3.200GHz,93.58071797382199
2430000000,3200000000,702000000,2430000000,cpufreq_2.430GHz_gpufreq_702MHz_emcfreq_3.200GHz,2430000000.0,1,649.4766089951933,12.61056,8.368881529482794,9.45024,77.459344643,1,3200000000,702000000,770.072433055024,1,22.83808,9.869014760850607,15.7504,1,locked_combo,thor_measurements/combo_sweep_vla_auto_20260427_091937/cpufreq_2.430GHz_gpufreq_702MHz_emcfreq_3.200GHz/nvtx_ranges.csv,thor_measurements/combo_sweep_vla_auto_20260427_091937/cpufreq_2.430GHz_gpufreq_702MHz_emcfreq_3.200GHz/phase_metrics.csv,thor_measurements/combo_sweep_vla_auto_20260427_091937/cpufreq_2.430GHz_gpufreq_702MHz_emcfreq_3.200GHz/phase_summary.csv,thor_measurements/combo_sweep_vla_auto_20260427_091937/cpufreq_2.430GHz_gpufreq_702MHz_emcfreq_3.200GHz/telemetry_raw.csv,2430000000,3200000000,702000000,2430000000,14907,2672.182739139176,81.548,34.095094519353324,60.899000000000015,/home/Thor/Workspace/jyjeong/Isaac-GR00T/thor_measurements/combo_sweep_vla_auto_20260427_091937/summary.csv,cpufreq_2.430GHz_gpufreq_702MHz_emcfreq_3.200GHz,93.2545396283186
2601000000,3200000000,702000000,2601000000,cpufreq_2.601GHz_gpufreq_702MHz_emcfreq_3.200GHz,2601000000.0,1,929.7612862985704,13.7872,9.00643847849836,10.2336,103.031376512,1,3200000000,702000000,1133.323219910239,1,22.83808,10.910114982619922,15.744,1,locked_combo,thor_measurements/combo_sweep_vla_auto_20260427_091937/cpufreq_2.601GHz_gpufreq_702MHz_emcfreq_3.200GHz/nvtx_ranges.csv,thor_measurements/combo_sweep_vla_auto_20260427_091937/cpufreq_2.601GHz_gpufreq_702MHz_emcfreq_3.200GHz/phase_metrics.csv,thor_measurements/combo_sweep_vla_auto_20260427_091937/cpufreq_2.601GHz_gpufreq_702MHz_emcfreq_3.200GHz/phase_summary.csv,thor_measurements/combo_sweep_vla_auto_20260427_091937/cpufreq_2.601GHz_gpufreq_702MHz_emcfreq_3.200GHz/telemetry_raw.csv,2601000000,3200000000,702000000,2601000000,20138,3775.6355897132735,83.436,36.14242218691032,62.878600000000006,/home/Thor/Workspace/jyjeong/Isaac-GR00T/thor_measurements/combo_sweep_vla_auto_20260427_091937/summary.csv,cpufreq_2.601GHz_gpufreq_702MHz_emcfreq_3.200GHz,92.84957888421053
-1,4266000000,702000000,-1,cpufreq_default_gpufreq_702MHz_emcfreq_4.266GHz,336028878.60745573,1,850.5329105901078,9.06384,7.259901141491904,8.27904,118.272378452,1,4266000000,702000000,1214.716092271427,1,22.83808,9.966298210777806,14.569119999999998,1,locked_combo,thor_measurements/combo_sweep_vla_auto_20260427_091937/cpufreq_default_gpufreq_702MHz_emcfreq_4.266GHz/nvtx_ranges.csv,thor_measurements/combo_sweep_vla_auto_20260427_091937/cpufreq_default_gpufreq_702MHz_emcfreq_4.266GHz/phase_metrics.csv,thor_measurements/combo_sweep_vla_auto_20260427_091937/cpufreq_default_gpufreq_702MHz_emcfreq_4.266GHz/phase_summary.csv,thor_measurements/combo_sweep_vla_auto_20260427_091937/cpufreq_default_gpufreq_702MHz_emcfreq_4.266GHz/telemetry_raw.csv,-1,4266000000,702000000,-1,7534,4011.2585727496785,82.628,34.408932041412264,57.0787,/home/Thor/Workspace/jyjeong/Isaac-GR00T/thor_measurements/combo_sweep_vla_auto_20260427_091937/summary.csv,cpufreq_default_gpufreq_702MHz_emcfreq_4.266GHz,113.98275688770055
648000000,4266000000,702000000,648000000,cpufreq_648MHz_gpufreq_702MHz_emcfreq_4.266GHz,648000000.0,1,1178.4360194362366,8.26896,6.937403709513048,7.8752,169.550968728,1,4266000000,702000000,1701.2385268329303,1,22.83808,9.971404861535737,14.9568,1,locked_combo,thor_measurements/combo_sweep_vla_auto_20260427_091937/cpufreq_648MHz_gpufreq_702MHz_emcfreq_4.266GHz/nvtx_ranges.csv,thor_measurements/combo_sweep_vla_auto_20260427_091937/cpufreq_648MHz_gpufreq_702MHz_emcfreq_4.266GHz/phase_metrics.csv,thor_measurements/combo_sweep_vla_auto_20260427_091937/cpufreq_648MHz_gpufreq_702MHz_emcfreq_4.266GHz/phase_summary.csv,thor_measurements/combo_sweep_vla_auto_20260427_091937/cpufreq_648MHz_gpufreq_702MHz_emcfreq_4.266GHz/telemetry_raw.csv,648000000,4266000000,702000000,648000000,22569,5642.75947087922,83.618,33.10954805263857,56.16239999999999,/home/Thor/Workspace/jyjeong/Isaac-GR00T/thor_measurements/combo_sweep_vla_auto_20260427_091937/summary.csv,cpufreq_648MHz_gpufreq_702MHz_emcfreq_4.266GHz,115.44239008208955
972000000,4266000000,702000000,972000000,cpufreq_972MHz_gpufreq_702MHz_emcfreq_4.266GHz,972000000.0,1,644.4505634898464,8.66976,6.818449836949198,8.2656,94.27965141,1,4266000000,702000000,846.9820073795896,1,22.84736,8.89817958765665,15.3504,1,locked_combo,thor_measurements/combo_sweep_vla_auto_20260427_091937/cpufreq_972MHz_gpufreq_702MHz_emcfreq_4.266GHz/nvtx_ranges.csv,thor_measurements/combo_sweep_vla_auto_20260427_091937/cpufreq_972MHz_gpufreq_702MHz_emcfreq_4.266GHz/phase_metrics.csv,thor_measurements/combo_sweep_vla_auto_20260427_091937/cpufreq_972MHz_gpufreq_702MHz_emcfreq_4.266GHz/phase_summary.csv,thor_measurements/combo_sweep_vla_auto_20260427_091937/cpufreq_972MHz_gpufreq_702MHz_emcfreq_4.266GHz/telemetry_raw.csv,972000000,4266000000,702000000,972000000,14842,2988.801723062084,81.462,31.45772550869155,56.2118,/home/Thor/Workspace/jyjeong/Isaac-GR00T/thor_measurements/combo_sweep_vla_auto_20260427_091937/summary.csv,cpufreq_972MHz_gpufreq_702MHz_emcfreq_4.266GHz,102.23776054867257
1242000000,4266000000,702000000,1242000000,cpufreq_1.242GHz_gpufreq_702MHz_emcfreq_4.266GHz,1242000000.0,1,806.9526931746719,9.06384,7.192498184938855,8.26896,112.041180312,1,4266000000,702000000,1158.6001185886698,1,22.83808,10.254163140956877,15.744,1,locked_combo,thor_measurements/combo_sweep_vla_auto_20260427_091937/cpufreq_1.242GHz_gpufreq_702MHz_emcfreq_4.266GHz/nvtx_ranges.csv,thor_measurements/combo_sweep_vla_auto_20260427_091937/cpufreq_1.242GHz_gpufreq_702MHz_emcfreq_4.266GHz/phase_metrics.csv,thor_measurements/combo_sweep_vla_auto_20260427_091937/cpufreq_1.242GHz_gpufreq_702MHz_emcfreq_4.266GHz/phase_summary.csv,thor_measurements/combo_sweep_vla_auto_20260427_091937/cpufreq_1.242GHz_gpufreq_702MHz_emcfreq_4.266GHz/telemetry_raw.csv,1242000000,4266000000,702000000,1242000000,18644,3804.442619344903,82.912,33.6208312593864,58.63819999999998,/home/Thor/Workspace/jyjeong/Isaac-GR00T/thor_measurements/combo_sweep_vla_auto_20260427_091937/summary.csv,cpufreq_1.242GHz_gpufreq_702MHz_emcfreq_4.266GHz,98.17288697849462
1566000000,4266000000,702000000,1566000000,cpufreq_1.566GHz_gpufreq_702MHz_emcfreq_4.266GHz,1566000000.0,1,603.4165548864936,9.45792,7.1623727112932,8.6592,83.987996078,1,4266000000,702000000,795.3112921390181,1,22.83808,9.37120689354391,15.744,1,locked_combo,thor_measurements/combo_sweep_vla_auto_20260427_091937/cpufreq_1.566GHz_gpufreq_702MHz_emcfreq_4.266GHz/nvtx_ranges.csv,thor_measurements/combo_sweep_vla_auto_20260427_091937/cpufreq_1.566GHz_gpufreq_702MHz_emcfreq_4.266GHz/phase_metrics.csv,thor_measurements/combo_sweep_vla_auto_20260427_091937/cpufreq_1.566GHz_gpufreq_702MHz_emcfreq_4.266GHz/phase_summary.csv,thor_measurements/combo_sweep_vla_auto_20260427_091937/cpufreq_1.566GHz_gpufreq_702MHz_emcfreq_4.266GHz/telemetry_raw.csv,1566000000,4266000000,702000000,1566000000,15133,2754.107704761815,83.052,32.38985184695699,58.574,/home/Thor/Workspace/jyjeong/Isaac-GR00T/thor_measurements/combo_sweep_vla_auto_20260427_091937/summary.csv,cpufreq_1.566GHz_gpufreq_702MHz_emcfreq_4.266GHz,95.41212597321429
1836000000,4266000000,702000000,1836000000,cpufreq_1.836GHz_gpufreq_702MHz_emcfreq_4.266GHz,1836000000.0,1,600.2383916351672,10.24608,7.494197089107585,8.66272,79.935254062,1,4266000000,702000000,770.6950787292008,1,22.83808,9.582448684474794,15.744,1,locked_combo,thor_measurements/combo_sweep_vla_auto_20260427_091937/cpufreq_1.836GHz_gpufreq_702MHz_emcfreq_4.266GHz/nvtx_ranges.csv,thor_measurements/combo_sweep_vla_auto_20260427_091937/cpufreq_1.836GHz_gpufreq_702MHz_emcfreq_4.266GHz/phase_metrics.csv,thor_measurements/combo_sweep_vla_auto_20260427_091937/cpufreq_1.836GHz_gpufreq_702MHz_emcfreq_4.266GHz/phase_summary.csv,thor_measurements/combo_sweep_vla_auto_20260427_091937/cpufreq_1.836GHz_gpufreq_702MHz_emcfreq_4.266GHz/telemetry_raw.csv,1836000000,4266000000,702000000,1836000000,14937,2666.001505553636,83.506,33.041658833768494,59.932,/home/Thor/Workspace/jyjeong/Isaac-GR00T/thor_measurements/combo_sweep_vla_auto_20260427_091937/summary.csv,cpufreq_1.836GHz_gpufreq_702MHz_emcfreq_4.266GHz,93.70932565454545
2160000000,4266000000,702000000,2160000000,cpufreq_2.160GHz_gpufreq_702MHz_emcfreq_4.266GHz,2160000000.0,1,855.2598617302069,11.42832,8.265221253245102,9.4464,103.39855884,1,4266000000,702000000,1139.5852057249597,1,22.83808,11.03630491626368,15.7504,1,locked_combo,thor_measurements/combo_sweep_vla_auto_20260427_091937/cpufreq_2.160GHz_gpufreq_702MHz_emcfreq_4.266GHz/nvtx_ranges.csv,thor_measurements/combo_sweep_vla_auto_20260427_091937/cpufreq_2.160GHz_gpufreq_702MHz_emcfreq_4.266GHz/phase_metrics.csv,thor_measurements/combo_sweep_vla_auto_20260427_091937/cpufreq_2.160GHz_gpufreq_702MHz_emcfreq_4.266GHz/phase_summary.csv,thor_measurements/combo_sweep_vla_auto_20260427_091937/cpufreq_2.160GHz_gpufreq_702MHz_emcfreq_4.266GHz/telemetry_raw.csv,2160000000,4266000000,702000000,2160000000,19645,3730.916953190065,84.936,35.78715530669381,62.569199999999995,/home/Thor/Workspace/jyjeong/Isaac-GR00T/thor_measurements/combo_sweep_vla_auto_20260427_091937/summary.csv,cpufreq_2.160GHz_gpufreq_702MHz_emcfreq_4.266GHz,92.2274651658031
2430000000,4266000000,702000000,2430000000,cpufreq_2.430GHz_gpufreq_702MHz_emcfreq_4.266GHz,2430000000.0,1,658.7174485310243,13.7872,8.509985735458063,9.84,77.20577228,1,4266000000,702000000,760.7999327295499,1,22.83808,9.763687722473604,15.7504,1,locked_combo,thor_measurements/combo_sweep_vla_auto_20260427_091937/cpufreq_2.430GHz_gpufreq_702MHz_emcfreq_4.266GHz/nvtx_ranges.csv,thor_measurements/combo_sweep_vla_auto_20260427_091937/cpufreq_2.430GHz_gpufreq_702MHz_emcfreq_4.266GHz/phase_metrics.csv,thor_measurements/combo_sweep_vla_auto_20260427_091937/cpufreq_2.430GHz_gpufreq_702MHz_emcfreq_4.266GHz/phase_summary.csv,thor_measurements/combo_sweep_vla_auto_20260427_091937/cpufreq_2.430GHz_gpufreq_702MHz_emcfreq_4.266GHz/telemetry_raw.csv,2430000000,4266000000,702000000,2430000000,15249,2679.0016526364584,84.776,34.30246481736508,61.174800000000005,/home/Thor/Workspace/jyjeong/Isaac-GR00T/thor_measurements/combo_sweep_vla_auto_20260427_091937/summary.csv,cpufreq_2.430GHz_gpufreq_702MHz_emcfreq_4.266GHz,91.83223266363638
2601000000,4266000000,702000000,2601000000,cpufreq_2.601GHz_gpufreq_702MHz_emcfreq_4.266GHz,2601000000.0,1,946.2519546467788,13.7872,9.179032846332657,10.23776,102.901160303,1,4266000000,702000000,1129.3943836504525,1,22.83808,10.919191849250703,15.744,1,locked_combo,thor_measurements/combo_sweep_vla_auto_20260427_091937/cpufreq_2.601GHz_gpufreq_702MHz_emcfreq_4.266GHz/nvtx_ranges.csv,thor_measurements/combo_sweep_vla_auto_20260427_091937/cpufreq_2.601GHz_gpufreq_702MHz_emcfreq_4.266GHz/phase_metrics.csv,thor_measurements/combo_sweep_vla_auto_20260427_091937/cpufreq_2.601GHz_gpufreq_702MHz_emcfreq_4.266GHz/phase_summary.csv,thor_measurements/combo_sweep_vla_auto_20260427_091937/cpufreq_2.601GHz_gpufreq_702MHz_emcfreq_4.266GHz/telemetry_raw.csv,2601000000,4266000000,702000000,2601000000,20219,3803.1477748936622,85.57,36.539323309758146,63.600199999999994,/home/Thor/Workspace/jyjeong/Isaac-GR00T/thor_measurements/combo_sweep_vla_auto_20260427_091937/summary.csv,cpufreq_2.601GHz_gpufreq_702MHz_emcfreq_4.266GHz,91.29365585185185
-1,-1,900000000,-1,cpufreq_default_gpufreq_900MHz_emcfreq_default,354178117.3784443,1,724.0166673181644,10.64016,8.43945217580821,9.844,85.736503323,1,-1,900000000,834.4395312485641,1,25.98816,9.549798183799492,15.3504,1,locked_combo,thor_measurements/combo_sweep_vla_auto_20260427_091937/cpufreq_default_gpufreq_900MHz_emcfreq_default/nvtx_ranges.csv,thor_measurements/combo_sweep_vla_auto_20260427_091937/cpufreq_default_gpufreq_900MHz_emcfreq_default/phase_metrics.csv,thor_measurements/combo_sweep_vla_auto_20260427_091937/cpufreq_default_gpufreq_900MHz_emcfreq_default/phase_summary.csv,thor_measurements/combo_sweep_vla_auto_20260427_091937/cpufreq_default_gpufreq_900MHz_emcfreq_default/telemetry_raw.csv,-1,-1,900000000,-1,5506,2936.9575977432287,80.014,34.429435524881946,62.2785,/home/Thor/Workspace/jyjeong/Isaac-GR00T/thor_measurements/combo_sweep_vla_auto_20260427_091937/summary.csv,cpufreq_default_gpufreq_900MHz_emcfreq_default,104.85742216513762
648000000,-1,900000000,648000000,cpufreq_648MHz_gpufreq_900MHz_emcfreq_default,648000000.0,1,1112.61713483375,10.2336,8.205614215616633,9.84,135.648596728,1,-1,900000000,1387.2997104475007,1,25.98816,10.215075119392385,15.744,1,locked_combo,thor_measurements/combo_sweep_vla_auto_20260427_091937/cpufreq_648MHz_gpufreq_900MHz_emcfreq_default/nvtx_ranges.csv,thor_measurements/combo_sweep_vla_auto_20260427_091937/cpufreq_648MHz_gpufreq_900MHz_emcfreq_default/phase_metrics.csv,thor_measurements/combo_sweep_vla_auto_20260427_091937/cpufreq_648MHz_gpufreq_900MHz_emcfreq_default/phase_summary.csv,thor_measurements/combo_sweep_vla_auto_20260427_091937/cpufreq_648MHz_gpufreq_900MHz_emcfreq_default/telemetry_raw.csv,648000000,-1,900000000,648000000,18301,4683.099361256373,79.364,34.32892792743566,62.484,/home/Thor/Workspace/jyjeong/Isaac-GR00T/thor_measurements/combo_sweep_vla_auto_20260427_091937/summary.csv,cpufreq_648MHz_gpufreq_900MHz_emcfreq_default,107.63555298941799
972000000,-1,900000000,972000000,cpufreq_972MHz_gpufreq_900MHz_emcfreq_default,972000000.0,1,746.159917514977,10.24608,8.062731107986878,9.84,92.520401759,1,-1,900000000,846.4210584436563,1,25.5944,9.108772835241346,16.1376,1,locked_combo,thor_measurements/combo_sweep_vla_auto_20260427_091937/cpufreq_972MHz_gpufreq_900MHz_emcfreq_default/nvtx_ranges.csv,thor_measurements/combo_sweep_vla_auto_20260427_091937/cpufreq_972MHz_gpufreq_900MHz_emcfreq_default/phase_metrics.csv,thor_measurements/combo_sweep_vla_auto_20260427_091937/cpufreq_972MHz_gpufreq_900MHz_emcfreq_default/phase_summary.csv,thor_measurements/combo_sweep_vla_auto_20260427_091937/cpufreq_972MHz_gpufreq_900MHz_emcfreq_default/telemetry_raw.csv,972000000,-1,900000000,972000000,14937,3060.6778551581233,79.896,32.78415250719689,62.5988,/home/Thor/Workspace/jyjeong/Isaac-GR00T/thor_measurements/combo_sweep_vla_auto_20260427_091937/summary.csv,cpufreq_972MHz_gpufreq_900MHz_emcfreq_default,93.2303825
1242000000,-1,900000000,1242000000,cpufreq_1.242GHz_gpufreq_900MHz_emcfreq_default,1242000000.0,1,952.4585767837472,10.64016,8.572248031160738,10.2336,111.009008231,1,-1,900000000,1178.0211600525458,1,25.5944,10.54203666580109,16.14416,1,locked_combo,thor_measurements/combo_sweep_vla_auto_20260427_091937/cpufreq_1.242GHz_gpufreq_900MHz_emcfreq_default/nvtx_ranges.csv,thor_measurements/combo_sweep_vla_auto_20260427_091937/cpufreq_1.242GHz_gpufreq_900MHz_emcfreq_default/phase_metrics.csv,thor_measurements/combo_sweep_vla_auto_20260427_091937/cpufreq_1.242GHz_gpufreq_900MHz_emcfreq_default/phase_summary.csv,thor_measurements/combo_sweep_vla_auto_20260427_091937/cpufreq_1.242GHz_gpufreq_900MHz_emcfreq_default/telemetry_raw.csv,1242000000,-1,900000000,1242000000,19255,3945.854983726183,79.794,35.04641516489224,64.81139999999998,/home/Thor/Workspace/jyjeong/Isaac-GR00T/thor_measurements/combo_sweep_vla_auto_20260427_091937/summary.csv,cpufreq_1.242GHz_gpufreq_900MHz_emcfreq_default,88.56948870967743
1566000000,-1,900000000,1566000000,cpufreq_1.566GHz_gpufreq_900MHz_emcfreq_default,1566000000.0,1,706.7137804617292,11.03424,8.46145219805048,10.23776,83.499886019,1,-1,900000000,809.1733616847689,1,25.5944,9.64811851010264,16.5312,1,locked_combo,thor_measurements/combo_sweep_vla_auto_20260427_091937/cpufreq_1.566GHz_gpufreq_900MHz_emcfreq_default/nvtx_ranges.csv,thor_measurements/combo_sweep_vla_auto_20260427_091937/cpufreq_1.566GHz_gpufreq_900MHz_emcfreq_default/phase_metrics.csv,thor_measurements/combo_sweep_vla_auto_20260427_091937/cpufreq_1.566GHz_gpufreq_900MHz_emcfreq_default/phase_summary.csv,thor_measurements/combo_sweep_vla_auto_20260427_091937/cpufreq_1.566GHz_gpufreq_900MHz_emcfreq_default/telemetry_raw.csv,1566000000,-1,900000000,1566000000,15491,2858.5359886795504,79.848,33.82172835840165,64.873,/home/Thor/Workspace/jyjeong/Isaac-GR00T/thor_measurements/combo_sweep_vla_auto_20260427_091937/summary.csv,cpufreq_1.566GHz_gpufreq_900MHz_emcfreq_default,85.81104432743363
1836000000,-1,900000000,1836000000,cpufreq_1.836GHz_gpufreq_900MHz_emcfreq_default,1836000000.0,1,946.7311096899348,11.8176,9.13130959810398,10.63152,103.489220746,1,-1,900000000,1154.439220092819,1,25.5944,11.063842097725784,16.9248,1,locked_combo,thor_measurements/combo_sweep_vla_auto_20260427_091937/cpufreq_1.836GHz_gpufreq_900MHz_emcfreq_default/nvtx_ranges.csv,thor_measurements/combo_sweep_vla_auto_20260427_091937/cpufreq_1.836GHz_gpufreq_900MHz_emcfreq_default/phase_metrics.csv,thor_measurements/combo_sweep_vla_auto_20260427_091937/cpufreq_1.836GHz_gpufreq_900MHz_emcfreq_default/phase_summary.csv,thor_measurements/combo_sweep_vla_auto_20260427_091937/cpufreq_1.836GHz_gpufreq_900MHz_emcfreq_default/telemetry_raw.csv,1836000000,-1,900000000,1836000000,19831,3821.173739064632,79.686,36.29629196712218,68.102,/home/Thor/Workspace/jyjeong/Isaac-GR00T/thor_measurements/combo_sweep_vla_auto_20260427_091937/summary.csv,cpufreq_1.836GHz_gpufreq_900MHz_emcfreq_default,83.88712171204189
2160000000,-1,900000000,2160000000,cpufreq_2.160GHz_gpufreq_900MHz_emcfreq_default,2160000000.0,1,713.9767873881244,12.99936,9.332311536255084,11.0208,76.495646215,1,-1,900000000,771.9487561141777,1,25.98816,10.027873588152891,16.9248,1,locked_combo,thor_measurements/combo_sweep_vla_auto_20260427_091937/cpufreq_2.160GHz_gpufreq_900MHz_emcfreq_default/nvtx_ranges.csv,thor_measurements/combo_sweep_vla_auto_20260427_091937/cpufreq_2.160GHz_gpufreq_900MHz_emcfreq_default/phase_metrics.csv,thor_measurements/combo_sweep_vla_auto_20260427_091937/cpufreq_2.160GHz_gpufreq_900MHz_emcfreq_default/phase_summary.csv,thor_measurements/combo_sweep_vla_auto_20260427_091937/cpufreq_2.160GHz_gpufreq_900MHz_emcfreq_default/telemetry_raw.csv,2160000000,-1,900000000,2160000000,14991,2727.7900375219087,80.586,35.12841398172237,66.30799999999999,/home/Thor/Workspace/jyjeong/Isaac-GR00T/thor_measurements/combo_sweep_vla_auto_20260427_091937/summary.csv,cpufreq_2.160GHz_gpufreq_900MHz_emcfreq_default,82.73491490909092
2430000000,-1,900000000,2430000000,cpufreq_2.430GHz_gpufreq_900MHz_emcfreq_default,2430000000.0,1,1285.8366870099824,14.56912,10.41039925904676,11.808,123.451946401,1,-1,900000000,1513.6705387347902,1,25.98816,12.156712259333634,16.9248,1,locked_combo,thor_measurements/combo_sweep_vla_auto_20260427_091937/cpufreq_2.430GHz_gpufreq_900MHz_emcfreq_default/nvtx_ranges.csv,thor_measurements/combo_sweep_vla_auto_20260427_091937/cpufreq_2.430GHz_gpufreq_900MHz_emcfreq_default/phase_metrics.csv,thor_measurements/combo_sweep_vla_auto_20260427_091937/cpufreq_2.430GHz_gpufreq_900MHz_emcfreq_default/phase_summary.csv,thor_measurements/combo_sweep_vla_auto_20260427_091937/cpufreq_2.430GHz_gpufreq_900MHz_emcfreq_default/telemetry_raw.csv,2430000000,-1,900000000,2430000000,24401,4906.29019519058,81.978,38.92329142248269,71.364,/home/Thor/Workspace/jyjeong/Isaac-GR00T/thor_measurements/combo_sweep_vla_auto_20260427_091937/summary.csv,cpufreq_2.430GHz_gpufreq_900MHz_emcfreq_default,81.78320695604395
2601000000,-1,900000000,2601000000,cpufreq_2.601GHz_gpufreq_900MHz_emcfreq_default,2601000000.0,1,772.0123330903186,15.744,10.30666165239162,12.2016,74.799882521,1,-1,900000000,767.4743582756645,1,25.98816,10.162342780339966,16.9248,1,locked_combo,thor_measurements/combo_sweep_vla_auto_20260427_091937/cpufreq_2.601GHz_gpufreq_900MHz_emcfreq_default/nvtx_ranges.csv,thor_measurements/combo_sweep_vla_auto_20260427_091937/cpufreq_2.601GHz_gpufreq_900MHz_emcfreq_default/phase_metrics.csv,thor_measurements/combo_sweep_vla_auto_20260427_091937/cpufreq_2.601GHz_gpufreq_900MHz_emcfreq_default/phase_summary.csv,thor_measurements/combo_sweep_vla_auto_20260427_091937/cpufreq_2.601GHz_gpufreq_900MHz_emcfreq_default/telemetry_raw.csv,2601000000,-1,900000000,2601000000,15178,2762.8772714685806,82.008,36.2517903544604,68.26660000000001,/home/Thor/Workspace/jyjeong/Isaac-GR00T/thor_measurements/combo_sweep_vla_auto_20260427_091937/summary.csv,cpufreq_2.601GHz_gpufreq_900MHz_emcfreq_default,81.26325846846846
-1,665600000,900000000,-1,cpufreq_default_gpufreq_900MHz_emcfreq_665MHz,355865564.86302924,1,775.633627768522,7.888,6.310852614896989,7.48752,123.427733253,1,665600000,900000000,1133.556258916383,1,25.98816,8.619223251980982,12.21648,1,locked_combo,thor_measurements/combo_sweep_vla_auto_20260427_091937/cpufreq_default_gpufreq_900MHz_emcfreq_665MHz/nvtx_ranges.csv,thor_measurements/combo_sweep_vla_auto_20260427_091937/cpufreq_default_gpufreq_900MHz_emcfreq_665MHz/phase_metrics.csv,thor_measurements/combo_sweep_vla_auto_20260427_091937/cpufreq_default_gpufreq_900MHz_emcfreq_665MHz/phase_summary.csv,thor_measurements/combo_sweep_vla_auto_20260427_091937/cpufreq_default_gpufreq_900MHz_emcfreq_665MHz/telemetry_raw.csv,-1,665600000,900000000,-1,6310,3827.6037698758896,48.694,30.27335530903328,42.0701,/home/Thor/Workspace/jyjeong/Isaac-GR00T/thor_measurements/combo_sweep_vla_auto_20260427_091937/summary.csv,cpufreq_default_gpufreq_900MHz_emcfreq_665MHz,256.4052055357143
648000000,665600000,900000000,648000000,cpufreq_648MHz_gpufreq_900MHz_emcfreq_665MHz,648000000.0,1,840.9758037386058,7.09344,5.84991134208133,6.69936,142.791145132,1,665600000,900000000,1243.063587513893,1,25.5944,8.5241866493439,12.21648,1,locked_combo,thor_measurements/combo_sweep_vla_auto_20260427_091937/cpufreq_648MHz_gpufreq_900MHz_emcfreq_665MHz/nvtx_ranges.csv,thor_measurements/combo_sweep_vla_auto_20260427_091937/cpufreq_648MHz_gpufreq_900MHz_emcfreq_665MHz/phase_metrics.csv,thor_measurements/combo_sweep_vla_auto_20260427_091937/cpufreq_648MHz_gpufreq_900MHz_emcfreq_665MHz/phase_summary.csv,thor_measurements/combo_sweep_vla_auto_20260427_091937/cpufreq_648MHz_gpufreq_900MHz_emcfreq_665MHz/telemetry_raw.csv,648000000,665600000,900000000,648000000,15394,4259.396829894774,49.63,29.08529920748344,42.3167,/home/Thor/Workspace/jyjeong/Isaac-GR00T/thor_measurements/combo_sweep_vla_auto_20260427_091937/summary.csv,cpufreq_648MHz_gpufreq_900MHz_emcfreq_665MHz,247.73293867272724
972000000,665600000,900000000,972000000,cpufreq_972MHz_gpufreq_900MHz_emcfreq_665MHz,972000000.0,1,1097.611817840086,7.48752,6.1177232394753736,6.69936,177.831148553,1,665600000,900000000,1690.34996796376,1,25.5944,9.192735210492524,12.21648,1,locked_combo,thor_measurements/combo_sweep_vla_auto_20260427_091937/cpufreq_972MHz_gpufreq_900MHz_emcfreq_665MHz/nvtx_ranges.csv,thor_measurements/combo_sweep_vla_auto_20260427_091937/cpufreq_972MHz_gpufreq_900MHz_emcfreq_665MHz/phase_metrics.csv,thor_measurements/combo_sweep_vla_auto_20260427_091937/cpufreq_972MHz_gpufreq_900MHz_emcfreq_665MHz/phase_summary.csv,thor_measurements/combo_sweep_vla_auto_20260427_091937/cpufreq_972MHz_gpufreq_900MHz_emcfreq_665MHz/telemetry_raw.csv,972000000,665600000,900000000,972000000,21806,5566.148144416287,48.07,30.26122470879574,43.1155,/home/Thor/Workspace/jyjeong/Isaac-GR00T/thor_measurements/combo_sweep_vla_auto_20260427_091937/summary.csv,cpufreq_972MHz_gpufreq_900MHz_emcfreq_665MHz,237.42212390052356
1242000000,665600000,900000000,1242000000,cpufreq_1.242GHz_gpufreq_900MHz_emcfreq_665MHz,1242000000.0,1,768.3817516041651,7.8816,6.095300944328669,6.69936,124.868778754,1,665600000,900000000,1111.3715197537854,1,25.5944,8.538713779100924,12.61056,1,locked_combo,thor_measurements/combo_sweep_vla_auto_20260427_091937/cpufreq_1.242GHz_gpufreq_900MHz_emcfreq_665MHz/nvtx_ranges.csv,thor_measurements/combo_sweep_vla_auto_20260427_091937/cpufreq_1.242GHz_gpufreq_900MHz_emcfreq_665MHz/phase_metrics.csv,thor_measurements/combo_sweep_vla_auto_20260427_091937/cpufreq_1.242GHz_gpufreq_900MHz_emcfreq_665MHz/phase_summary.csv,thor_measurements/combo_sweep_vla_auto_20260427_091937/cpufreq_1.242GHz_gpufreq_900MHz_emcfreq_665MHz/telemetry_raw.csv,1242000000,665600000,900000000,1242000000,16795,3801.796625349477,48.204,29.38452598987794,43.471799999999995,/home/Thor/Workspace/jyjeong/Isaac-GR00T/thor_measurements/combo_sweep_vla_auto_20260427_091937/summary.csv,cpufreq_1.242GHz_gpufreq_900MHz_emcfreq_665MHz,232.48749351785713
1566000000,665600000,900000000,1566000000,cpufreq_1.566GHz_gpufreq_900MHz_emcfreq_665MHz,1566000000.0,1,743.1160842646302,8.27568,6.2292090473591655,6.69936,118.119965877,1,665600000,900000000,1067.280112861481,1,25.5944,8.644210354738949,12.61056,1,locked_combo,thor_measurements/combo_sweep_vla_auto_20260427_091937/cpufreq_1.566GHz_gpufreq_900MHz_emcfreq_665MHz/nvtx_ranges.csv,thor_measurements/combo_sweep_vla_auto_20260427_091937/cpufreq_1.566GHz_gpufreq_900MHz_emcfreq_665MHz/phase_metrics.csv,thor_measurements/combo_sweep_vla_auto_20260427_091937/cpufreq_1.566GHz_gpufreq_900MHz_emcfreq_665MHz/phase_summary.csv,thor_measurements/combo_sweep_vla_auto_20260427_091937/cpufreq_1.566GHz_gpufreq_900MHz_emcfreq_665MHz/telemetry_raw.csv,1566000000,665600000,900000000,1566000000,16491,3635.1310425737393,48.332,29.629906009338427,44.004,/home/Thor/Workspace/jyjeong/Isaac-GR00T/thor_measurements/combo_sweep_vla_auto_20260427_091937/summary.csv,cpufreq_1.566GHz_gpufreq_900MHz_emcfreq_665MHz,231.62648133333334
1836000000,665600000,900000000,1836000000,cpufreq_1.836GHz_gpufreq_900MHz_emcfreq_665MHz,1836000000.0,1,778.7824084524567,9.06384,6.570993537284895,7.09344,117.506572157,1,665600000,900000000,1079.4009229636683,1,25.5944,8.816006233269597,12.61056,1,locked_combo,thor_measurements/combo_sweep_vla_auto_20260427_091937/cpufreq_1.836GHz_gpufreq_900MHz_emcfreq_665MHz/nvtx_ranges.csv,thor_measurements/combo_sweep_vla_auto_20260427_091937/cpufreq_1.836GHz_gpufreq_900MHz_emcfreq_665MHz/phase_metrics.csv,thor_measurements/combo_sweep_vla_auto_20260427_091937/cpufreq_1.836GHz_gpufreq_900MHz_emcfreq_665MHz/phase_summary.csv,thor_measurements/combo_sweep_vla_auto_20260427_091937/cpufreq_1.836GHz_gpufreq_900MHz_emcfreq_665MHz/telemetry_raw.csv,1836000000,665600000,900000000,1836000000,16736,3682.034620661209,49.514,30.191950764818355,44.585,/home/Thor/Workspace/jyjeong/Isaac-GR00T/thor_measurements/combo_sweep_vla_auto_20260427_091937/summary.csv,cpufreq_1.836GHz_gpufreq_900MHz_emcfreq_665MHz,230.11208296428572
2160000000,665600000,900000000,2160000000,cpufreq_2.160GHz_gpufreq_900MHz_emcfreq_665MHz,2160000000.0,1,794.8304104808002,9.45792,7.064636674769082,7.8784,111.607520389,1,665600000,900000000,1034.6188720837608,1,25.5944,8.935487039377733,12.61056,1,locked_combo,thor_measurements/combo_sweep_vla_auto_20260427_091937/cpufreq_2.160GHz_gpufreq_900MHz_emcfreq_665MHz/nvtx_ranges.csv,thor_measurements/combo_sweep_vla_auto_20260427_091937/cpufreq_2.160GHz_gpufreq_900MHz_emcfreq_665MHz/phase_metrics.csv,thor_measurements/combo_sweep_vla_auto_20260427_091937/cpufreq_2.160GHz_gpufreq_900MHz_emcfreq_665MHz/phase_summary.csv,thor_measurements/combo_sweep_vla_auto_20260427_091937/cpufreq_2.160GHz_gpufreq_900MHz_emcfreq_665MHz/telemetry_raw.csv,2160000000,665600000,900000000,2160000000,16456,3566.9839603805935,50.272,30.827311497326203,45.361,/home/Thor/Workspace/jyjeong/Isaac-GR00T/thor_measurements/combo_sweep_vla_auto_20260427_091937/summary.csv,cpufreq_2.160GHz_gpufreq_900MHz_emcfreq_665MHz,227.80750841666668
2430000000,665600000,900000000,2430000000,cpufreq_2.430GHz_gpufreq_900MHz_emcfreq_665MHz,2430000000.0,1,865.9643994201045,11.42832,7.531063065207045,8.27232,113.929504941,1,665600000,900000000,1061.4965017182676,1,25.5944,8.948243664921465,12.61056,1,locked_combo,thor_measurements/combo_sweep_vla_auto_20260427_091937/cpufreq_2.430GHz_gpufreq_900MHz_emcfreq_665MHz/nvtx_ranges.csv,thor_measurements/combo_sweep_vla_auto_20260427_091937/cpufreq_2.430GHz_gpufreq_900MHz_emcfreq_665MHz/phase_metrics.csv,thor_measurements/combo_sweep_vla_auto_20260427_091937/cpufreq_2.430GHz_gpufreq_900MHz_emcfreq_665MHz/phase_summary.csv,thor_measurements/combo_sweep_vla_auto_20260427_091937/cpufreq_2.430GHz_gpufreq_900MHz_emcfreq_665MHz/telemetry_raw.csv,2430000000,665600000,900000000,2430000000,16808,3701.4976415898223,50.798,31.26861494526416,45.868599999999994,/home/Thor/Workspace/jyjeong/Isaac-GR00T/thor_measurements/combo_sweep_vla_auto_20260427_091937/summary.csv,cpufreq_2.430GHz_gpufreq_900MHz_emcfreq_665MHz,228.27707883783785
2601000000,665600000,900000000,2601000000,cpufreq_2.601GHz_gpufreq_900MHz_emcfreq_665MHz,2601000000.0,1,934.5098076147132,12.21648,8.03812123954283,8.66976,115.285077162,1,665600000,900000000,1101.9680758293655,1,25.5944,9.268793147166257,12.605439999999998,1,locked_combo,thor_measurements/combo_sweep_vla_auto_20260427_091937/cpufreq_2.601GHz_gpufreq_900MHz_emcfreq_665MHz/nvtx_ranges.csv,thor_measurements/combo_sweep_vla_auto_20260427_091937/cpufreq_2.601GHz_gpufreq_900MHz_emcfreq_665MHz/phase_metrics.csv,thor_measurements/combo_sweep_vla_auto_20260427_091937/cpufreq_2.601GHz_gpufreq_900MHz_emcfreq_665MHz/phase_summary.csv,thor_measurements/combo_sweep_vla_auto_20260427_091937/cpufreq_2.601GHz_gpufreq_900MHz_emcfreq_665MHz/telemetry_raw.csv,2601000000,665600000,900000000,2601000000,16974,3844.656210171392,51.628,32.199087074349,46.3914,/home/Thor/Workspace/jyjeong/Isaac-GR00T/thor_measurements/combo_sweep_vla_auto_20260427_091937/summary.csv,cpufreq_2.601GHz_gpufreq_900MHz_emcfreq_665MHz,229.31888696638657
-1,2750000000,900000000,-1,cpufreq_default_gpufreq_900MHz_emcfreq_2.750GHz,338308220.48445547,1,587.8844170566974,8.27568,6.610318001144383,7.8816,89.410447295,1,2750000000,900000000,858.2008818914163,1,25.98816,9.536650253671562,14.962880000000002,1,locked_combo,thor_measurements/combo_sweep_vla_auto_20260427_091937/cpufreq_default_gpufreq_900MHz_emcfreq_2.750GHz/nvtx_ranges.csv,thor_measurements/combo_sweep_vla_auto_20260427_091937/cpufreq_default_gpufreq_900MHz_emcfreq_2.750GHz/phase_metrics.csv,thor_measurements/combo_sweep_vla_auto_20260427_091937/cpufreq_default_gpufreq_900MHz_emcfreq_2.750GHz/phase_summary.csv,thor_measurements/combo_sweep_vla_auto_20260427_091937/cpufreq_default_gpufreq_900MHz_emcfreq_2.750GHz/telemetry_raw.csv,-1,2750000000,900000000,-1,5243,2857.71270473076,75.046,32.44487659736792,58.4798,/home/Thor/Workspace/jyjeong/Isaac-GR00T/thor_measurements/combo_sweep_vla_auto_20260427_091937/summary.csv,cpufreq_default_gpufreq_900MHz_emcfreq_2.750GHz,109.90595387962964
648000000,2750000000,900000000,648000000,cpufreq_648MHz_gpufreq_900MHz_emcfreq_2.750GHz,648000000.0,1,686.9774271376672,7.48752,6.131499289067739,7.4784,111.808052959,1,2750000000,900000000,985.925962301025,1,25.5944,8.764510959087861,15.35664,1,locked_combo,thor_measurements/combo_sweep_vla_auto_20260427_091937/cpufreq_648MHz_gpufreq_900MHz_emcfreq_2.750GHz/nvtx_ranges.csv,thor_measurements/combo_sweep_vla_auto_20260427_091937/cpufreq_648MHz_gpufreq_900MHz_emcfreq_2.750GHz/phase_metrics.csv,thor_measurements/combo_sweep_vla_auto_20260427_091937/cpufreq_648MHz_gpufreq_900MHz_emcfreq_2.750GHz/phase_summary.csv,thor_measurements/combo_sweep_vla_auto_20260427_091937/cpufreq_648MHz_gpufreq_900MHz_emcfreq_2.750GHz/telemetry_raw.csv,648000000,2750000000,900000000,648000000,14910,3393.1846239932133,75.574,30.148409657947685,55.903399999999976,/home/Thor/Workspace/jyjeong/Isaac-GR00T/thor_measurements/combo_sweep_vla_auto_20260427_091937/summary.csv,cpufreq_648MHz_gpufreq_900MHz_emcfreq_2.750GHz,114.35885075
972000000,2750000000,900000000,972000000,cpufreq_972MHz_gpufreq_900MHz_emcfreq_2.750GHz,972000000.0,1,596.9263939641523,8.27568,6.3774212080169645,7.481440000000001,93.337856978,1,2750000000,900000000,859.844515862982,1,25.5944,9.121996131062316,16.1376,1,locked_combo,thor_measurements/combo_sweep_vla_auto_20260427_091937/cpufreq_972MHz_gpufreq_900MHz_emcfreq_2.750GHz/nvtx_ranges.csv,thor_measurements/combo_sweep_vla_auto_20260427_091937/cpufreq_972MHz_gpufreq_900MHz_emcfreq_2.750GHz/phase_metrics.csv,thor_measurements/combo_sweep_vla_auto_20260427_091937/cpufreq_972MHz_gpufreq_900MHz_emcfreq_2.750GHz/phase_summary.csv,thor_measurements/combo_sweep_vla_auto_20260427_091937/cpufreq_972MHz_gpufreq_900MHz_emcfreq_2.750GHz/telemetry_raw.csv,972000000,2750000000,900000000,972000000,14619,2920.5403155995414,74.946,30.98218947944456,58.0788,/home/Thor/Workspace/jyjeong/Isaac-GR00T/thor_measurements/combo_sweep_vla_auto_20260427_091937/summary.csv,cpufreq_972MHz_gpufreq_900MHz_emcfreq_2.750GHz,98.64850659999999
1242000000,2750000000,900000000,1242000000,cpufreq_1.242GHz_gpufreq_900MHz_emcfreq_2.750GHz,1242000000.0,1,561.9299161199724,8.66976,6.506537042606516,7.872,86.187319018,1,2750000000,900000000,819.4982955706,1,25.5944,9.45657245335561,16.14416,1,locked_combo,thor_measurements/combo_sweep_vla_auto_20260427_091937/cpufreq_1.242GHz_gpufreq_900MHz_emcfreq_2.750GHz/nvtx_ranges.csv,thor_measurements/combo_sweep_vla_auto_20260427_091937/cpufreq_1.242GHz_gpufreq_900MHz_emcfreq_2.750GHz/phase_metrics.csv,thor_measurements/combo_sweep_vla_auto_20260427_091937/cpufreq_1.242GHz_gpufreq_900MHz_emcfreq_2.750GHz/phase_summary.csv,thor_measurements/combo_sweep_vla_auto_20260427_091937/cpufreq_1.242GHz_gpufreq_900MHz_emcfreq_2.750GHz/telemetry_raw.csv,1242000000,2750000000,900000000,1242000000,14364,2741.865131234832,74.876,31.493777917014757,59.054,/home/Thor/Workspace/jyjeong/Isaac-GR00T/thor_measurements/combo_sweep_vla_auto_20260427_091937/summary.csv,cpufreq_1.242GHz_gpufreq_900MHz_emcfreq_2.750GHz,94.63600581481481
1566000000,2750000000,900000000,1566000000,cpufreq_1.566GHz_gpufreq_900MHz_emcfreq_2.750GHz,1566000000.0,1,580.2383828363426,9.06384,6.744083287240317,7.8752,85.86652084,1,2750000000,900000000,858.7597002351218,1,25.5944,9.924854252572253,16.14416,1,locked_combo,thor_measurements/combo_sweep_vla_auto_20260427_091937/cpufreq_1.566GHz_gpufreq_900MHz_emcfreq_2.750GHz/nvtx_ranges.csv,thor_measurements/combo_sweep_vla_auto_20260427_091937/cpufreq_1.566GHz_gpufreq_900MHz_emcfreq_2.750GHz/phase_metrics.csv,thor_measurements/combo_sweep_vla_auto_20260427_091937/cpufreq_1.566GHz_gpufreq_900MHz_emcfreq_2.750GHz/phase_summary.csv,thor_measurements/combo_sweep_vla_auto_20260427_091937/cpufreq_1.566GHz_gpufreq_900MHz_emcfreq_2.750GHz/telemetry_raw.csv,1566000000,2750000000,900000000,1566000000,15259,2809.2594991045867,75.56,32.307756078379974,59.7902,/home/Thor/Workspace/jyjeong/Isaac-GR00T/thor_measurements/combo_sweep_vla_auto_20260427_091937/summary.csv,cpufreq_1.566GHz_gpufreq_900MHz_emcfreq_2.750GHz,92.09184990082645
1836000000,2750000000,900000000,1836000000,cpufreq_1.836GHz_gpufreq_900MHz_emcfreq_2.750GHz,1836000000.0,1,566.6208681421112,9.852,7.0380024897175755,8.26896,80.27347467,1,2750000000,900000000,802.2376930366777,1,25.5944,9.890142999725802,16.5312,1,locked_combo,thor_measurements/combo_sweep_vla_auto_20260427_091937/cpufreq_1.836GHz_gpufreq_900MHz_emcfreq_2.750GHz/nvtx_ranges.csv,thor_measurements/combo_sweep_vla_auto_20260427_091937/cpufreq_1.836GHz_gpufreq_900MHz_emcfreq_2.750GHz/phase_metrics.csv,thor_measurements/combo_sweep_vla_auto_20260427_091937/cpufreq_1.836GHz_gpufreq_900MHz_emcfreq_2.750GHz/phase_summary.csv,thor_measurements/combo_sweep_vla_auto_20260427_091937/cpufreq_1.836GHz_gpufreq_900MHz_emcfreq_2.750GHz/telemetry_raw.csv,1836000000,2750000000,900000000,1836000000,14588,2650.233658875617,75.83,32.59046092678914,60.2366,/home/Thor/Workspace/jyjeong/Isaac-GR00T/thor_measurements/combo_sweep_vla_auto_20260427_091937/summary.csv,cpufreq_1.836GHz_gpufreq_900MHz_emcfreq_2.750GHz,89.94703682882883
2160000000,2750000000,900000000,2160000000,cpufreq_2.160GHz_gpufreq_900MHz_emcfreq_2.750GHz,2160000000.0,1,589.8375617030341,11.03424,7.527268100686499,8.66624,78.141230733,1,2750000000,900000000,790.6973421057182,1,25.5944,10.019804806878856,16.53792,1,locked_combo,thor_measurements/combo_sweep_vla_auto_20260427_091937/cpufreq_2.160GHz_gpufreq_900MHz_emcfreq_2.750GHz/nvtx_ranges.csv,thor_measurements/combo_sweep_vla_auto_20260427_091937/cpufreq_2.160GHz_gpufreq_900MHz_emcfreq_2.750GHz/phase_metrics.csv,thor_measurements/combo_sweep_vla_auto_20260427_091937/cpufreq_2.160GHz_gpufreq_900MHz_emcfreq_2.750GHz/phase_summary.csv,thor_measurements/combo_sweep_vla_auto_20260427_091937/cpufreq_2.160GHz_gpufreq_900MHz_emcfreq_2.750GHz/telemetry_raw.csv,2160000000,2750000000,900000000,2160000000,14421,2631.0055403960387,76.504,33.073575064142574,61.028,/home/Thor/Workspace/jyjeong/Isaac-GR00T/thor_measurements/combo_sweep_vla_auto_20260427_091937/summary.csv,cpufreq_2.160GHz_gpufreq_900MHz_emcfreq_2.750GHz,88.65029701818182
2430000000,2750000000,900000000,2430000000,cpufreq_2.430GHz_gpufreq_900MHz_emcfreq_2.750GHz,2430000000.0,1,606.0323906960083,12.21648,8.059087744089013,9.44256,75.014833413,1,2750000000,900000000,765.3438366088417,1,25.98816,10.135255321279557,16.53792,1,locked_combo,thor_measurements/combo_sweep_vla_auto_20260427_091937/cpufreq_2.430GHz_gpufreq_900MHz_emcfreq_2.750GHz/nvtx_ranges.csv,thor_measurements/combo_sweep_vla_auto_20260427_091937/cpufreq_2.430GHz_gpufreq_900MHz_emcfreq_2.750GHz/phase_metrics.csv,thor_measurements/combo_sweep_vla_auto_20260427_091937/cpufreq_2.430GHz_gpufreq_900MHz_emcfreq_2.750GHz/phase_summary.csv,thor_measurements/combo_sweep_vla_auto_20260427_091937/cpufreq_2.430GHz_gpufreq_900MHz_emcfreq_2.750GHz/telemetry_raw.csv,2430000000,2750000000,900000000,2430000000,14380,2582.3780788216236,76.63,33.90331682892907,63.04019999999999,/home/Thor/Workspace/jyjeong/Isaac-GR00T/thor_measurements/combo_sweep_vla_auto_20260427_091937/summary.csv,cpufreq_2.430GHz_gpufreq_900MHz_emcfreq_2.750GHz,86.96542137962963
2601000000,2750000000,900000000,2601000000,cpufreq_2.601GHz_gpufreq_900MHz_emcfreq_2.750GHz,2601000000.0,1,899.5682542050899,13.39328,8.673211222082811,9.84,103.483021792,1,2750000000,900000000,1165.0410506626265,1,25.98816,11.173015728983689,16.14416,1,locked_combo,thor_measurements/combo_sweep_vla_auto_20260427_091937/cpufreq_2.601GHz_gpufreq_900MHz_emcfreq_2.750GHz/nvtx_ranges.csv,thor_measurements/combo_sweep_vla_auto_20260427_091937/cpufreq_2.601GHz_gpufreq_900MHz_emcfreq_2.750GHz/phase_metrics.csv,thor_measurements/combo_sweep_vla_auto_20260427_091937/cpufreq_2.601GHz_gpufreq_900MHz_emcfreq_2.750GHz/phase_summary.csv,thor_measurements/combo_sweep_vla_auto_20260427_091937/cpufreq_2.601GHz_gpufreq_900MHz_emcfreq_2.750GHz/telemetry_raw.csv,2601000000,2750000000,900000000,2601000000,19925,3775.056076229563,77.954,35.88587834378921,65.812,/home/Thor/Workspace/jyjeong/Isaac-GR00T/thor_measurements/combo_sweep_vla_auto_20260427_091937/summary.csv,cpufreq_2.601GHz_gpufreq_900MHz_emcfreq_2.750GHz,87.38530313227514
-1,3200000000,900000000,-1,cpufreq_default_gpufreq_900MHz_emcfreq_3.200GHz,322480842.1392272,1,1037.7947027254384,9.06384,7.105209386787125,7.8816,146.198485242,1,3200000000,900000000,1639.949599317756,1,25.98816,11.112016298136648,15.35664,1,locked_combo,thor_measurements/combo_sweep_vla_auto_20260427_091937/cpufreq_default_gpufreq_900MHz_emcfreq_3.200GHz/nvtx_ranges.csv,thor_measurements/combo_sweep_vla_auto_20260427_091937/cpufreq_default_gpufreq_900MHz_emcfreq_3.200GHz/phase_metrics.csv,thor_measurements/combo_sweep_vla_auto_20260427_091937/cpufreq_default_gpufreq_900MHz_emcfreq_3.200GHz/phase_summary.csv,thor_measurements/combo_sweep_vla_auto_20260427_091937/cpufreq_default_gpufreq_900MHz_emcfreq_3.200GHz/telemetry_raw.csv,-1,3200000000,900000000,-1,8855,5090.3887189544375,81.258,35.46326482213439,60.75799999999999,/home/Thor/Workspace/jyjeong/Isaac-GR00T/thor_measurements/combo_sweep_vla_auto_20260427_091937/summary.csv,cpufreq_default_gpufreq_900MHz_emcfreq_3.200GHz,106.8210968560606
648000000,3200000000,900000000,648000000,cpufreq_648MHz_gpufreq_900MHz_emcfreq_3.200GHz,648000000.0,1,699.9444692870109,8.26896,6.440232095857583,7.872,108.424919257,1,3200000000,900000000,944.3716780924004,1,25.98816,8.649420729887025,15.356640000000002,1,locked_combo,thor_measurements/combo_sweep_vla_auto_20260427_091937/cpufreq_648MHz_gpufreq_900MHz_emcfreq_3.200GHz/nvtx_ranges.csv,thor_measurements/combo_sweep_vla_auto_20260427_091937/cpufreq_648MHz_gpufreq_900MHz_emcfreq_3.200GHz/phase_metrics.csv,thor_measurements/combo_sweep_vla_auto_20260427_091937/cpufreq_648MHz_gpufreq_900MHz_emcfreq_3.200GHz/phase_summary.csv,thor_measurements/combo_sweep_vla_auto_20260427_091937/cpufreq_648MHz_gpufreq_900MHz_emcfreq_3.200GHz/telemetry_raw.csv,648000000,3200000000,900000000,648000000,14605,3323.5296778378856,81.66,30.46414693598083,57.25800000000001,/home/Thor/Workspace/jyjeong/Isaac-GR00T/thor_measurements/combo_sweep_vla_auto_20260427_091937/summary.csv,cpufreq_648MHz_gpufreq_900MHz_emcfreq_3.200GHz,111.70390428828829
972000000,3200000000,900000000,972000000,cpufreq_972MHz_gpufreq_900MHz_emcfreq_3.200GHz,972000000.0,1,840.8553592257978,8.27568,6.89199823255814,7.8752,121.775465682,1,3200000000,900000000,1260.285334561266,1,25.98816,10.264926029598309,15.7504,1,locked_combo,thor_measurements/combo_sweep_vla_auto_20260427_091937/cpufreq_972MHz_gpufreq_900MHz_emcfreq_3.200GHz/nvtx_ranges.csv,thor_measurements/combo_sweep_vla_auto_20260427_091937/cpufreq_972MHz_gpufreq_900MHz_emcfreq_3.200GHz/phase_metrics.csv,thor_measurements/combo_sweep_vla_auto_20260427_091937/cpufreq_972MHz_gpufreq_900MHz_emcfreq_3.200GHz/phase_summary.csv,thor_measurements/combo_sweep_vla_auto_20260427_091937/cpufreq_972MHz_gpufreq_900MHz_emcfreq_3.200GHz/telemetry_raw.csv,972000000,3200000000,900000000,972000000,18920,4068.741905205373,81.364,33.104537103594076,60.302599999999984,/home/Thor/Workspace/jyjeong/Isaac-GR00T/thor_measurements/combo_sweep_vla_auto_20260427_091937/summary.csv,cpufreq_972MHz_gpufreq_900MHz_emcfreq_3.200GHz,95.49089219270833
1242000000,3200000000,900000000,1242000000,cpufreq_1.242GHz_gpufreq_900MHz_emcfreq_3.200GHz,1242000000.0,1,820.7027206030028,8.66976,7.00881692782983,8.2656,116.823165395,1,3200000000,900000000,1233.6547931867076,1,25.5944,10.477087837933654,16.1376,1,locked_combo,thor_measurements/combo_sweep_vla_auto_20260427_091937/cpufreq_1.242GHz_gpufreq_900MHz_emcfreq_3.200GHz/nvtx_ranges.csv,thor_measurements/combo_sweep_vla_auto_20260427_091937/cpufreq_1.242GHz_gpufreq_900MHz_emcfreq_3.200GHz/phase_metrics.csv,thor_measurements/combo_sweep_vla_auto_20260427_091937/cpufreq_1.242GHz_gpufreq_900MHz_emcfreq_3.200GHz/phase_summary.csv,thor_measurements/combo_sweep_vla_auto_20260427_091937/cpufreq_1.242GHz_gpufreq_900MHz_emcfreq_3.200GHz/telemetry_raw.csv,1242000000,3200000000,900000000,1242000000,19745,3948.079628376732,81.834,33.37648579387187,61.2176,/home/Thor/Workspace/jyjeong/Isaac-GR00T/thor_measurements/combo_sweep_vla_auto_20260427_091937/summary.csv,cpufreq_1.242GHz_gpufreq_900MHz_emcfreq_3.200GHz,91.3629567539267
1566000000,3200000000,900000000,1566000000,cpufreq_1.566GHz_gpufreq_900MHz_emcfreq_3.200GHz,1566000000.0,1,785.6944875008628,9.45792,7.203316970913771,8.26896,108.803699553,1,3200000000,900000000,1184.1210980083767,1,25.98816,10.795536275933076,16.14416,1,locked_combo,thor_measurements/combo_sweep_vla_auto_20260427_091937/cpufreq_1.566GHz_gpufreq_900MHz_emcfreq_3.200GHz/nvtx_ranges.csv,thor_measurements/combo_sweep_vla_auto_20260427_091937/cpufreq_1.566GHz_gpufreq_900MHz_emcfreq_3.200GHz/phase_metrics.csv,thor_measurements/combo_sweep_vla_auto_20260427_091937/cpufreq_1.566GHz_gpufreq_900MHz_emcfreq_3.200GHz/phase_summary.csv,thor_measurements/combo_sweep_vla_auto_20260427_091937/cpufreq_1.566GHz_gpufreq_900MHz_emcfreq_3.200GHz/telemetry_raw.csv,1566000000,3200000000,900000000,1566000000,19425,3747.730063739883,80.762,34.003619562419566,62.36279999999999,/home/Thor/Workspace/jyjeong/Isaac-GR00T/thor_measurements/combo_sweep_vla_auto_20260427_091937/summary.csv,cpufreq_1.566GHz_gpufreq_900MHz_emcfreq_3.200GHz,89.29158524468086
1836000000,3200000000,900000000,1836000000,cpufreq_1.836GHz_gpufreq_900MHz_emcfreq_3.200GHz,1836000000.0,1,784.0899541788324,10.24608,7.607237631018322,8.66272,102.817280909,1,3200000000,900000000,1159.7924163509472,1,25.5944,11.194577230507033,16.54464,1,locked_combo,thor_measurements/combo_sweep_vla_auto_20260427_091937/cpufreq_1.836GHz_gpufreq_900MHz_emcfreq_3.200GHz/nvtx_ranges.csv,thor_measurements/combo_sweep_vla_auto_20260427_091937/cpufreq_1.836GHz_gpufreq_900MHz_emcfreq_3.200GHz/phase_metrics.csv,thor_measurements/combo_sweep_vla_auto_20260427_091937/cpufreq_1.836GHz_gpufreq_900MHz_emcfreq_3.200GHz/phase_summary.csv,thor_measurements/combo_sweep_vla_auto_20260427_091937/cpufreq_1.836GHz_gpufreq_900MHz_emcfreq_3.200GHz/telemetry_raw.csv,1836000000,3200000000,900000000,1836000000,18776,3640.0889867317983,82.326,34.899103536429486,64.4225,/home/Thor/Workspace/jyjeong/Isaac-GR00T/thor_measurements/combo_sweep_vla_auto_20260427_091937/summary.csv,cpufreq_1.836GHz_gpufreq_900MHz_emcfreq_3.200GHz,87.18859422631579
2160000000,3200000000,900000000,2160000000,cpufreq_2.160GHz_gpufreq_900MHz_emcfreq_3.200GHz,2160000000.0,1,606.2100644856149,11.42832,7.866815700525993,9.06016,76.896092807,1,3200000000,900000000,777.5163684000584,1,25.98816,10.020263548056562,16.53792,1,locked_combo,thor_measurements/combo_sweep_vla_auto_20260427_091937/cpufreq_2.160GHz_gpufreq_900MHz_emcfreq_3.200GHz/nvtx_ranges.csv,thor_measurements/combo_sweep_vla_auto_20260427_091937/cpufreq_2.160GHz_gpufreq_900MHz_emcfreq_3.200GHz/phase_metrics.csv,thor_measurements/combo_sweep_vla_auto_20260427_091937/cpufreq_2.160GHz_gpufreq_900MHz_emcfreq_3.200GHz/phase_summary.csv,thor_measurements/combo_sweep_vla_auto_20260427_091937/cpufreq_2.160GHz_gpufreq_900MHz_emcfreq_3.200GHz/telemetry_raw.csv,2160000000,3200000000,900000000,2160000000,14639,2619.4305735371977,83.244,33.64541526060523,63.53260000000001,/home/Thor/Workspace/jyjeong/Isaac-GR00T/thor_measurements/combo_sweep_vla_auto_20260427_091937/summary.csv,cpufreq_2.160GHz_gpufreq_900MHz_emcfreq_3.200GHz,85.77650908333334
2430000000,3200000000,900000000,2430000000,cpufreq_2.430GHz_gpufreq_900MHz_emcfreq_3.200GHz,2430000000.0,1,630.8896132823995,12.60544,8.35203854550435,9.84,75.353722367,1,3200000000,900000000,772.6530500213402,1,25.98816,10.203122065329042,16.9248,1,locked_combo,thor_measurements/combo_sweep_vla_auto_20260427_091937/cpufreq_2.430GHz_gpufreq_900MHz_emcfreq_3.200GHz/nvtx_ranges.csv,thor_measurements/combo_sweep_vla_auto_20260427_091937/cpufreq_2.430GHz_gpufreq_900MHz_emcfreq_3.200GHz/phase_metrics.csv,thor_measurements/combo_sweep_vla_auto_20260427_091937/cpufreq_2.430GHz_gpufreq_900MHz_emcfreq_3.200GHz/phase_summary.csv,thor_measurements/combo_sweep_vla_auto_20260427_091937/cpufreq_2.430GHz_gpufreq_900MHz_emcfreq_3.200GHz/telemetry_raw.csv,2430000000,3200000000,900000000,2430000000,14603,2620.1571365873765,83.24,34.35260398548243,64.7308,/home/Thor/Workspace/jyjeong/Isaac-GR00T/thor_measurements/combo_sweep_vla_auto_20260427_091937/summary.csv,cpufreq_2.430GHz_gpufreq_900MHz_emcfreq_3.200GHz,84.6601300733945
2601000000,3200000000,900000000,2601000000,cpufreq_2.601GHz_gpufreq_900MHz_emcfreq_3.200GHz,2601000000.0,1,660.9000523058525,14.18112,8.800932850261212,10.2336,74.970393725,1,3200000000,900000000,783.3860591822066,1,25.98816,10.3805553049732,16.9248,1,locked_combo,thor_measurements/combo_sweep_vla_auto_20260427_091937/cpufreq_2.601GHz_gpufreq_900MHz_emcfreq_3.200GHz/nvtx_ranges.csv,thor_measurements/combo_sweep_vla_auto_20260427_091937/cpufreq_2.601GHz_gpufreq_900MHz_emcfreq_3.200GHz/phase_metrics.csv,thor_measurements/combo_sweep_vla_auto_20260427_091937/cpufreq_2.601GHz_gpufreq_900MHz_emcfreq_3.200GHz/phase_summary.csv,thor_measurements/combo_sweep_vla_auto_20260427_091937/cpufreq_2.601GHz_gpufreq_900MHz_emcfreq_3.200GHz/telemetry_raw.csv,2601000000,3200000000,900000000,2601000000,14739,2650.814589528662,84.714,34.91272094443313,64.77520000000001,/home/Thor/Workspace/jyjeong/Isaac-GR00T/thor_measurements/combo_sweep_vla_auto_20260427_091937/summary.csv,cpufreq_2.601GHz_gpufreq_900MHz_emcfreq_3.200GHz,84.4628581588785
-1,4266000000,900000000,-1,cpufreq_default_gpufreq_900MHz_emcfreq_4.266GHz,326033231.84685487,1,861.3980886780311,9.06384,7.204694113386266,8.2656,119.963138349,1,4266000000,900000000,1271.5625887556073,1,25.98816,10.88447919765984,15.35664,1,locked_combo,thor_measurements/combo_sweep_vla_auto_20260427_091937/cpufreq_default_gpufreq_900MHz_emcfreq_4.266GHz/nvtx_ranges.csv,thor_measurements/combo_sweep_vla_auto_20260427_091937/cpufreq_default_gpufreq_900MHz_emcfreq_4.266GHz/phase_metrics.csv,thor_measurements/combo_sweep_vla_auto_20260427_091937/cpufreq_default_gpufreq_900MHz_emcfreq_4.266GHz/phase_summary.csv,thor_measurements/combo_sweep_vla_auto_20260427_091937/cpufreq_default_gpufreq_900MHz_emcfreq_4.266GHz/telemetry_raw.csv,-1,4266000000,900000000,-1,7179,4122.413993834287,84.196,35.431489343919765,62.0974,/home/Thor/Workspace/jyjeong/Isaac-GR00T/thor_measurements/combo_sweep_vla_auto_20260427_091937/summary.csv,cpufreq_default_gpufreq_900MHz_emcfreq_4.266GHz,105.25177998421053
648000000,4266000000,900000000,648000000,cpufreq_648MHz_gpufreq_900MHz_emcfreq_4.266GHz,648000000.0,1,950.848850672554,8.66272,6.825938143081166,7.8752,139.067283472,1,4266000000,900000000,1350.8221874295089,1,25.98816,9.70836563889039,15.35664,1,locked_combo,thor_measurements/combo_sweep_vla_auto_20260427_091937/cpufreq_648MHz_gpufreq_900MHz_emcfreq_4.266GHz/nvtx_ranges.csv,thor_measurements/combo_sweep_vla_auto_20260427_091937/cpufreq_648MHz_gpufreq_900MHz_emcfreq_4.266GHz/phase_metrics.csv,thor_measurements/combo_sweep_vla_auto_20260427_091937/cpufreq_648MHz_gpufreq_900MHz_emcfreq_4.266GHz/phase_summary.csv,thor_measurements/combo_sweep_vla_auto_20260427_091937/cpufreq_648MHz_gpufreq_900MHz_emcfreq_4.266GHz/telemetry_raw.csv,648000000,4266000000,900000000,648000000,18493,4541.356196934307,83.79,32.53710733791164,59.473200000000006,/home/Thor/Workspace/jyjeong/Isaac-GR00T/thor_measurements/combo_sweep_vla_auto_20260427_091937/summary.csv,cpufreq_648MHz_gpufreq_900MHz_emcfreq_4.266GHz,113.2574382746114
972000000,4266000000,900000000,972000000,cpufreq_972MHz_gpufreq_900MHz_emcfreq_4.266GHz,972000000.0,1,640.8231028612621,8.66976,6.86674112109777,8.2656,93.167856557,1,4266000000,900000000,866.2845177616679,1,25.98816,9.245934183190396,16.1376,1,locked_combo,thor_measurements/combo_sweep_vla_auto_20260427_091937/cpufreq_972MHz_gpufreq_900MHz_emcfreq_4.266GHz/nvtx_ranges.csv,thor_measurements/combo_sweep_vla_auto_20260427_091937/cpufreq_972MHz_gpufreq_900MHz_emcfreq_4.266GHz/phase_metrics.csv,thor_measurements/combo_sweep_vla_auto_20260427_091937/cpufreq_972MHz_gpufreq_900MHz_emcfreq_4.266GHz/phase_summary.csv,thor_measurements/combo_sweep_vla_auto_20260427_091937/cpufreq_972MHz_gpufreq_900MHz_emcfreq_4.266GHz/telemetry_raw.csv,972000000,4266000000,900000000,972000000,14575,2989.0738990889454,84.364,31.849295506003433,60.06899999999999,/home/Thor/Workspace/jyjeong/Isaac-GR00T/thor_measurements/combo_sweep_vla_auto_20260427_091937/summary.csv,cpufreq_972MHz_gpufreq_900MHz_emcfreq_4.266GHz,94.36768860176991
1242000000,4266000000,900000000,1242000000,cpufreq_1.242GHz_gpufreq_900MHz_emcfreq_4.266GHz,1242000000.0,1,806.8401341933059,9.06384,7.25436770735857,8.6592,110.908214915,1,4266000000,900000000,1198.0146373284545,1,25.98816,10.70842532539345,16.5312,1,locked_combo,thor_measurements/combo_sweep_vla_auto_20260427_091937/cpufreq_1.242GHz_gpufreq_900MHz_emcfreq_4.266GHz/nvtx_ranges.csv,thor_measurements/combo_sweep_vla_auto_20260427_091937/cpufreq_1.242GHz_gpufreq_900MHz_emcfreq_4.266GHz/phase_metrics.csv,thor_measurements/combo_sweep_vla_auto_20260427_091937/cpufreq_1.242GHz_gpufreq_900MHz_emcfreq_4.266GHz/phase_summary.csv,thor_measurements/combo_sweep_vla_auto_20260427_091937/cpufreq_1.242GHz_gpufreq_900MHz_emcfreq_4.266GHz/telemetry_raw.csv,1242000000,4266000000,900000000,1242000000,18808,3837.618586278006,84.342,34.19663100808167,62.477999999999994,/home/Thor/Workspace/jyjeong/Isaac-GR00T/thor_measurements/combo_sweep_vla_auto_20260427_091937/summary.csv,cpufreq_1.242GHz_gpufreq_900MHz_emcfreq_4.266GHz,89.94046253157896
1566000000,4266000000,900000000,1566000000,cpufreq_1.566GHz_gpufreq_900MHz_emcfreq_4.266GHz,1566000000.0,1,583.2012538697428,9.45792,7.1753077484122105,8.6592,81.036437407,1,4266000000,900000000,798.3536765619193,1,25.98816,9.75987835279656,16.53792,1,locked_combo,thor_measurements/combo_sweep_vla_auto_20260427_091937/cpufreq_1.566GHz_gpufreq_900MHz_emcfreq_4.266GHz/nvtx_ranges.csv,thor_measurements/combo_sweep_vla_auto_20260427_091937/cpufreq_1.566GHz_gpufreq_900MHz_emcfreq_4.266GHz/phase_metrics.csv,thor_measurements/combo_sweep_vla_auto_20260427_091937/cpufreq_1.566GHz_gpufreq_900MHz_emcfreq_4.266GHz/phase_summary.csv,thor_measurements/combo_sweep_vla_auto_20260427_091937/cpufreq_1.566GHz_gpufreq_900MHz_emcfreq_4.266GHz/telemetry_raw.csv,1566000000,4266000000,900000000,1566000000,14643,2688.8504069640303,84.384,32.79389947415147,62.0706,/home/Thor/Workspace/jyjeong/Isaac-GR00T/thor_measurements/combo_sweep_vla_auto_20260427_091937/summary.csv,cpufreq_1.566GHz_gpufreq_900MHz_emcfreq_4.266GHz,87.02720088073394
1836000000,4266000000,900000000,1836000000,cpufreq_1.836GHz_gpufreq_900MHz_emcfreq_4.266GHz,1836000000.0,1,599.7993865317743,10.24608,7.498439200807266,9.04912,79.757064849,1,4266000000,900000000,796.9623870969262,1,25.5944,9.91283024554322,16.53792,1,locked_combo,thor_measurements/combo_sweep_vla_auto_20260427_091937/cpufreq_1.836GHz_gpufreq_900MHz_emcfreq_4.266GHz/nvtx_ranges.csv,thor_measurements/combo_sweep_vla_auto_20260427_091937/cpufreq_1.836GHz_gpufreq_900MHz_emcfreq_4.266GHz/phase_metrics.csv,thor_measurements/combo_sweep_vla_auto_20260427_091937/cpufreq_1.836GHz_gpufreq_900MHz_emcfreq_4.266GHz/phase_summary.csv,thor_measurements/combo_sweep_vla_auto_20260427_091937/cpufreq_1.836GHz_gpufreq_900MHz_emcfreq_4.266GHz/telemetry_raw.csv,1836000000,4266000000,900000000,1836000000,14865,2689.716137090062,84.17,33.29080511268079,63.03999999999998,/home/Thor/Workspace/jyjeong/Isaac-GR00T/thor_measurements/combo_sweep_vla_auto_20260427_091937/summary.csv,cpufreq_1.836GHz_gpufreq_900MHz_emcfreq_4.266GHz,85.72980258558559
2160000000,4266000000,900000000,2160000000,cpufreq_2.160GHz_gpufreq_900MHz_emcfreq_4.266GHz,2160000000.0,1,608.1353057751702,11.8176,8.06755921849202,9.4464,75.218007031,1,4266000000,900000000,775.5388598699236,1,25.98816,10.2490475729224,16.9248,1,locked_combo,thor_measurements/combo_sweep_vla_auto_20260427_091937/cpufreq_2.160GHz_gpufreq_900MHz_emcfreq_4.266GHz/nvtx_ranges.csv,thor_measurements/combo_sweep_vla_auto_20260427_091937/cpufreq_2.160GHz_gpufreq_900MHz_emcfreq_4.266GHz/phase_metrics.csv,thor_measurements/combo_sweep_vla_auto_20260427_091937/cpufreq_2.160GHz_gpufreq_900MHz_emcfreq_4.266GHz/phase_summary.csv,thor_measurements/combo_sweep_vla_auto_20260427_091937/cpufreq_2.160GHz_gpufreq_900MHz_emcfreq_4.266GHz/telemetry_raw.csv,2160000000,4266000000,900000000,2160000000,14536,2617.1679163611675,85.134,34.38645253164557,65.291,/home/Thor/Workspace/jyjeong/Isaac-GR00T/thor_measurements/combo_sweep_vla_auto_20260427_091937/summary.csv,cpufreq_2.160GHz_gpufreq_900MHz_emcfreq_4.266GHz,83.43147350450451
2430000000,4266000000,900000000,2430000000,cpufreq_2.430GHz_gpufreq_900MHz_emcfreq_4.266GHz,2430000000.0,1,879.0580776045124,12.99936,8.783310663492392,9.844,99.829466766,1,4266000000,900000000,1144.5716633243055,1,25.98816,11.376999167788014,16.53792,1,locked_combo,thor_measurements/combo_sweep_vla_auto_20260427_091937/cpufreq_2.430GHz_gpufreq_900MHz_emcfreq_4.266GHz/nvtx_ranges.csv,thor_measurements/combo_sweep_vla_auto_20260427_091937/cpufreq_2.430GHz_gpufreq_900MHz_emcfreq_4.266GHz/phase_metrics.csv,thor_measurements/combo_sweep_vla_auto_20260427_091937/cpufreq_2.430GHz_gpufreq_900MHz_emcfreq_4.266GHz/phase_summary.csv,thor_measurements/combo_sweep_vla_auto_20260427_091937/cpufreq_2.430GHz_gpufreq_900MHz_emcfreq_4.266GHz/telemetry_raw.csv,2430000000,4266000000,900000000,2430000000,19322,3701.0774829934007,86.402,36.48927937066557,67.694,/home/Thor/Workspace/jyjeong/Isaac-GR00T/thor_measurements/combo_sweep_vla_auto_20260427_091937/summary.csv,cpufreq_2.430GHz_gpufreq_900MHz_emcfreq_4.266GHz,82.90340403703703
2601000000,4266000000,900000000,2601000000,cpufreq_2.601GHz_gpufreq_900MHz_emcfreq_4.266GHz,2601000000.0,1,914.916763258734,14.18112,9.278218804937252,10.62288,98.442967978,1,4266000000,900000000,1138.9527899146833,1,25.98816,11.493492372049786,16.53792,1,locked_combo,thor_measurements/combo_sweep_vla_auto_20260427_091937/cpufreq_2.601GHz_gpufreq_900MHz_emcfreq_4.266GHz/nvtx_ranges.csv,thor_measurements/combo_sweep_vla_auto_20260427_091937/cpufreq_2.601GHz_gpufreq_900MHz_emcfreq_4.266GHz/phase_metrics.csv,thor_measurements/combo_sweep_vla_auto_20260427_091937/cpufreq_2.601GHz_gpufreq_900MHz_emcfreq_4.266GHz/phase_summary.csv,thor_measurements/combo_sweep_vla_auto_20260427_091937/cpufreq_2.601GHz_gpufreq_900MHz_emcfreq_4.266GHz/telemetry_raw.csv,2601000000,4266000000,900000000,2601000000,19363,3716.8502080751223,87.038,37.21505241956309,68.74140000000001,/home/Thor/Workspace/jyjeong/Isaac-GR00T/thor_measurements/combo_sweep_vla_auto_20260427_091937/summary.csv,cpufreq_2.601GHz_gpufreq_900MHz_emcfreq_4.266GHz,83.03807914814816
-1,-1,1107000000,-1,cpufreq_default_gpufreq_1.107GHz_emcfreq_default,350434605.2078439,1,741.5279848759046,10.24608,8.46099985459581,9.852,87.785177047,1,-1,1107000000,884.6995943588165,1,28.74448,9.976659054872773,15.7504,1,locked_combo,thor_measurements/combo_sweep_vla_auto_20260427_091937/cpufreq_default_gpufreq_1.107GHz_emcfreq_default/nvtx_ranges.csv,thor_measurements/combo_sweep_vla_auto_20260427_091937/cpufreq_default_gpufreq_1.107GHz_emcfreq_default/phase_metrics.csv,thor_measurements/combo_sweep_vla_auto_20260427_091937/cpufreq_default_gpufreq_1.107GHz_emcfreq_default/phase_summary.csv,thor_measurements/combo_sweep_vla_auto_20260427_091937/cpufreq_default_gpufreq_1.107GHz_emcfreq_default/telemetry_raw.csv,-1,-1,1107000000,-1,5777,3036.3123102861837,81.384,35.10079522243379,63.1508,/home/Thor/Workspace/jyjeong/Isaac-GR00T/thor_measurements/combo_sweep_vla_auto_20260427_091937/summary.csv,cpufreq_default_gpufreq_1.107GHz_emcfreq_default,99.64048733636363
648000000,-1,1107000000,648000000,cpufreq_648MHz_gpufreq_1.107GHz_emcfreq_default,648000000.0,1,849.4405531508879,10.2336,7.8952391854525645,9.84,107.432485124,1,-1,1107000000,1026.6326698167818,1,28.74448,9.488972455220324,16.5312,1,locked_combo,thor_measurements/combo_sweep_vla_auto_20260427_091937/cpufreq_648MHz_gpufreq_1.107GHz_emcfreq_default/nvtx_ranges.csv,thor_measurements/combo_sweep_vla_auto_20260427_091937/cpufreq_648MHz_gpufreq_1.107GHz_emcfreq_default/phase_metrics.csv,thor_measurements/combo_sweep_vla_auto_20260427_091937/cpufreq_648MHz_gpufreq_1.107GHz_emcfreq_default/phase_summary.csv,thor_measurements/combo_sweep_vla_auto_20260427_091937/cpufreq_648MHz_gpufreq_1.107GHz_emcfreq_default/telemetry_raw.csv,648000000,-1,1107000000,648000000,14683,3557.7811939460103,79.84,32.87559831097187,61.6898,/home/Thor/Workspace/jyjeong/Isaac-GR00T/thor_measurements/combo_sweep_vla_auto_20260427_091937/summary.csv,cpufreq_648MHz_gpufreq_1.107GHz_emcfreq_default,106.168229
972000000,-1,1107000000,972000000,cpufreq_972MHz_gpufreq_1.107GHz_emcfreq_default,972000000.0,1,978.6996855046372,10.63152,8.437449443378119,10.2336,115.725127598,1,-1,1107000000,1241.8766635860968,1,28.74448,10.628165485178076,16.93168,1,locked_combo,thor_measurements/combo_sweep_vla_auto_20260427_091937/cpufreq_972MHz_gpufreq_1.107GHz_emcfreq_default/nvtx_ranges.csv,thor_measurements/combo_sweep_vla_auto_20260427_091937/cpufreq_972MHz_gpufreq_1.107GHz_emcfreq_default/phase_metrics.csv,thor_measurements/combo_sweep_vla_auto_20260427_091937/cpufreq_972MHz_gpufreq_1.107GHz_emcfreq_default/phase_summary.csv,thor_measurements/combo_sweep_vla_auto_20260427_091937/cpufreq_972MHz_gpufreq_1.107GHz_emcfreq_default/telemetry_raw.csv,972000000,-1,1107000000,972000000,18756,4105.225902051172,80.254,34.98587747920666,64.679,/home/Thor/Workspace/jyjeong/Isaac-GR00T/thor_measurements/combo_sweep_vla_auto_20260427_091937/summary.csv,cpufreq_972MHz_gpufreq_1.107GHz_emcfreq_default,88.50724585483871
1242000000,-1,1107000000,1242000000,cpufreq_1.242GHz_gpufreq_1.107GHz_emcfreq_default,1242000000.0,1,946.3437465579624,10.64016,8.641730358161649,10.23776,109.530134201,1,-1,1107000000,1218.972692000145,1,28.74448,11.095488862123611,17.3184,1,locked_combo,thor_measurements/combo_sweep_vla_auto_20260427_091937/cpufreq_1.242GHz_gpufreq_1.107GHz_emcfreq_default/nvtx_ranges.csv,thor_measurements/combo_sweep_vla_auto_20260427_091937/cpufreq_1.242GHz_gpufreq_1.107GHz_emcfreq_default/phase_metrics.csv,thor_measurements/combo_sweep_vla_auto_20260427_091937/cpufreq_1.242GHz_gpufreq_1.107GHz_emcfreq_default/phase_summary.csv,thor_measurements/combo_sweep_vla_auto_20260427_091937/cpufreq_1.242GHz_gpufreq_1.107GHz_emcfreq_default/telemetry_raw.csv,1242000000,-1,1107000000,1242000000,18930,3967.0076700556665,80.178,35.72294389857369,67.5711,/home/Thor/Workspace/jyjeong/Isaac-GR00T/thor_measurements/combo_sweep_vla_auto_20260427_091937/summary.csv,cpufreq_1.242GHz_gpufreq_1.107GHz_emcfreq_default,83.90071185714285
1566000000,-1,1107000000,1566000000,cpufreq_1.566GHz_gpufreq_1.107GHz_emcfreq_default,1566000000.0,1,1152.7924506846728,11.02976,9.046827628407828,10.6272,127.222240389,1,-1,1107000000,1543.6295475936397,1,28.74448,12.037154889325697,17.32544,1,locked_combo,thor_measurements/combo_sweep_vla_auto_20260427_091937/cpufreq_1.566GHz_gpufreq_1.107GHz_emcfreq_default/nvtx_ranges.csv,thor_measurements/combo_sweep_vla_auto_20260427_091937/cpufreq_1.566GHz_gpufreq_1.107GHz_emcfreq_default/phase_metrics.csv,thor_measurements/combo_sweep_vla_auto_20260427_091937/cpufreq_1.566GHz_gpufreq_1.107GHz_emcfreq_default/phase_summary.csv,thor_measurements/combo_sweep_vla_auto_20260427_091937/cpufreq_1.566GHz_gpufreq_1.107GHz_emcfreq_default/telemetry_raw.csv,1566000000,-1,1107000000,1566000000,23402,4843.672545069406,83.594,37.34505905478164,71.16350000000001,/home/Thor/Workspace/jyjeong/Isaac-GR00T/thor_measurements/combo_sweep_vla_auto_20260427_091937/summary.csv,cpufreq_1.566GHz_gpufreq_1.107GHz_emcfreq_default,80.62611015909091
1836000000,-1,1107000000,1836000000,cpufreq_1.836GHz_gpufreq_1.107GHz_emcfreq_default,1836000000.0,1,679.0441934111952,11.8176,8.868670351548904,10.63152,76.704215726,1,-1,1107000000,797.7975134994518,1,28.74448,10.326315806474067,17.712,1,locked_combo,thor_measurements/combo_sweep_vla_auto_20260427_091937/cpufreq_1.836GHz_gpufreq_1.107GHz_emcfreq_default/nvtx_ranges.csv,thor_measurements/combo_sweep_vla_auto_20260427_091937/cpufreq_1.836GHz_gpufreq_1.107GHz_emcfreq_default/phase_metrics.csv,thor_measurements/combo_sweep_vla_auto_20260427_091937/cpufreq_1.836GHz_gpufreq_1.107GHz_emcfreq_default/phase_summary.csv,thor_measurements/combo_sweep_vla_auto_20260427_091937/cpufreq_1.836GHz_gpufreq_1.107GHz_emcfreq_default/telemetry_raw.csv,1836000000,-1,1107000000,1836000000,14365,2721.534078697591,82.568,34.90686126000696,67.21119999999998,/home/Thor/Workspace/jyjeong/Isaac-GR00T/thor_measurements/combo_sweep_vla_auto_20260427_091937/summary.csv,cpufreq_1.836GHz_gpufreq_1.107GHz_emcfreq_default,79.51238075454545
2160000000,-1,1107000000,2160000000,cpufreq_2.160GHz_gpufreq_1.107GHz_emcfreq_default,2160000000.0,1,1209.1305289908437,13.39328,9.893566377936152,11.4144,122.133737202,1,-1,1107000000,1515.827262972531,1,28.74448,12.33217945936828,17.712,1,locked_combo,thor_measurements/combo_sweep_vla_auto_20260427_091937/cpufreq_2.160GHz_gpufreq_1.107GHz_emcfreq_default/nvtx_ranges.csv,thor_measurements/combo_sweep_vla_auto_20260427_091937/cpufreq_2.160GHz_gpufreq_1.107GHz_emcfreq_default/phase_metrics.csv,thor_measurements/combo_sweep_vla_auto_20260427_091937/cpufreq_2.160GHz_gpufreq_1.107GHz_emcfreq_default/phase_summary.csv,thor_measurements/combo_sweep_vla_auto_20260427_091937/cpufreq_2.160GHz_gpufreq_1.107GHz_emcfreq_default/telemetry_raw.csv,2160000000,-1,1107000000,2160000000,23713,4801.473130634194,81.56,38.44906582887024,74.0288,/home/Thor/Workspace/jyjeong/Isaac-GR00T/thor_measurements/combo_sweep_vla_auto_20260427_091937/summary.csv,cpufreq_2.160GHz_gpufreq_1.107GHz_emcfreq_default,77.40532967680609
2430000000,-1,1107000000,2430000000,cpufreq_2.430GHz_gpufreq_1.107GHz_emcfreq_default,2430000000.0,1,727.4374559059731,14.56912,9.933099554778398,11.808,73.162397826,1,-1,1107000000,788.7904879179504,1,28.74448,10.69058423296792,17.712,1,locked_combo,thor_measurements/combo_sweep_vla_auto_20260427_091937/cpufreq_2.430GHz_gpufreq_1.107GHz_emcfreq_default/nvtx_ranges.csv,thor_measurements/combo_sweep_vla_auto_20260427_091937/cpufreq_2.430GHz_gpufreq_1.107GHz_emcfreq_default/phase_metrics.csv,thor_measurements/combo_sweep_vla_auto_20260427_091937/cpufreq_2.430GHz_gpufreq_1.107GHz_emcfreq_default/phase_summary.csv,thor_measurements/combo_sweep_vla_auto_20260427_091937/cpufreq_2.430GHz_gpufreq_1.107GHz_emcfreq_default/telemetry_raw.csv,2430000000,-1,1107000000,2430000000,14869,2715.0254788493203,82.65,36.415442060663125,69.8352,/home/Thor/Workspace/jyjeong/Isaac-GR00T/thor_measurements/combo_sweep_vla_auto_20260427_091937/summary.csv,cpufreq_2.430GHz_gpufreq_1.107GHz_emcfreq_default,76.614319
2601000000,-1,1107000000,2601000000,cpufreq_2.601GHz_gpufreq_1.107GHz_emcfreq_default,2601000000.0,1,1033.9070227394168,15.7504,10.665476615164229,12.2016,96.799984557,1,-1,1107000000,1142.253712345443,1,28.74448,11.718545854906374,17.712,1,locked_combo,thor_measurements/combo_sweep_vla_auto_20260427_091937/cpufreq_2.601GHz_gpufreq_1.107GHz_emcfreq_default/nvtx_ranges.csv,thor_measurements/combo_sweep_vla_auto_20260427_091937/cpufreq_2.601GHz_gpufreq_1.107GHz_emcfreq_default/phase_metrics.csv,thor_measurements/combo_sweep_vla_auto_20260427_091937/cpufreq_2.601GHz_gpufreq_1.107GHz_emcfreq_default/phase_summary.csv,thor_measurements/combo_sweep_vla_auto_20260427_091937/cpufreq_2.601GHz_gpufreq_1.107GHz_emcfreq_default/telemetry_raw.csv,2601000000,-1,1107000000,2601000000,19546,3805.0629609339703,83.29,38.466311368054846,74.5235,/home/Thor/Workspace/jyjeong/Isaac-GR00T/thor_measurements/combo_sweep_vla_auto_20260427_091937/summary.csv,cpufreq_2.601GHz_gpufreq_1.107GHz_emcfreq_default,76.74509126486487
-1,665600000,1107000000,-1,cpufreq_default_gpufreq_1.107GHz_emcfreq_665MHz,346864318.76121235,1,779.977550068372,8.27568,6.348077435558492,7.48752,123.613308647,1,665600000,1107000000,1176.4954940452526,1,28.74448,9.45430746860542,13.00464,1,locked_combo,thor_measurements/combo_sweep_vla_auto_20260427_091937/cpufreq_default_gpufreq_1.107GHz_emcfreq_665MHz/nvtx_ranges.csv,thor_measurements/combo_sweep_vla_auto_20260427_091937/cpufreq_default_gpufreq_1.107GHz_emcfreq_665MHz/phase_metrics.csv,thor_measurements/combo_sweep_vla_auto_20260427_091937/cpufreq_default_gpufreq_1.107GHz_emcfreq_665MHz/phase_summary.csv,thor_measurements/combo_sweep_vla_auto_20260427_091937/cpufreq_default_gpufreq_1.107GHz_emcfreq_665MHz/telemetry_raw.csv,-1,665600000,1107000000,-1,6052,3881.097960026905,53.618,31.322654990085923,43.9256,/home/Thor/Workspace/jyjeong/Isaac-GR00T/thor_measurements/combo_sweep_vla_auto_20260427_091937/summary.csv,cpufreq_default_gpufreq_1.107GHz_emcfreq_665MHz,251.19992853571426
648000000,665600000,1107000000,648000000,cpufreq_648MHz_gpufreq_1.107GHz_emcfreq_665MHz,648000000.0,1,1152.92350538283,7.09344,5.99062626301768,6.69936,190.862881079,1,665600000,1107000000,1883.7416662452783,1,28.74448,9.612542248486315,13.00464,1,locked_combo,thor_measurements/combo_sweep_vla_auto_20260427_091937/cpufreq_648MHz_gpufreq_1.107GHz_emcfreq_665MHz/nvtx_ranges.csv,thor_measurements/combo_sweep_vla_auto_20260427_091937/cpufreq_648MHz_gpufreq_1.107GHz_emcfreq_665MHz/phase_metrics.csv,thor_measurements/combo_sweep_vla_auto_20260427_091937/cpufreq_648MHz_gpufreq_1.107GHz_emcfreq_665MHz/phase_summary.csv,thor_measurements/combo_sweep_vla_auto_20260427_091937/cpufreq_648MHz_gpufreq_1.107GHz_emcfreq_665MHz/telemetry_raw.csv,648000000,665600000,1107000000,648000000,20645,6000.050361585113,52.734,30.58110903366433,43.3236,/home/Thor/Workspace/jyjeong/Isaac-GR00T/thor_measurements/combo_sweep_vla_auto_20260427_091937/summary.csv,cpufreq_648MHz_gpufreq_1.107GHz_emcfreq_665MHz,245.17592730851064
972000000,665600000,1107000000,972000000,cpufreq_972MHz_gpufreq_1.107GHz_emcfreq_665MHz,972000000.0,1,781.7435932295172,7.48752,5.974962693553315,6.69936,129.48390845,1,665600000,1107000000,1177.8366129076771,1,28.74448,8.709046604338527,13.00464,1,locked_combo,thor_measurements/combo_sweep_vla_auto_20260427_091937/cpufreq_972MHz_gpufreq_1.107GHz_emcfreq_665MHz/nvtx_ranges.csv,thor_measurements/combo_sweep_vla_auto_20260427_091937/cpufreq_972MHz_gpufreq_1.107GHz_emcfreq_665MHz/phase_metrics.csv,thor_measurements/combo_sweep_vla_auto_20260427_091937/cpufreq_972MHz_gpufreq_1.107GHz_emcfreq_665MHz/phase_summary.csv,thor_measurements/combo_sweep_vla_auto_20260427_091937/cpufreq_972MHz_gpufreq_1.107GHz_emcfreq_665MHz/telemetry_raw.csv,972000000,665600000,1107000000,972000000,16365,3949.1008354349665,51.596,29.433390528567063,43.4536,/home/Thor/Workspace/jyjeong/Isaac-GR00T/thor_measurements/combo_sweep_vla_auto_20260427_091937/summary.csv,cpufreq_972MHz_gpufreq_1.107GHz_emcfreq_665MHz,235.31144446363638
1242000000,665600000,1107000000,1242000000,cpufreq_1.242GHz_gpufreq_1.107GHz_emcfreq_665MHz,1242000000.0,1,744.0426927936096,7.8816,6.140796622691292,6.69936,120.090604322,1,665600000,1107000000,1128.8310297972905,1,28.74448,9.018516507098882,13.00464,1,locked_combo,thor_measurements/combo_sweep_vla_auto_20260427_091937/cpufreq_1.242GHz_gpufreq_1.107GHz_emcfreq_665MHz/nvtx_ranges.csv,thor_measurements/combo_sweep_vla_auto_20260427_091937/cpufreq_1.242GHz_gpufreq_1.107GHz_emcfreq_665MHz/phase_metrics.csv,thor_measurements/combo_sweep_vla_auto_20260427_091937/cpufreq_1.242GHz_gpufreq_1.107GHz_emcfreq_665MHz/phase_summary.csv,thor_measurements/combo_sweep_vla_auto_20260427_091937/cpufreq_1.242GHz_gpufreq_1.107GHz_emcfreq_665MHz/telemetry_raw.csv,1242000000,665600000,1107000000,1242000000,15918,3729.2387206297976,52.156,29.959833898730995,44.4406,/home/Thor/Workspace/jyjeong/Isaac-GR00T/thor_measurements/combo_sweep_vla_auto_20260427_091937/summary.csv,cpufreq_1.242GHz_gpufreq_1.107GHz_emcfreq_665MHz,230.7534965636364
1566000000,665600000,1107000000,1566000000,cpufreq_1.566GHz_gpufreq_1.107GHz_emcfreq_665MHz,1566000000.0,1,1068.2810472127117,8.27568,6.393397192379056,7.09056,165.620597196,1,665600000,1107000000,1705.2237611751518,1,28.74448,9.949559828030957,13.00464,1,locked_combo,thor_measurements/combo_sweep_vla_auto_20260427_091937/cpufreq_1.566GHz_gpufreq_1.107GHz_emcfreq_665MHz/nvtx_ranges.csv,thor_measurements/combo_sweep_vla_auto_20260427_091937/cpufreq_1.566GHz_gpufreq_1.107GHz_emcfreq_665MHz/phase_metrics.csv,thor_measurements/combo_sweep_vla_auto_20260427_091937/cpufreq_1.566GHz_gpufreq_1.107GHz_emcfreq_665MHz/phase_summary.csv,thor_measurements/combo_sweep_vla_auto_20260427_091937/cpufreq_1.566GHz_gpufreq_1.107GHz_emcfreq_665MHz/telemetry_raw.csv,1566000000,665600000,1107000000,1566000000,22097,5391.894039680145,52.24,31.325522740643525,44.984,/home/Thor/Workspace/jyjeong/Isaac-GR00T/thor_measurements/combo_sweep_vla_auto_20260427_091937/summary.csv,cpufreq_1.566GHz_gpufreq_1.107GHz_emcfreq_665MHz,228.65803035416664
1836000000,665600000,1107000000,1836000000,cpufreq_1.836GHz_gpufreq_1.107GHz_emcfreq_665MHz,1836000000.0,1,768.3135571064211,9.06384,6.589463614517527,7.09344,115.534788011,1,665600000,1107000000,1106.5086390548065,1,28.74448,9.230012238325282,13.00464,1,locked_combo,thor_measurements/combo_sweep_vla_auto_20260427_091937/cpufreq_1.836GHz_gpufreq_1.107GHz_emcfreq_665MHz/nvtx_ranges.csv,thor_measurements/combo_sweep_vla_auto_20260427_091937/cpufreq_1.836GHz_gpufreq_1.107GHz_emcfreq_665MHz/phase_metrics.csv,thor_measurements/combo_sweep_vla_auto_20260427_091937/cpufreq_1.836GHz_gpufreq_1.107GHz_emcfreq_665MHz/phase_summary.csv,thor_measurements/combo_sweep_vla_auto_20260427_091937/cpufreq_1.836GHz_gpufreq_1.107GHz_emcfreq_665MHz/telemetry_raw.csv,1836000000,665600000,1107000000,1836000000,16146,3672.902988156826,52.128,30.60086238077542,45.4385,/home/Thor/Workspace/jyjeong/Isaac-GR00T/thor_measurements/combo_sweep_vla_auto_20260427_091937/summary.csv,cpufreq_1.836GHz_gpufreq_1.107GHz_emcfreq_665MHz,227.0548718818182
2160000000,665600000,1107000000,2160000000,cpufreq_2.160GHz_gpufreq_1.107GHz_emcfreq_665MHz,2160000000.0,1,797.9735943846694,9.852,7.093438538857563,7.8784,111.445424669,1,665600000,1107000000,1082.630613926453,1,28.74448,9.31770092669772,13.00464,1,locked_combo,thor_measurements/combo_sweep_vla_auto_20260427_091937/cpufreq_2.160GHz_gpufreq_1.107GHz_emcfreq_665MHz/nvtx_ranges.csv,thor_measurements/combo_sweep_vla_auto_20260427_091937/cpufreq_2.160GHz_gpufreq_1.107GHz_emcfreq_665MHz/phase_metrics.csv,thor_measurements/combo_sweep_vla_auto_20260427_091937/cpufreq_2.160GHz_gpufreq_1.107GHz_emcfreq_665MHz/phase_summary.csv,thor_measurements/combo_sweep_vla_auto_20260427_091937/cpufreq_2.160GHz_gpufreq_1.107GHz_emcfreq_665MHz/telemetry_raw.csv,2160000000,665600000,1107000000,2160000000,16316,3619.6942685657687,53.252,31.196337827898994,46.167,/home/Thor/Workspace/jyjeong/Isaac-GR00T/thor_measurements/combo_sweep_vla_auto_20260427_091937/summary.csv,cpufreq_2.160GHz_gpufreq_1.107GHz_emcfreq_665MHz,224.97946318348625
2430000000,665600000,1107000000,2430000000,cpufreq_2.430GHz_gpufreq_1.107GHz_emcfreq_665MHz,2430000000.0,1,1594.6494477722706,11.42832,7.748727692469132,8.27232,204.292381095,1,665600000,1107000000,2216.212836326879,1,28.74448,10.529788150687327,12.99936,1,locked_combo,thor_measurements/combo_sweep_vla_auto_20260427_091937/cpufreq_2.430GHz_gpufreq_1.107GHz_emcfreq_665MHz/nvtx_ranges.csv,thor_measurements/combo_sweep_vla_auto_20260427_091937/cpufreq_2.430GHz_gpufreq_1.107GHz_emcfreq_665MHz/phase_metrics.csv,thor_measurements/combo_sweep_vla_auto_20260427_091937/cpufreq_2.430GHz_gpufreq_1.107GHz_emcfreq_665MHz/phase_summary.csv,thor_measurements/combo_sweep_vla_auto_20260427_091937/cpufreq_2.430GHz_gpufreq_1.107GHz_emcfreq_665MHz/telemetry_raw.csv,2430000000,665600000,1107000000,2430000000,28589,7085.9931145395685,53.976,33.327100842981565,46.906,/home/Thor/Workspace/jyjeong/Isaac-GR00T/thor_measurements/combo_sweep_vla_auto_20260427_091937/summary.csv,cpufreq_2.430GHz_gpufreq_1.107GHz_emcfreq_665MHz,225.12894461797754
2601000000,665600000,1107000000,2601000000,cpufreq_2.601GHz_gpufreq_1.107GHz_emcfreq_665MHz,2601000000.0,1,880.8170845375654,12.21648,8.049802973548953,8.66976,108.550174258,1,665600000,1107000000,1073.283585299011,1,28.74448,9.503715321549455,12.99936,1,locked_combo,thor_measurements/combo_sweep_vla_auto_20260427_091937/cpufreq_2.601GHz_gpufreq_1.107GHz_emcfreq_665MHz/nvtx_ranges.csv,thor_measurements/combo_sweep_vla_auto_20260427_091937/cpufreq_2.601GHz_gpufreq_1.107GHz_emcfreq_665MHz/phase_metrics.csv,thor_measurements/combo_sweep_vla_auto_20260427_091937/cpufreq_2.601GHz_gpufreq_1.107GHz_emcfreq_665MHz/phase_summary.csv,thor_measurements/combo_sweep_vla_auto_20260427_091937/cpufreq_2.601GHz_gpufreq_1.107GHz_emcfreq_665MHz/telemetry_raw.csv,2601000000,665600000,1107000000,2601000000,15954,3661.1022171355144,55.466,32.43004400150433,47.24810000000001,/home/Thor/Workspace/jyjeong/Isaac-GR00T/thor_measurements/combo_sweep_vla_auto_20260427_091937/summary.csv,cpufreq_2.601GHz_gpufreq_1.107GHz_emcfreq_665MHz,224.96638097272728
-1,2750000000,1107000000,-1,cpufreq_default_gpufreq_1.107GHz_emcfreq_2.750GHz,361514592.05163974,1,571.8636895328741,9.45792,6.695783327589508,7.8816,86.125403338,1,2750000000,1107000000,866.6007202162648,1,28.74448,10.216641776756653,15.7504,1,locked_combo,thor_measurements/combo_sweep_vla_auto_20260427_091937/cpufreq_default_gpufreq_1.107GHz_emcfreq_2.750GHz/nvtx_ranges.csv,thor_measurements/combo_sweep_vla_auto_20260427_091937/cpufreq_default_gpufreq_1.107GHz_emcfreq_2.750GHz/phase_metrics.csv,thor_measurements/combo_sweep_vla_auto_20260427_091937/cpufreq_default_gpufreq_1.107GHz_emcfreq_2.750GHz/phase_summary.csv,thor_measurements/combo_sweep_vla_auto_20260427_091937/cpufreq_default_gpufreq_1.107GHz_emcfreq_2.750GHz/telemetry_raw.csv,-1,2750000000,1107000000,-1,5223,2803.0229372860895,75.948,33.21739077158721,58.6756,/home/Thor/Workspace/jyjeong/Isaac-GR00T/thor_measurements/combo_sweep_vla_auto_20260427_091937/summary.csv,cpufreq_default_gpufreq_1.107GHz_emcfreq_2.750GHz,105.26484593577982
648000000,2750000000,1107000000,648000000,cpufreq_648MHz_gpufreq_1.107GHz_emcfreq_2.750GHz,648000000.0,1,687.2964855894337,7.8752,6.187132604571819,7.481439999999999,110.821201362,1,2750000000,1107000000,1070.6045284225404,1,28.74448,9.565991020129648,16.14416,1,locked_combo,thor_measurements/combo_sweep_vla_auto_20260427_091937/cpufreq_648MHz_gpufreq_1.107GHz_emcfreq_2.750GHz/nvtx_ranges.csv,thor_measurements/combo_sweep_vla_auto_20260427_091937/cpufreq_648MHz_gpufreq_1.107GHz_emcfreq_2.750GHz/phase_metrics.csv,thor_measurements/combo_sweep_vla_auto_20260427_091937/cpufreq_648MHz_gpufreq_1.107GHz_emcfreq_2.750GHz/phase_summary.csv,thor_measurements/combo_sweep_vla_auto_20260427_091937/cpufreq_648MHz_gpufreq_1.107GHz_emcfreq_2.750GHz/telemetry_raw.csv,648000000,2750000000,1107000000,648000000,14655,3479.5385322859775,76.606,31.14308263391334,57.843999999999994,/home/Thor/Workspace/jyjeong/Isaac-GR00T/thor_measurements/combo_sweep_vla_auto_20260427_091937/summary.csv,cpufreq_648MHz_gpufreq_1.107GHz_emcfreq_2.750GHz,112.01636511111111
972000000,2750000000,1107000000,972000000,cpufreq_972MHz_gpufreq_1.107GHz_emcfreq_2.750GHz,972000000.0,1,586.3108112549182,8.27568,6.372293009641396,7.48144,91.692256138,1,2750000000,1107000000,874.4815496351505,1,28.74448,9.415185306235694,16.53792,1,locked_combo,thor_measurements/combo_sweep_vla_auto_20260427_091937/cpufreq_972MHz_gpufreq_1.107GHz_emcfreq_2.750GHz/nvtx_ranges.csv,thor_measurements/combo_sweep_vla_auto_20260427_091937/cpufreq_972MHz_gpufreq_1.107GHz_emcfreq_2.750GHz/phase_metrics.csv,thor_measurements/combo_sweep_vla_auto_20260427_091937/cpufreq_972MHz_gpufreq_1.107GHz_emcfreq_2.750GHz/phase_summary.csv,thor_measurements/combo_sweep_vla_auto_20260427_091937/cpufreq_972MHz_gpufreq_1.107GHz_emcfreq_2.750GHz/telemetry_raw.csv,972000000,2750000000,1107000000,972000000,14417,2898.064445197741,76.496,31.22289061524589,59.180400000000006,/home/Thor/Workspace/jyjeong/Isaac-GR00T/thor_measurements/combo_sweep_vla_auto_20260427_091937/summary.csv,cpufreq_972MHz_gpufreq_1.107GHz_emcfreq_2.750GHz,93.17908754629629
1242000000,2750000000,1107000000,1242000000,cpufreq_1.242GHz_gpufreq_1.107GHz_emcfreq_2.750GHz,1242000000.0,1,1337.1164797022775,8.66976,7.075693292780534,7.8752,188.446675607,1,2750000000,1107000000,2410.454401019387,1,28.74448,12.691582135425003,16.93168,1,locked_combo,thor_measurements/combo_sweep_vla_auto_20260427_091937/cpufreq_1.242GHz_gpufreq_1.107GHz_emcfreq_2.750GHz/nvtx_ranges.csv,thor_measurements/combo_sweep_vla_auto_20260427_091937/cpufreq_1.242GHz_gpufreq_1.107GHz_emcfreq_2.750GHz/phase_metrics.csv,thor_measurements/combo_sweep_vla_auto_20260427_091937/cpufreq_1.242GHz_gpufreq_1.107GHz_emcfreq_2.750GHz/phase_summary.csv,thor_measurements/combo_sweep_vla_auto_20260427_091937/cpufreq_1.242GHz_gpufreq_1.107GHz_emcfreq_2.750GHz/telemetry_raw.csv,1242000000,2750000000,1107000000,1242000000,31235,6925.267873595551,76.978,36.218828749799904,64.1672,/home/Thor/Workspace/jyjeong/Isaac-GR00T/thor_measurements/combo_sweep_vla_auto_20260427_091937/summary.csv,cpufreq_1.242GHz_gpufreq_1.107GHz_emcfreq_2.750GHz,89.73408900694443
1566000000,2750000000,1107000000,1566000000,cpufreq_1.566GHz_gpufreq_1.107GHz_emcfreq_2.750GHz,1566000000.0,1,554.607073233483,9.06384,6.695381306559935,7.8752,82.560909449,1,2750000000,1107000000,840.507700565693,1,28.74448,10.097437937724711,16.93168,1,locked_combo,thor_measurements/combo_sweep_vla_auto_20260427_091937/cpufreq_1.566GHz_gpufreq_1.107GHz_emcfreq_2.750GHz/nvtx_ranges.csv,thor_measurements/combo_sweep_vla_auto_20260427_091937/cpufreq_1.566GHz_gpufreq_1.107GHz_emcfreq_2.750GHz/phase_metrics.csv,thor_measurements/combo_sweep_vla_auto_20260427_091937/cpufreq_1.566GHz_gpufreq_1.107GHz_emcfreq_2.750GHz/phase_summary.csv,thor_measurements/combo_sweep_vla_auto_20260427_091937/cpufreq_1.566GHz_gpufreq_1.107GHz_emcfreq_2.750GHz/telemetry_raw.csv,1566000000,2750000000,1107000000,1566000000,14741,2706.208926581027,76.218,32.308699681161386,61.018,/home/Thor/Workspace/jyjeong/Isaac-GR00T/thor_measurements/combo_sweep_vla_auto_20260427_091937/summary.csv,cpufreq_1.566GHz_gpufreq_1.107GHz_emcfreq_2.750GHz,87.33186893749999
1836000000,2750000000,1107000000,1836000000,cpufreq_1.836GHz_gpufreq_1.107GHz_emcfreq_2.750GHz,1836000000.0,1,556.5264537072287,9.852,7.046040748440749,8.26896,78.807994402,1,2750000000,1107000000,817.3017619060679,1,28.74448,10.294700917532918,16.93856,1,locked_combo,thor_measurements/combo_sweep_vla_auto_20260427_091937/cpufreq_1.836GHz_gpufreq_1.107GHz_emcfreq_2.750GHz/nvtx_ranges.csv,thor_measurements/combo_sweep_vla_auto_20260427_091937/cpufreq_1.836GHz_gpufreq_1.107GHz_emcfreq_2.750GHz/phase_metrics.csv,thor_measurements/combo_sweep_vla_auto_20260427_091937/cpufreq_1.836GHz_gpufreq_1.107GHz_emcfreq_2.750GHz/phase_summary.csv,thor_measurements/combo_sweep_vla_auto_20260427_091937/cpufreq_1.836GHz_gpufreq_1.107GHz_emcfreq_2.750GHz/telemetry_raw.csv,1836000000,2750000000,1107000000,1836000000,14430,2633.1730364517184,76.898,33.00194663894664,62.544099999999986,/home/Thor/Workspace/jyjeong/Isaac-GR00T/thor_measurements/combo_sweep_vla_auto_20260427_091937/summary.csv,cpufreq_1.836GHz_gpufreq_1.107GHz_emcfreq_2.750GHz,85.38930867567568
2160000000,2750000000,1107000000,2160000000,cpufreq_2.160GHz_gpufreq_1.107GHz_emcfreq_2.750GHz,2160000000.0,1,802.1150549216981,11.03424,7.73347083881579,8.66624,103.456089076,1,2750000000,1107000000,1192.6549423347449,1,28.74448,11.418916875,16.93168,1,locked_combo,thor_measurements/combo_sweep_vla_auto_20260427_091937/cpufreq_2.160GHz_gpufreq_1.107GHz_emcfreq_2.750GHz/nvtx_ranges.csv,thor_measurements/combo_sweep_vla_auto_20260427_091937/cpufreq_2.160GHz_gpufreq_1.107GHz_emcfreq_2.750GHz/phase_metrics.csv,thor_measurements/combo_sweep_vla_auto_20260427_091937/cpufreq_2.160GHz_gpufreq_1.107GHz_emcfreq_2.750GHz/phase_summary.csv,thor_measurements/combo_sweep_vla_auto_20260427_091937/cpufreq_2.160GHz_gpufreq_1.107GHz_emcfreq_2.750GHz/telemetry_raw.csv,2160000000,2750000000,1107000000,2160000000,19456,3695.811369678595,77.364,35.05765810032894,65.97550000000001,/home/Thor/Workspace/jyjeong/Isaac-GR00T/thor_measurements/combo_sweep_vla_auto_20260427_091937/summary.csv,cpufreq_2.160GHz_gpufreq_1.107GHz_emcfreq_2.750GHz,84.15063357978723
2430000000,2750000000,1107000000,2430000000,cpufreq_2.430GHz_gpufreq_1.107GHz_emcfreq_2.750GHz,2430000000.0,1,608.9225558528082,12.21648,8.050836926067337,9.4464,75.45192418,1,2750000000,1107000000,802.666813129192,1,28.74448,10.539778054842069,17.3184,1,locked_combo,thor_measurements/combo_sweep_vla_auto_20260427_091937/cpufreq_2.430GHz_gpufreq_1.107GHz_emcfreq_2.750GHz/nvtx_ranges.csv,thor_measurements/combo_sweep_vla_auto_20260427_091937/cpufreq_2.430GHz_gpufreq_1.107GHz_emcfreq_2.750GHz/phase_metrics.csv,thor_measurements/combo_sweep_vla_auto_20260427_091937/cpufreq_2.430GHz_gpufreq_1.107GHz_emcfreq_2.750GHz/phase_summary.csv,thor_measurements/combo_sweep_vla_auto_20260427_091937/cpufreq_2.430GHz_gpufreq_1.107GHz_emcfreq_2.750GHz/telemetry_raw.csv,2430000000,2750000000,1107000000,2430000000,14405,2629.3794466610952,78.348,34.321435334953144,64.5776,/home/Thor/Workspace/jyjeong/Isaac-GR00T/thor_measurements/combo_sweep_vla_auto_20260427_091937/summary.csv,cpufreq_2.430GHz_gpufreq_1.107GHz_emcfreq_2.750GHz,83.82911597297297
2601000000,2750000000,1107000000,2601000000,cpufreq_2.601GHz_gpufreq_1.107GHz_emcfreq_2.750GHz,2601000000.0,1,866.8273278073962,13.39328,8.699756294982791,9.844,99.4521903,1,2750000000,1107000000,1184.9038070212412,1,28.74448,11.849134135808908,17.3184,1,locked_combo,thor_measurements/combo_sweep_vla_auto_20260427_091937/cpufreq_2.601GHz_gpufreq_1.107GHz_emcfreq_2.750GHz/nvtx_ranges.csv,thor_measurements/combo_sweep_vla_auto_20260427_091937/cpufreq_2.601GHz_gpufreq_1.107GHz_emcfreq_2.750GHz/phase_metrics.csv,thor_measurements/combo_sweep_vla_auto_20260427_091937/cpufreq_2.601GHz_gpufreq_1.107GHz_emcfreq_2.750GHz/phase_summary.csv,thor_measurements/combo_sweep_vla_auto_20260427_091937/cpufreq_2.601GHz_gpufreq_1.107GHz_emcfreq_2.750GHz/telemetry_raw.csv,2601000000,2750000000,1107000000,2601000000,19174,3691.5825302584863,81.086,36.51085615938249,68.04079999999999,/home/Thor/Workspace/jyjeong/Isaac-GR00T/thor_measurements/combo_sweep_vla_auto_20260427_091937/summary.csv,cpufreq_2.601GHz_gpufreq_1.107GHz_emcfreq_2.750GHz,82.53212701075269
-1,3200000000,1107000000,-1,cpufreq_default_gpufreq_1.107GHz_emcfreq_3.200GHz,376165714.28571427,1,795.047689566802,9.852,7.171026969784172,8.27568,111.773658585,1,3200000000,1107000000,1253.5860074299856,1,28.74448,11.369899856115108,16.14416,1,locked_combo,thor_measurements/combo_sweep_vla_auto_20260427_091937/cpufreq_default_gpufreq_1.107GHz_emcfreq_3.200GHz/nvtx_ranges.csv,thor_measurements/combo_sweep_vla_auto_20260427_091937/cpufreq_default_gpufreq_1.107GHz_emcfreq_3.200GHz/phase_metrics.csv,thor_measurements/combo_sweep_vla_auto_20260427_091937/cpufreq_default_gpufreq_1.107GHz_emcfreq_3.200GHz/phase_summary.csv,thor_measurements/combo_sweep_vla_auto_20260427_091937/cpufreq_default_gpufreq_1.107GHz_emcfreq_3.200GHz/telemetry_raw.csv,-1,3200000000,1107000000,-1,6950,3884.79583983211,81.278,35.88558215827338,61.7222,/home/Thor/Workspace/jyjeong/Isaac-GR00T/thor_measurements/combo_sweep_vla_auto_20260427_091937/summary.csv,cpufreq_default_gpufreq_1.107GHz_emcfreq_3.200GHz,101.12186818085107
648000000,3200000000,1107000000,648000000,cpufreq_648MHz_gpufreq_1.107GHz_emcfreq_3.200GHz,648000000.0,1,972.8380355044148,8.26896,6.689451570574473,7.8752,145.214178493,1,3200000000,1107000000,1500.6612571258922,1,28.74448,10.281027768131011,15.7504,1,locked_combo,thor_measurements/combo_sweep_vla_auto_20260427_091937/cpufreq_648MHz_gpufreq_1.107GHz_emcfreq_3.200GHz/nvtx_ranges.csv,thor_measurements/combo_sweep_vla_auto_20260427_091937/cpufreq_648MHz_gpufreq_1.107GHz_emcfreq_3.200GHz/phase_metrics.csv,thor_measurements/combo_sweep_vla_auto_20260427_091937/cpufreq_648MHz_gpufreq_1.107GHz_emcfreq_3.200GHz/phase_summary.csv,thor_measurements/combo_sweep_vla_auto_20260427_091937/cpufreq_648MHz_gpufreq_1.107GHz_emcfreq_3.200GHz/telemetry_raw.csv,648000000,3200000000,1107000000,648000000,19235,4785.354468539307,82.336,32.71981211333507,59.896,/home/Thor/Workspace/jyjeong/Isaac-GR00T/thor_measurements/combo_sweep_vla_auto_20260427_091937/summary.csv,cpufreq_648MHz_gpufreq_1.107GHz_emcfreq_3.200GHz,111.73580799999999
972000000,3200000000,1107000000,972000000,cpufreq_972MHz_gpufreq_1.107GHz_emcfreq_3.200GHz,972000000.0,1,626.6946408410487,8.66976,6.68710839113287,7.8752,93.462776105,1,3200000000,1107000000,908.174920250802,1,28.74448,9.646038525771797,16.53792,1,locked_combo,thor_measurements/combo_sweep_vla_auto_20260427_091937/cpufreq_972MHz_gpufreq_1.107GHz_emcfreq_3.200GHz/nvtx_ranges.csv,thor_measurements/combo_sweep_vla_auto_20260427_091937/cpufreq_972MHz_gpufreq_1.107GHz_emcfreq_3.200GHz/phase_metrics.csv,thor_measurements/combo_sweep_vla_auto_20260427_091937/cpufreq_972MHz_gpufreq_1.107GHz_emcfreq_3.200GHz/phase_summary.csv,thor_measurements/combo_sweep_vla_auto_20260427_091937/cpufreq_972MHz_gpufreq_1.107GHz_emcfreq_3.200GHz/telemetry_raw.csv,972000000,3200000000,1107000000,972000000,14706,3009.981510410168,81.696,31.894451108391134,60.584999999999994,/home/Thor/Workspace/jyjeong/Isaac-GR00T/thor_measurements/combo_sweep_vla_auto_20260427_091937/summary.csv,cpufreq_972MHz_gpufreq_1.107GHz_emcfreq_3.200GHz,90.76349875000001
1242000000,3200000000,1107000000,1242000000,cpufreq_1.242GHz_gpufreq_1.107GHz_emcfreq_3.200GHz,1242000000.0,1,1001.0157350162048,9.05648,7.2239637075537075,8.26896,138.294944873,1,3200000000,1107000000,1636.664182876472,1,28.74448,11.773849528759529,16.93168,1,locked_combo,thor_measurements/combo_sweep_vla_auto_20260427_091937/cpufreq_1.242GHz_gpufreq_1.107GHz_emcfreq_3.200GHz/nvtx_ranges.csv,thor_measurements/combo_sweep_vla_auto_20260427_091937/cpufreq_1.242GHz_gpufreq_1.107GHz_emcfreq_3.200GHz/phase_metrics.csv,thor_measurements/combo_sweep_vla_auto_20260427_091937/cpufreq_1.242GHz_gpufreq_1.107GHz_emcfreq_3.200GHz/phase_summary.csv,thor_measurements/combo_sweep_vla_auto_20260427_091937/cpufreq_1.242GHz_gpufreq_1.107GHz_emcfreq_3.200GHz/telemetry_raw.csv,1242000000,3200000000,1107000000,1242000000,23088,4932.662901573022,82.936,35.248530405405404,64.9826,/home/Thor/Workspace/jyjeong/Isaac-GR00T/thor_measurements/combo_sweep_vla_auto_20260427_091937/summary.csv,cpufreq_1.242GHz_gpufreq_1.107GHz_emcfreq_3.200GHz,86.95958182417583
1566000000,3200000000,1107000000,1566000000,cpufreq_1.566GHz_gpufreq_1.107GHz_emcfreq_3.200GHz,1566000000.0,1,766.7015768445153,9.45792,7.23369653702717,8.26896,105.755717436,1,3200000000,1107000000,1194.0744313179982,1,28.74448,11.190914608417687,16.93168,1,locked_combo,thor_measurements/combo_sweep_vla_auto_20260427_091937/cpufreq_1.566GHz_gpufreq_1.107GHz_emcfreq_3.200GHz/nvtx_ranges.csv,thor_measurements/combo_sweep_vla_auto_20260427_091937/cpufreq_1.566GHz_gpufreq_1.107GHz_emcfreq_3.200GHz/phase_metrics.csv,thor_measurements/combo_sweep_vla_auto_20260427_091937/cpufreq_1.566GHz_gpufreq_1.107GHz_emcfreq_3.200GHz/phase_summary.csv,thor_measurements/combo_sweep_vla_auto_20260427_091937/cpufreq_1.566GHz_gpufreq_1.107GHz_emcfreq_3.200GHz/telemetry_raw.csv,1566000000,3200000000,1107000000,1566000000,18770,3692.331061191161,82.474,34.44359829515184,64.68029999999997,/home/Thor/Workspace/jyjeong/Isaac-GR00T/thor_measurements/combo_sweep_vla_auto_20260427_091937/summary.csv,cpufreq_1.566GHz_gpufreq_1.107GHz_emcfreq_3.200GHz,84.64158911290323
1836000000,3200000000,1107000000,1836000000,cpufreq_1.836GHz_gpufreq_1.107GHz_emcfreq_3.200GHz,1836000000.0,1,793.3892160845436,10.24608,7.559220058139536,8.66272,104.714504873,1,3200000000,1107000000,1196.1608127471093,1,28.74448,11.340183355481727,16.93856,1,locked_combo,thor_measurements/combo_sweep_vla_auto_20260427_091937/cpufreq_1.836GHz_gpufreq_1.107GHz_emcfreq_3.200GHz/nvtx_ranges.csv,thor_measurements/combo_sweep_vla_auto_20260427_091937/cpufreq_1.836GHz_gpufreq_1.107GHz_emcfreq_3.200GHz/phase_metrics.csv,thor_measurements/combo_sweep_vla_auto_20260427_091937/cpufreq_1.836GHz_gpufreq_1.107GHz_emcfreq_3.200GHz/phase_summary.csv,thor_measurements/combo_sweep_vla_auto_20260427_091937/cpufreq_1.836GHz_gpufreq_1.107GHz_emcfreq_3.200GHz/telemetry_raw.csv,1836000000,3200000000,1107000000,1836000000,19264,3711.458382759175,82.914,34.94287375415283,66.35709999999999,/home/Thor/Workspace/jyjeong/Isaac-GR00T/thor_measurements/combo_sweep_vla_auto_20260427_091937/summary.csv,cpufreq_1.836GHz_gpufreq_1.107GHz_emcfreq_3.200GHz,82.55110946276595
2160000000,3200000000,1107000000,2160000000,cpufreq_2.160GHz_gpufreq_1.107GHz_emcfreq_3.200GHz,2160000000.0,1,598.5377268820598,11.42832,7.862705753576885,9.4464,75.971052018,1,3200000000,1107000000,794.2568991456542,1,28.74448,10.405921711348798,17.33248,1,locked_combo,thor_measurements/combo_sweep_vla_auto_20260427_091937/cpufreq_2.160GHz_gpufreq_1.107GHz_emcfreq_3.200GHz/nvtx_ranges.csv,thor_measurements/combo_sweep_vla_auto_20260427_091937/cpufreq_2.160GHz_gpufreq_1.107GHz_emcfreq_3.200GHz/phase_metrics.csv,thor_measurements/combo_sweep_vla_auto_20260427_091937/cpufreq_2.160GHz_gpufreq_1.107GHz_emcfreq_3.200GHz/phase_summary.csv,thor_measurements/combo_sweep_vla_auto_20260427_091937/cpufreq_2.160GHz_gpufreq_1.107GHz_emcfreq_3.200GHz/telemetry_raw.csv,2160000000,3200000000,1107000000,2160000000,14398,2619.1153162216833,83.352,34.05147284345048,64.34060000000001,/home/Thor/Workspace/jyjeong/Isaac-GR00T/thor_measurements/combo_sweep_vla_auto_20260427_091937/summary.csv,cpufreq_2.160GHz_gpufreq_1.107GHz_emcfreq_3.200GHz,81.13728860185185
2430000000,3200000000,1107000000,2430000000,cpufreq_2.430GHz_gpufreq_1.107GHz_emcfreq_3.200GHz,2430000000.0,1,610.4261575054002,12.60544,8.349164839117606,9.844,72.86215495,1,3200000000,1107000000,772.429853817224,1,28.74448,10.481089852465926,17.712,1,locked_combo,thor_measurements/combo_sweep_vla_auto_20260427_091937/cpufreq_2.430GHz_gpufreq_1.107GHz_emcfreq_3.200GHz/nvtx_ranges.csv,thor_measurements/combo_sweep_vla_auto_20260427_091937/cpufreq_2.430GHz_gpufreq_1.107GHz_emcfreq_3.200GHz/phase_metrics.csv,thor_measurements/combo_sweep_vla_auto_20260427_091937/cpufreq_2.430GHz_gpufreq_1.107GHz_emcfreq_3.200GHz/phase_summary.csv,thor_measurements/combo_sweep_vla_auto_20260427_091937/cpufreq_2.430GHz_gpufreq_1.107GHz_emcfreq_3.200GHz/telemetry_raw.csv,2430000000,3200000000,1107000000,2430000000,14234,2558.1421283106315,84.386,34.51545946325699,64.3096,/home/Thor/Workspace/jyjeong/Isaac-GR00T/thor_measurements/combo_sweep_vla_auto_20260427_091937/summary.csv,cpufreq_2.430GHz_gpufreq_1.107GHz_emcfreq_3.200GHz,79.78443354716981
2601000000,3200000000,1107000000,2601000000,cpufreq_2.601GHz_gpufreq_1.107GHz_emcfreq_3.200GHz,2601000000.0,1,652.2586363772831,13.7872,8.871706394975575,10.23776,73.299259536,1,3200000000,1107000000,786.1155729015225,1,28.74448,10.593411896720166,17.32544,1,locked_combo,thor_measurements/combo_sweep_vla_auto_20260427_091937/cpufreq_2.601GHz_gpufreq_1.107GHz_emcfreq_3.200GHz/nvtx_ranges.csv,thor_measurements/combo_sweep_vla_auto_20260427_091937/cpufreq_2.601GHz_gpufreq_1.107GHz_emcfreq_3.200GHz/phase_metrics.csv,thor_measurements/combo_sweep_vla_auto_20260427_091937/cpufreq_2.601GHz_gpufreq_1.107GHz_emcfreq_3.200GHz/phase_summary.csv,thor_measurements/combo_sweep_vla_auto_20260427_091937/cpufreq_2.601GHz_gpufreq_1.107GHz_emcfreq_3.200GHz/telemetry_raw.csv,2601000000,3200000000,1107000000,2601000000,14330,2633.136247484648,85.078,35.31545596650384,66.0346,/home/Thor/Workspace/jyjeong/Isaac-GR00T/thor_measurements/combo_sweep_vla_auto_20260427_091937/summary.csv,cpufreq_2.601GHz_gpufreq_1.107GHz_emcfreq_3.200GHz,79.78710075454545
-1,4266000000,1107000000,-1,cpufreq_default_gpufreq_1.107GHz_emcfreq_4.266GHz,347482169.50959486,1,615.5892200782278,9.06384,7.085787641791044,8.27568,86.933928438,1,4266000000,1107000000,879.1966158123555,1,28.74448,10.107564507462689,15.750400000000004,1,locked_combo,thor_measurements/combo_sweep_vla_auto_20260427_091937/cpufreq_default_gpufreq_1.107GHz_emcfreq_4.266GHz/nvtx_ranges.csv,thor_measurements/combo_sweep_vla_auto_20260427_091937/cpufreq_default_gpufreq_1.107GHz_emcfreq_4.266GHz/phase_metrics.csv,thor_measurements/combo_sweep_vla_auto_20260427_091937/cpufreq_default_gpufreq_1.107GHz_emcfreq_4.266GHz/phase_summary.csv,thor_measurements/combo_sweep_vla_auto_20260427_091937/cpufreq_default_gpufreq_1.107GHz_emcfreq_4.266GHz/telemetry_raw.csv,-1,4266000000,1107000000,-1,5360,2896.1767553769837,83.304,34.113814925373134,61.4442,/home/Thor/Workspace/jyjeong/Isaac-GR00T/thor_measurements/combo_sweep_vla_auto_20260427_091937/summary.csv,cpufreq_default_gpufreq_1.107GHz_emcfreq_4.266GHz,99.18107318181818
648000000,4266000000,1107000000,648000000,cpufreq_648MHz_gpufreq_1.107GHz_emcfreq_4.266GHz,648000000.0,1,711.3090974498078,8.26896,6.603686682828842,7.8752,107.430099816,1,4266000000,1107000000,1030.3885816136317,1,28.74448,9.536912821223243,16.5312,1,locked_combo,thor_measurements/combo_sweep_vla_auto_20260427_091937/cpufreq_648MHz_gpufreq_1.107GHz_emcfreq_4.266GHz/nvtx_ranges.csv,thor_measurements/combo_sweep_vla_auto_20260427_091937/cpufreq_648MHz_gpufreq_1.107GHz_emcfreq_4.266GHz/phase_metrics.csv,thor_measurements/combo_sweep_vla_auto_20260427_091937/cpufreq_648MHz_gpufreq_1.107GHz_emcfreq_4.266GHz/phase_summary.csv,thor_measurements/combo_sweep_vla_auto_20260427_091937/cpufreq_648MHz_gpufreq_1.107GHz_emcfreq_4.266GHz/telemetry_raw.csv,648000000,4266000000,1107000000,648000000,14437,3431.7774339888383,84.752,31.703127796633648,59.8368,/home/Thor/Workspace/jyjeong/Isaac-GR00T/thor_measurements/combo_sweep_vla_auto_20260427_091937/summary.csv,cpufreq_648MHz_gpufreq_1.107GHz_emcfreq_4.266GHz,111.42501905405406
972000000,4266000000,1107000000,972000000,cpufreq_972MHz_gpufreq_1.107GHz_emcfreq_4.266GHz,972000000.0,1,628.4348180443978,8.66976,6.8521559092182684,8.26896,91.602913261,1,4266000000,1107000000,878.0596952791939,1,28.74448,9.563178066685346,16.53792,1,locked_combo,thor_measurements/combo_sweep_vla_auto_20260427_091937/cpufreq_972MHz_gpufreq_1.107GHz_emcfreq_4.266GHz/nvtx_ranges.csv,thor_measurements/combo_sweep_vla_auto_20260427_091937/cpufreq_972MHz_gpufreq_1.107GHz_emcfreq_4.266GHz/phase_metrics.csv,thor_measurements/combo_sweep_vla_auto_20260427_091937/cpufreq_972MHz_gpufreq_1.107GHz_emcfreq_4.266GHz/phase_summary.csv,thor_measurements/combo_sweep_vla_auto_20260427_091937/cpufreq_972MHz_gpufreq_1.107GHz_emcfreq_4.266GHz/telemetry_raw.csv,972000000,4266000000,1107000000,972000000,14276,2961.27854765372,83.93,32.1091905295601,61.4865,/home/Thor/Workspace/jyjeong/Isaac-GR00T/thor_measurements/combo_sweep_vla_auto_20260427_091937/summary.csv,cpufreq_972MHz_gpufreq_1.107GHz_emcfreq_4.266GHz,88.90880568181818
1242000000,4266000000,1107000000,1242000000,cpufreq_1.242GHz_gpufreq_1.107GHz_emcfreq_4.266GHz,1242000000.0,1,834.84224453105,9.06384,7.245818601025642,8.26896,114.963621958,1,4266000000,1107000000,1284.6848972118298,1,28.74448,11.106571864615384,16.9248,1,locked_combo,thor_measurements/combo_sweep_vla_auto_20260427_091937/cpufreq_1.242GHz_gpufreq_1.107GHz_emcfreq_4.266GHz/nvtx_ranges.csv,thor_measurements/combo_sweep_vla_auto_20260427_091937/cpufreq_1.242GHz_gpufreq_1.107GHz_emcfreq_4.266GHz/phase_metrics.csv,thor_measurements/combo_sweep_vla_auto_20260427_091937/cpufreq_1.242GHz_gpufreq_1.107GHz_emcfreq_4.266GHz/phase_summary.csv,thor_measurements/combo_sweep_vla_auto_20260427_091937/cpufreq_1.242GHz_gpufreq_1.107GHz_emcfreq_4.266GHz/telemetry_raw.csv,1242000000,4266000000,1107000000,1242000000,19500,4016.674729756363,85.42,34.520263692307694,64.6781,/home/Thor/Workspace/jyjeong/Isaac-GR00T/thor_measurements/combo_sweep_vla_auto_20260427_091937/summary.csv,cpufreq_1.242GHz_gpufreq_1.107GHz_emcfreq_4.266GHz,85.37703550753768
1566000000,4266000000,1107000000,1566000000,cpufreq_1.566GHz_gpufreq_1.107GHz_emcfreq_4.266GHz,1566000000.0,1,588.9947478401273,9.45792,7.200701797737588,8.66272,81.649569347,1,4266000000,1107000000,833.6496868681617,1,28.74448,10.156942009076744,17.31136,1,locked_combo,thor_measurements/combo_sweep_vla_auto_20260427_091937/cpufreq_1.566GHz_gpufreq_1.107GHz_emcfreq_4.266GHz/nvtx_ranges.csv,thor_measurements/combo_sweep_vla_auto_20260427_091937/cpufreq_1.566GHz_gpufreq_1.107GHz_emcfreq_4.266GHz/phase_metrics.csv,thor_measurements/combo_sweep_vla_auto_20260427_091937/cpufreq_1.566GHz_gpufreq_1.107GHz_emcfreq_4.266GHz/phase_summary.csv,thor_measurements/combo_sweep_vla_auto_20260427_091937/cpufreq_1.566GHz_gpufreq_1.107GHz_emcfreq_4.266GHz/telemetry_raw.csv,1566000000,4266000000,1107000000,1566000000,14763,2743.5738988782027,85.546,33.20971821445506,64.54279999999999,/home/Thor/Workspace/jyjeong/Isaac-GR00T/thor_measurements/combo_sweep_vla_auto_20260427_091937/summary.csv,cpufreq_1.566GHz_gpufreq_1.107GHz_emcfreq_4.266GHz,82.35612117857143
1836000000,4266000000,1107000000,1836000000,cpufreq_1.836GHz_gpufreq_1.107GHz_emcfreq_4.266GHz,1836000000.0,1,637.6415008412603,10.24608,7.570076352225425,9.05648,84.031238737,1,4266000000,1107000000,892.525196555639,1,28.74448,10.546832486711494,17.32544,1,locked_combo,thor_measurements/combo_sweep_vla_auto_20260427_091937/cpufreq_1.836GHz_gpufreq_1.107GHz_emcfreq_4.266GHz/nvtx_ranges.csv,thor_measurements/combo_sweep_vla_auto_20260427_091937/cpufreq_1.836GHz_gpufreq_1.107GHz_emcfreq_4.266GHz/phase_metrics.csv,thor_measurements/combo_sweep_vla_auto_20260427_091937/cpufreq_1.836GHz_gpufreq_1.107GHz_emcfreq_4.266GHz/phase_summary.csv,thor_measurements/combo_sweep_vla_auto_20260427_091937/cpufreq_1.836GHz_gpufreq_1.107GHz_emcfreq_4.266GHz/telemetry_raw.csv,1836000000,4266000000,1107000000,1836000000,15615,2902.2876021153043,85.822,34.11170336215178,65.62939999999999,/home/Thor/Workspace/jyjeong/Isaac-GR00T/thor_measurements/combo_sweep_vla_auto_20260427_091937/summary.csv,cpufreq_1.836GHz_gpufreq_1.107GHz_emcfreq_4.266GHz,81.0695058015873
2160000000,4266000000,1107000000,2160000000,cpufreq_2.160GHz_gpufreq_1.107GHz_emcfreq_4.266GHz,2160000000.0,1,615.1873675646186,11.8224,8.053122779398793,9.45024,76.16456684,1,4266000000,1107000000,806.7608085954007,1,28.74448,10.495589137544954,17.32544,1,locked_combo,thor_measurements/combo_sweep_vla_auto_20260427_091937/cpufreq_2.160GHz_gpufreq_1.107GHz_emcfreq_4.266GHz/nvtx_ranges.csv,thor_measurements/combo_sweep_vla_auto_20260427_091937/cpufreq_2.160GHz_gpufreq_1.107GHz_emcfreq_4.266GHz/phase_metrics.csv,thor_measurements/combo_sweep_vla_auto_20260427_091937/cpufreq_2.160GHz_gpufreq_1.107GHz_emcfreq_4.266GHz/phase_summary.csv,thor_measurements/combo_sweep_vla_auto_20260427_091937/cpufreq_2.160GHz_gpufreq_1.107GHz_emcfreq_4.266GHz/telemetry_raw.csv,2160000000,4266000000,1107000000,2160000000,14737,2667.8426161000207,86.852,34.487782045192375,65.03480000000003,/home/Thor/Workspace/jyjeong/Isaac-GR00T/thor_measurements/combo_sweep_vla_auto_20260427_091937/summary.csv,cpufreq_2.160GHz_gpufreq_1.107GHz_emcfreq_4.266GHz,79.14700820535714
2430000000,4266000000,1107000000,2430000000,cpufreq_2.430GHz_gpufreq_1.107GHz_emcfreq_4.266GHz,2430000000.0,1,639.0068652802404,12.99936,8.52323580195835,9.844,74.762489677,1,4266000000,1107000000,791.9344809009151,1,28.74448,10.499663527789272,17.712,1,locked_combo,thor_measurements/combo_sweep_vla_auto_20260427_091937/cpufreq_2.430GHz_gpufreq_1.107GHz_emcfreq_4.266GHz/nvtx_ranges.csv,thor_measurements/combo_sweep_vla_auto_20260427_091937/cpufreq_2.430GHz_gpufreq_1.107GHz_emcfreq_4.266GHz/phase_metrics.csv,thor_measurements/combo_sweep_vla_auto_20260427_091937/cpufreq_2.430GHz_gpufreq_1.107GHz_emcfreq_4.266GHz/phase_summary.csv,thor_measurements/combo_sweep_vla_auto_20260427_091937/cpufreq_2.430GHz_gpufreq_1.107GHz_emcfreq_4.266GHz/telemetry_raw.csv,2430000000,4266000000,1107000000,2430000000,14502,2654.934188531237,86.984,34.98267907874776,66.08370000000001,/home/Thor/Workspace/jyjeong/Isaac-GR00T/thor_measurements/combo_sweep_vla_auto_20260427_091937/summary.csv,cpufreq_2.430GHz_gpufreq_1.107GHz_emcfreq_4.266GHz,78.5382781559633
2601000000,4266000000,1107000000,2601000000,cpufreq_2.601GHz_gpufreq_1.107GHz_emcfreq_4.266GHz,2601000000.0,1,707.3849211796684,14.18112,9.117396908020895,10.6272,77.415169368,1,4266000000,1107000000,861.5617028105922,1,28.74448,11.045669795675462,17.712,1,locked_combo,thor_measurements/combo_sweep_vla_auto_20260427_091937/cpufreq_2.601GHz_gpufreq_1.107GHz_emcfreq_4.266GHz/nvtx_ranges.csv,thor_measurements/combo_sweep_vla_auto_20260427_091937/cpufreq_2.601GHz_gpufreq_1.107GHz_emcfreq_4.266GHz/phase_metrics.csv,thor_measurements/combo_sweep_vla_auto_20260427_091937/cpufreq_2.601GHz_gpufreq_1.107GHz_emcfreq_4.266GHz/phase_summary.csv,thor_measurements/combo_sweep_vla_auto_20260427_091937/cpufreq_2.601GHz_gpufreq_1.107GHz_emcfreq_4.266GHz/telemetry_raw.csv,2601000000,4266000000,1107000000,2601000000,15123,2855.959848149826,87.914,36.324606361171725,67.8658,/home/Thor/Workspace/jyjeong/Isaac-GR00T/thor_measurements/combo_sweep_vla_auto_20260427_091937/summary.csv,cpufreq_2.601GHz_gpufreq_1.107GHz_emcfreq_4.266GHz,78.11251529133858
-1,-1,1305000000,-1,cpufreq_default_gpufreq_1.305GHz_emcfreq_default,363244751.6641065,1,727.6753246036947,11.42368,8.649432946236558,10.24608,85.921765344,1,-1,1305000000,899.0164594496954,1,31.8816,10.231423340501792,16.5312,1,locked_combo,thor_measurements/combo_sweep_vla_auto_20260427_091937/cpufreq_default_gpufreq_1.305GHz_emcfreq_default/nvtx_ranges.csv,thor_measurements/combo_sweep_vla_auto_20260427_091937/cpufreq_default_gpufreq_1.305GHz_emcfreq_default/phase_metrics.csv,thor_measurements/combo_sweep_vla_auto_20260427_091937/cpufreq_default_gpufreq_1.305GHz_emcfreq_default/phase_summary.csv,thor_measurements/combo_sweep_vla_auto_20260427_091937/cpufreq_default_gpufreq_1.305GHz_emcfreq_default/telemetry_raw.csv,-1,-1,1305000000,-1,5580,3008.2936725255568,80.778,35.51397491039427,64.49310000000001,/home/Thor/Workspace/jyjeong/Isaac-GR00T/thor_measurements/combo_sweep_vla_auto_20260427_091937/summary.csv,cpufreq_default_gpufreq_1.305GHz_emcfreq_default,98.9319929174312
648000000,-1,1305000000,648000000,cpufreq_648MHz_gpufreq_1.305GHz_emcfreq_default,648000000.0,1,873.1037598056605,10.23776,7.944322827965436,9.84,109.814509115,1,-1,1305000000,1102.076074138642,1,31.89456,9.90682960984551,16.53792,1,locked_combo,thor_measurements/combo_sweep_vla_auto_20260427_091937/cpufreq_648MHz_gpufreq_1.305GHz_emcfreq_default/nvtx_ranges.csv,thor_measurements/combo_sweep_vla_auto_20260427_091937/cpufreq_648MHz_gpufreq_1.305GHz_emcfreq_default/phase_metrics.csv,thor_measurements/combo_sweep_vla_auto_20260427_091937/cpufreq_648MHz_gpufreq_1.305GHz_emcfreq_default/phase_summary.csv,thor_measurements/combo_sweep_vla_auto_20260427_091937/cpufreq_648MHz_gpufreq_1.305GHz_emcfreq_default/telemetry_raw.csv,648000000,-1,1305000000,648000000,15276,3703.339299977775,80.426,33.35375307672165,63.3785,/home/Thor/Workspace/jyjeong/Isaac-GR00T/thor_measurements/combo_sweep_vla_auto_20260427_091937/summary.csv,cpufreq_648MHz_gpufreq_1.305GHz_emcfreq_default,105.4424636173913
972000000,-1,1305000000,972000000,cpufreq_972MHz_gpufreq_1.305GHz_emcfreq_default,972000000.0,1,742.4519716269584,10.63152,8.105459688658266,9.848,91.423412972,1,-1,1305000000,905.4787581711416,1,31.89456,9.795913298739809,17.32544,1,locked_combo,thor_measurements/combo_sweep_vla_auto_20260427_091937/cpufreq_972MHz_gpufreq_1.305GHz_emcfreq_default/nvtx_ranges.csv,thor_measurements/combo_sweep_vla_auto_20260427_091937/cpufreq_972MHz_gpufreq_1.305GHz_emcfreq_default/phase_metrics.csv,thor_measurements/combo_sweep_vla_auto_20260427_091937/cpufreq_972MHz_gpufreq_1.305GHz_emcfreq_default/phase_summary.csv,thor_measurements/combo_sweep_vla_auto_20260427_091937/cpufreq_972MHz_gpufreq_1.305GHz_emcfreq_default/telemetry_raw.csv,972000000,-1,1305000000,972000000,14839,3104.573632228316,80.648,33.461722757598224,65.0084,/home/Thor/Workspace/jyjeong/Isaac-GR00T/thor_measurements/combo_sweep_vla_auto_20260427_091937/summary.csv,cpufreq_972MHz_gpufreq_1.305GHz_emcfreq_default,85.01521252678572
1242000000,-1,1305000000,1242000000,cpufreq_1.242GHz_gpufreq_1.305GHz_emcfreq_default,1242000000.0,1,966.0127032684778,10.64016,8.598296910652746,10.23776,112.260862988,1,-1,1305000000,1265.801713170837,1,31.89456,11.212246645748674,17.32544,1,locked_combo,thor_measurements/combo_sweep_vla_auto_20260427_091937/cpufreq_1.242GHz_gpufreq_1.305GHz_emcfreq_default/nvtx_ranges.csv,thor_measurements/combo_sweep_vla_auto_20260427_091937/cpufreq_1.242GHz_gpufreq_1.305GHz_emcfreq_default/phase_metrics.csv,thor_measurements/combo_sweep_vla_auto_20260427_091937/cpufreq_1.242GHz_gpufreq_1.305GHz_emcfreq_default/phase_summary.csv,thor_measurements/combo_sweep_vla_auto_20260427_091937/cpufreq_1.242GHz_gpufreq_1.305GHz_emcfreq_default/telemetry_raw.csv,1242000000,-1,1305000000,1242000000,19441,4074.529514432472,81.478,35.74775320199578,69.022,/home/Thor/Workspace/jyjeong/Isaac-GR00T/thor_measurements/combo_sweep_vla_auto_20260427_091937/summary.csv,cpufreq_1.242GHz_gpufreq_1.305GHz_emcfreq_default,81.32973287301587
1566000000,-1,1305000000,1566000000,cpufreq_1.566GHz_gpufreq_1.305GHz_emcfreq_default,1566000000.0,1,679.5479863773066,11.02976,8.502574439529027,10.23776,79.933802086,1,-1,1305000000,830.7068420635908,1,31.5008,10.303784888041925,18.1056,1,locked_combo,thor_measurements/combo_sweep_vla_auto_20260427_091937/cpufreq_1.566GHz_gpufreq_1.305GHz_emcfreq_default/nvtx_ranges.csv,thor_measurements/combo_sweep_vla_auto_20260427_091937/cpufreq_1.566GHz_gpufreq_1.305GHz_emcfreq_default/phase_metrics.csv,thor_measurements/combo_sweep_vla_auto_20260427_091937/cpufreq_1.566GHz_gpufreq_1.305GHz_emcfreq_default/phase_summary.csv,thor_measurements/combo_sweep_vla_auto_20260427_091937/cpufreq_1.566GHz_gpufreq_1.305GHz_emcfreq_default/telemetry_raw.csv,1566000000,-1,1305000000,1566000000,14693,2796.600730313565,87.606,34.45413217178248,65.82279999999999,/home/Thor/Workspace/jyjeong/Isaac-GR00T/thor_measurements/combo_sweep_vla_auto_20260427_091937/summary.csv,cpufreq_1.566GHz_gpufreq_1.305GHz_emcfreq_default,78.07948433027522
1836000000,-1,1305000000,1836000000,cpufreq_1.836GHz_gpufreq_1.305GHz_emcfreq_default,1836000000.0,1,686.5549763891113,11.8176,8.908342099748248,10.63152,76.987927802,1,-1,1305000000,838.2127438560766,1,31.89456,10.804250587194666,18.11296,1,locked_combo,thor_measurements/combo_sweep_vla_auto_20260427_091937/cpufreq_1.836GHz_gpufreq_1.305GHz_emcfreq_default/nvtx_ranges.csv,thor_measurements/combo_sweep_vla_auto_20260427_091937/cpufreq_1.836GHz_gpufreq_1.305GHz_emcfreq_default/phase_metrics.csv,thor_measurements/combo_sweep_vla_auto_20260427_091937/cpufreq_1.836GHz_gpufreq_1.305GHz_emcfreq_default/phase_summary.csv,thor_measurements/combo_sweep_vla_auto_20260427_091937/cpufreq_1.836GHz_gpufreq_1.305GHz_emcfreq_default/telemetry_raw.csv,1836000000,-1,1305000000,1836000000,14697,2777.7980304303755,85.87,35.38814492753623,69.25840000000001,/home/Thor/Workspace/jyjeong/Isaac-GR00T/thor_measurements/combo_sweep_vla_auto_20260427_091937/summary.csv,cpufreq_1.836GHz_gpufreq_1.305GHz_emcfreq_default,76.89694596521738
2160000000,-1,1305000000,2160000000,cpufreq_2.160GHz_gpufreq_1.305GHz_emcfreq_default,2160000000.0,1,710.5327695089729,13.38784,9.37333476918966,11.4144,75.669844863,1,-1,1305000000,818.8440630587326,1,31.89456,10.691058587748014,18.11296,1,locked_combo,thor_measurements/combo_sweep_vla_auto_20260427_091937/cpufreq_2.160GHz_gpufreq_1.305GHz_emcfreq_default/nvtx_ranges.csv,thor_measurements/combo_sweep_vla_auto_20260427_091937/cpufreq_2.160GHz_gpufreq_1.305GHz_emcfreq_default/phase_metrics.csv,thor_measurements/combo_sweep_vla_auto_20260427_091937/cpufreq_2.160GHz_gpufreq_1.305GHz_emcfreq_default/phase_summary.csv,thor_measurements/combo_sweep_vla_auto_20260427_091937/cpufreq_2.160GHz_gpufreq_1.305GHz_emcfreq_default/telemetry_raw.csv,2160000000,-1,1305000000,2160000000,14969,2761.184083682644,83.484,35.69675556149376,69.83000000000003,/home/Thor/Workspace/jyjeong/Isaac-GR00T/thor_measurements/combo_sweep_vla_auto_20260427_091937/summary.csv,cpufreq_2.160GHz_gpufreq_1.305GHz_emcfreq_default,75.05892758181818
2430000000,-1,1305000000,2430000000,cpufreq_2.430GHz_gpufreq_1.305GHz_emcfreq_default,2430000000.0,1,1005.5814798754471,14.56912,10.138157034639695,11.808,99.065652119,1,-1,1305000000,1188.5060262662737,1,31.8816,11.926014519342605,18.1056,1,locked_combo,thor_measurements/combo_sweep_vla_auto_20260427_091937/cpufreq_2.430GHz_gpufreq_1.305GHz_emcfreq_default/nvtx_ranges.csv,thor_measurements/combo_sweep_vla_auto_20260427_091937/cpufreq_2.430GHz_gpufreq_1.305GHz_emcfreq_default/phase_metrics.csv,thor_measurements/combo_sweep_vla_auto_20260427_091937/cpufreq_2.430GHz_gpufreq_1.305GHz_emcfreq_default/phase_summary.csv,thor_measurements/combo_sweep_vla_auto_20260427_091937/cpufreq_2.430GHz_gpufreq_1.305GHz_emcfreq_default/telemetry_raw.csv,2430000000,-1,1305000000,2430000000,19775,3853.165226861536,85.686,38.05807302149178,75.3732,/home/Thor/Workspace/jyjeong/Isaac-GR00T/thor_measurements/combo_sweep_vla_auto_20260427_091937/summary.csv,cpufreq_2.430GHz_gpufreq_1.305GHz_emcfreq_default,73.76072830645161
2601000000,-1,1305000000,2601000000,cpufreq_2.601GHz_gpufreq_1.305GHz_emcfreq_default,2601000000.0,1,1023.2691554677624,15.744,10.705534397367336,12.20656,95.330818527,1,-1,1305000000,1173.0584097515816,1,31.8816,12.164050086384204,18.4992,1,locked_combo,thor_measurements/combo_sweep_vla_auto_20260427_091937/cpufreq_2.601GHz_gpufreq_1.305GHz_emcfreq_default/nvtx_ranges.csv,thor_measurements/combo_sweep_vla_auto_20260427_091937/cpufreq_2.601GHz_gpufreq_1.305GHz_emcfreq_default/phase_metrics.csv,thor_measurements/combo_sweep_vla_auto_20260427_091937/cpufreq_2.601GHz_gpufreq_1.305GHz_emcfreq_default/phase_summary.csv,thor_measurements/combo_sweep_vla_auto_20260427_091937/cpufreq_2.601GHz_gpufreq_1.305GHz_emcfreq_default/telemetry_raw.csv,2601000000,-1,1305000000,2601000000,19448,3808.8530082720176,85.694,39.008700123406,76.30860000000001,/home/Thor/Workspace/jyjeong/Isaac-GR00T/thor_measurements/combo_sweep_vla_auto_20260427_091937/summary.csv,cpufreq_2.601GHz_gpufreq_1.305GHz_emcfreq_default,73.83030245212765
-1,665600000,1305000000,-1,cpufreq_default_gpufreq_1.305GHz_emcfreq_665MHz,334394529.78643686,1,1084.4863638013849,8.27568,6.3493955788684895,7.0992,170.458391856,1,665600000,1305000000,1809.8378187420203,1,31.89456,10.372718831022857,13.39328,1,locked_combo,thor_measurements/combo_sweep_vla_auto_20260427_091937/cpufreq_default_gpufreq_1.305GHz_emcfreq_665MHz/nvtx_ranges.csv,thor_measurements/combo_sweep_vla_auto_20260427_091937/cpufreq_default_gpufreq_1.305GHz_emcfreq_665MHz/phase_metrics.csv,thor_measurements/combo_sweep_vla_auto_20260427_091937/cpufreq_default_gpufreq_1.305GHz_emcfreq_665MHz/phase_summary.csv,thor_measurements/combo_sweep_vla_auto_20260427_091937/cpufreq_default_gpufreq_1.305GHz_emcfreq_665MHz/telemetry_raw.csv,-1,665600000,1305000000,-1,8007,5608.0625643805815,55.284,32.53530735606345,44.7182,/home/Thor/Workspace/jyjeong/Isaac-GR00T/thor_measurements/combo_sweep_vla_auto_20260427_091937/summary.csv,cpufreq_default_gpufreq_1.305GHz_emcfreq_665MHz,249.08048361170214
648000000,665600000,1305000000,648000000,cpufreq_648MHz_gpufreq_1.305GHz_emcfreq_665MHz,648000000.0,1,1150.9021550957143,7.09344,5.980925621236209,6.69664,190.775436323,1,665600000,1305000000,1892.06932744886,1,31.89456,9.557883501469384,13.39872,1,locked_combo,thor_measurements/combo_sweep_vla_auto_20260427_091937/cpufreq_648MHz_gpufreq_1.305GHz_emcfreq_665MHz/nvtx_ranges.csv,thor_measurements/combo_sweep_vla_auto_20260427_091937/cpufreq_648MHz_gpufreq_1.305GHz_emcfreq_665MHz/phase_metrics.csv,thor_measurements/combo_sweep_vla_auto_20260427_091937/cpufreq_648MHz_gpufreq_1.305GHz_emcfreq_665MHz/phase_summary.csv,thor_measurements/combo_sweep_vla_auto_20260427_091937/cpufreq_648MHz_gpufreq_1.305GHz_emcfreq_665MHz/telemetry_raw.csv,648000000,665600000,1305000000,648000000,20757,5994.226053018355,54.472,30.396824300236062,43.032,/home/Thor/Workspace/jyjeong/Isaac-GR00T/thor_measurements/combo_sweep_vla_auto_20260427_091937/summary.csv,cpufreq_648MHz_gpufreq_1.305GHz_emcfreq_665MHz,243.77250220855615
972000000,665600000,1305000000,972000000,cpufreq_972MHz_gpufreq_1.305GHz_emcfreq_665MHz,972000000.0,1,762.7994459517982,7.48752,5.999835007926945,6.69936,125.978751062,1,665600000,1305000000,1205.8176514800846,1,31.5008,9.191570194685776,13.39872,1,locked_combo,thor_measurements/combo_sweep_vla_auto_20260427_091937/cpufreq_972MHz_gpufreq_1.305GHz_emcfreq_665MHz/nvtx_ranges.csv,thor_measurements/combo_sweep_vla_auto_20260427_091937/cpufreq_972MHz_gpufreq_1.305GHz_emcfreq_665MHz/phase_metrics.csv,thor_measurements/combo_sweep_vla_auto_20260427_091937/cpufreq_972MHz_gpufreq_1.305GHz_emcfreq_665MHz/phase_summary.csv,thor_measurements/combo_sweep_vla_auto_20260427_091937/cpufreq_972MHz_gpufreq_1.305GHz_emcfreq_665MHz/telemetry_raw.csv,972000000,665600000,1305000000,972000000,15769,3905.6983647491666,54.298,29.93778349927072,44.1572,/home/Thor/Workspace/jyjeong/Isaac-GR00T/thor_measurements/combo_sweep_vla_auto_20260427_091937/summary.csv,cpufreq_972MHz_gpufreq_1.305GHz_emcfreq_665MHz,232.85087899090908
1242000000,665600000,1305000000,1242000000,cpufreq_1.242GHz_gpufreq_1.305GHz_emcfreq_665MHz,1242000000.0,1,744.158700521147,7.8816,6.134539555387619,6.69936,120.2260403,1,665600000,1305000000,1173.848693542662,1,31.5008,9.398284718181246,13.39872,1,locked_combo,thor_measurements/combo_sweep_vla_auto_20260427_091937/cpufreq_1.242GHz_gpufreq_1.305GHz_emcfreq_665MHz/nvtx_ranges.csv,thor_measurements/combo_sweep_vla_auto_20260427_091937/cpufreq_1.242GHz_gpufreq_1.305GHz_emcfreq_665MHz/phase_metrics.csv,thor_measurements/combo_sweep_vla_auto_20260427_091937/cpufreq_1.242GHz_gpufreq_1.305GHz_emcfreq_665MHz/phase_summary.csv,thor_measurements/combo_sweep_vla_auto_20260427_091937/cpufreq_1.242GHz_gpufreq_1.305GHz_emcfreq_665MHz/telemetry_raw.csv,1242000000,665600000,1305000000,1242000000,15879,3774.184310823289,55.022,30.25137552742616,44.916599999999995,/home/Thor/Workspace/jyjeong/Isaac-GR00T/thor_measurements/combo_sweep_vla_auto_20260427_091937/summary.csv,cpufreq_1.242GHz_gpufreq_1.305GHz_emcfreq_665MHz,228.95534671559633
1566000000,665600000,1305000000,1566000000,cpufreq_1.566GHz_gpufreq_1.305GHz_emcfreq_665MHz,1566000000.0,1,758.4060063790101,8.27568,6.2921052656831,7.09056,119.347317521,1,665600000,1305000000,1191.7992501074386,1,31.5008,9.59738061173084,13.39872,1,locked_combo,thor_measurements/combo_sweep_vla_auto_20260427_091937/cpufreq_1.566GHz_gpufreq_1.305GHz_emcfreq_665MHz/nvtx_ranges.csv,thor_measurements/combo_sweep_vla_auto_20260427_091937/cpufreq_1.566GHz_gpufreq_1.305GHz_emcfreq_665MHz/phase_metrics.csv,thor_measurements/combo_sweep_vla_auto_20260427_091937/cpufreq_1.566GHz_gpufreq_1.305GHz_emcfreq_665MHz/phase_summary.csv,thor_measurements/combo_sweep_vla_auto_20260427_091937/cpufreq_1.566GHz_gpufreq_1.305GHz_emcfreq_665MHz/telemetry_raw.csv,1566000000,665600000,1305000000,1566000000,16674,3802.9638651065247,54.816,30.64479405061773,45.572700000000005,/home/Thor/Workspace/jyjeong/Isaac-GR00T/thor_measurements/combo_sweep_vla_auto_20260427_091937/summary.csv,cpufreq_1.566GHz_gpufreq_1.305GHz_emcfreq_665MHz,227.19157424561405
1836000000,665600000,1305000000,1836000000,cpufreq_1.836GHz_gpufreq_1.305GHz_emcfreq_665MHz,1836000000.0,1,1079.9269922386106,9.06384,6.706880437756499,7.09344,159.572507915,1,665600000,1305000000,1726.6018252848871,1,31.89456,10.424048029183767,13.7872,1,locked_combo,thor_measurements/combo_sweep_vla_auto_20260427_091937/cpufreq_1.836GHz_gpufreq_1.305GHz_emcfreq_665MHz/nvtx_ranges.csv,thor_measurements/combo_sweep_vla_auto_20260427_091937/cpufreq_1.836GHz_gpufreq_1.305GHz_emcfreq_665MHz/phase_metrics.csv,thor_measurements/combo_sweep_vla_auto_20260427_091937/cpufreq_1.836GHz_gpufreq_1.305GHz_emcfreq_665MHz/phase_summary.csv,thor_measurements/combo_sweep_vla_auto_20260427_091937/cpufreq_1.836GHz_gpufreq_1.305GHz_emcfreq_665MHz/telemetry_raw.csv,1836000000,665600000,1305000000,1836000000,21930,5341.434328886268,55.39,32.08341431828545,46.41459999999999,/home/Thor/Workspace/jyjeong/Isaac-GR00T/thor_measurements/combo_sweep_vla_auto_20260427_091937/summary.csv,cpufreq_1.836GHz_gpufreq_1.305GHz_emcfreq_665MHz,224.69567624338626
2160000000,665600000,1305000000,2160000000,cpufreq_2.160GHz_gpufreq_1.305GHz_emcfreq_665MHz,2160000000.0,1,816.5906003200595,10.24608,7.070265933567892,7.878399999999999,114.453892263,1,665600000,1305000000,1147.9314715232204,1,31.89456,9.654647303953723,13.7872,1,locked_combo,thor_measurements/combo_sweep_vla_auto_20260427_091937/cpufreq_2.160GHz_gpufreq_1.305GHz_emcfreq_665MHz/nvtx_ranges.csv,thor_measurements/combo_sweep_vla_auto_20260427_091937/cpufreq_2.160GHz_gpufreq_1.305GHz_emcfreq_665MHz/phase_metrics.csv,thor_measurements/combo_sweep_vla_auto_20260427_091937/cpufreq_2.160GHz_gpufreq_1.305GHz_emcfreq_665MHz/phase_summary.csv,thor_measurements/combo_sweep_vla_auto_20260427_091937/cpufreq_2.160GHz_gpufreq_1.305GHz_emcfreq_665MHz/telemetry_raw.csv,2160000000,665600000,1305000000,2160000000,16769,3748.959316137657,56.936,31.510503309678572,46.6712,/home/Thor/Workspace/jyjeong/Isaac-GR00T/thor_measurements/combo_sweep_vla_auto_20260427_091937/summary.csv,cpufreq_2.160GHz_gpufreq_1.305GHz_emcfreq_665MHz,224.55032095412844
2430000000,665600000,1305000000,2430000000,cpufreq_2.430GHz_gpufreq_1.305GHz_emcfreq_665MHz,2430000000.0,1,1232.3142196971278,11.03424,7.690981690612604,8.27232,158.936610133,1,665600000,1305000000,1718.385241152816,1,31.8816,10.459016645218158,13.7872,1,locked_combo,thor_measurements/combo_sweep_vla_auto_20260427_091937/cpufreq_2.430GHz_gpufreq_1.305GHz_emcfreq_665MHz/nvtx_ranges.csv,thor_measurements/combo_sweep_vla_auto_20260427_091937/cpufreq_2.430GHz_gpufreq_1.305GHz_emcfreq_665MHz/phase_metrics.csv,thor_measurements/combo_sweep_vla_auto_20260427_091937/cpufreq_2.430GHz_gpufreq_1.305GHz_emcfreq_665MHz/phase_summary.csv,thor_measurements/combo_sweep_vla_auto_20260427_091937/cpufreq_2.430GHz_gpufreq_1.305GHz_emcfreq_665MHz/telemetry_raw.csv,2430000000,665600000,1305000000,2430000000,22690,5474.7340352204865,58.102,33.04544936095196,47.613299999999995,/home/Thor/Workspace/jyjeong/Isaac-GR00T/thor_measurements/combo_sweep_vla_auto_20260427_091937/summary.csv,cpufreq_2.430GHz_gpufreq_1.305GHz_emcfreq_665MHz,223.32756686631015
2601000000,665600000,1305000000,2601000000,cpufreq_2.601GHz_gpufreq_1.305GHz_emcfreq_665MHz,2601000000.0,1,899.0859506953385,12.21648,8.055585770212765,8.66976,110.754536084,1,665600000,1305000000,1132.5521055704949,1,31.8816,9.81615979574468,13.7872,1,locked_combo,thor_measurements/combo_sweep_vla_auto_20260427_091937/cpufreq_2.601GHz_gpufreq_1.305GHz_emcfreq_665MHz/nvtx_ranges.csv,thor_measurements/combo_sweep_vla_auto_20260427_091937/cpufreq_2.601GHz_gpufreq_1.305GHz_emcfreq_665MHz/phase_metrics.csv,thor_measurements/combo_sweep_vla_auto_20260427_091937/cpufreq_2.601GHz_gpufreq_1.305GHz_emcfreq_665MHz/phase_summary.csv,thor_measurements/combo_sweep_vla_auto_20260427_091937/cpufreq_2.601GHz_gpufreq_1.305GHz_emcfreq_665MHz/telemetry_raw.csv,2601000000,665600000,1305000000,2601000000,16450,3771.31640498416,58.088,32.732680972644374,47.9071,/home/Thor/Workspace/jyjeong/Isaac-GR00T/thor_measurements/combo_sweep_vla_auto_20260427_091937/summary.csv,cpufreq_2.601GHz_gpufreq_1.305GHz_emcfreq_665MHz,223.6161688818182
-1,2750000000,1305000000,-1,cpufreq_default_gpufreq_1.305GHz_emcfreq_2.750GHz,380995097.29974353,1,587.8619085992889,9.45792,6.6579601267159445,7.888,88.667083102,1,2750000000,1305000000,917.1046053950132,1,31.89456,9.80040357620556,16.14416,1,locked_combo,thor_measurements/combo_sweep_vla_auto_20260427_091937/cpufreq_default_gpufreq_1.305GHz_emcfreq_2.750GHz/nvtx_ranges.csv,thor_measurements/combo_sweep_vla_auto_20260427_091937/cpufreq_default_gpufreq_1.305GHz_emcfreq_2.750GHz/phase_metrics.csv,thor_measurements/combo_sweep_vla_auto_20260427_091937/cpufreq_default_gpufreq_1.305GHz_emcfreq_2.750GHz/phase_summary.csv,thor_measurements/combo_sweep_vla_auto_20260427_091937/cpufreq_default_gpufreq_1.305GHz_emcfreq_2.750GHz/telemetry_raw.csv,-1,2750000000,1305000000,-1,5682,2918.699169340705,76.712,32.63384688489968,60.288999999999994,/home/Thor/Workspace/jyjeong/Isaac-GR00T/thor_measurements/combo_sweep_vla_auto_20260427_091937/summary.csv,cpufreq_default_gpufreq_1.305GHz_emcfreq_2.750GHz,102.80913490825688
648000000,2750000000,1305000000,648000000,cpufreq_648MHz_gpufreq_1.305GHz_emcfreq_2.750GHz,648000000.0,1,668.3839836332111,8.2656,6.177882278322553,7.481440000000001,107.968924155,1,2750000000,1305000000,1044.349909193089,1,31.89456,9.626413408442868,16.9248,1,locked_combo,thor_measurements/combo_sweep_vla_auto_20260427_091937/cpufreq_648MHz_gpufreq_1.305GHz_emcfreq_2.750GHz/nvtx_ranges.csv,thor_measurements/combo_sweep_vla_auto_20260427_091937/cpufreq_648MHz_gpufreq_1.305GHz_emcfreq_2.750GHz/phase_metrics.csv,thor_measurements/combo_sweep_vla_auto_20260427_091937/cpufreq_648MHz_gpufreq_1.305GHz_emcfreq_2.750GHz/phase_summary.csv,thor_measurements/combo_sweep_vla_auto_20260427_091937/cpufreq_648MHz_gpufreq_1.305GHz_emcfreq_2.750GHz/telemetry_raw.csv,648000000,2750000000,1305000000,648000000,14379,3379.930875819224,77.422,31.089130259406076,59.1984,/home/Thor/Workspace/jyjeong/Isaac-GR00T/thor_measurements/combo_sweep_vla_auto_20260427_091937/summary.csv,cpufreq_648MHz_gpufreq_1.305GHz_emcfreq_2.750GHz,111.84261842342343
972000000,2750000000,1305000000,972000000,cpufreq_972MHz_gpufreq_1.305GHz_emcfreq_2.750GHz,972000000.0,1,784.4013511576906,8.27568,6.592363550811458,7.48448,118.741668899,1,2750000000,1305000000,1301.9547933418248,1,31.5008,10.895858516501471,16.93168,1,locked_combo,thor_measurements/combo_sweep_vla_auto_20260427_091937/cpufreq_972MHz_gpufreq_1.305GHz_emcfreq_2.750GHz/nvtx_ranges.csv,thor_measurements/combo_sweep_vla_auto_20260427_091937/cpufreq_972MHz_gpufreq_1.305GHz_emcfreq_2.750GHz/phase_metrics.csv,thor_measurements/combo_sweep_vla_auto_20260427_091937/cpufreq_972MHz_gpufreq_1.305GHz_emcfreq_2.750GHz/phase_summary.csv,thor_measurements/combo_sweep_vla_auto_20260427_091937/cpufreq_972MHz_gpufreq_1.305GHz_emcfreq_2.750GHz/telemetry_raw.csv,972000000,2750000000,1305000000,972000000,18362,4000.246922844098,77.136,33.302189957520966,62.522900000000014,/home/Thor/Workspace/jyjeong/Isaac-GR00T/thor_measurements/combo_sweep_vla_auto_20260427_091937/summary.csv,cpufreq_972MHz_gpufreq_1.305GHz_emcfreq_2.750GHz,90.97551476470588
1242000000,2750000000,1305000000,1242000000,cpufreq_1.242GHz_gpufreq_1.305GHz_emcfreq_2.750GHz,1242000000.0,1,744.3539889737533,8.66976,6.74269954808427,7.8752,110.131524301,1,2750000000,1305000000,1250.945090076193,1,31.5008,11.271933360986791,17.32544,1,locked_combo,thor_measurements/combo_sweep_vla_auto_20260427_091937/cpufreq_1.242GHz_gpufreq_1.305GHz_emcfreq_2.750GHz/nvtx_ranges.csv,thor_measurements/combo_sweep_vla_auto_20260427_091937/cpufreq_1.242GHz_gpufreq_1.305GHz_emcfreq_2.750GHz/phase_metrics.csv,thor_measurements/combo_sweep_vla_auto_20260427_091937/cpufreq_1.242GHz_gpufreq_1.305GHz_emcfreq_2.750GHz/phase_summary.csv,thor_measurements/combo_sweep_vla_auto_20260427_091937/cpufreq_1.242GHz_gpufreq_1.305GHz_emcfreq_2.750GHz/telemetry_raw.csv,1242000000,2750000000,1305000000,1242000000,18322,3786.891640695909,76.798,33.92164468944438,63.6677,/home/Thor/Workspace/jyjeong/Isaac-GR00T/thor_measurements/combo_sweep_vla_auto_20260427_091937/summary.csv,cpufreq_1.242GHz_gpufreq_1.305GHz_emcfreq_2.750GHz,87.23689072580646
1566000000,2750000000,1305000000,1566000000,cpufreq_1.566GHz_gpufreq_1.305GHz_emcfreq_2.750GHz,1566000000.0,1,757.8934143258751,9.06384,6.912608440556908,7.8784,109.444850696,1,2750000000,1305000000,1251.5357810873595,1,31.5008,11.34652480513431,17.3184,1,locked_combo,thor_measurements/combo_sweep_vla_auto_20260427_091937/cpufreq_1.566GHz_gpufreq_1.305GHz_emcfreq_2.750GHz/nvtx_ranges.csv,thor_measurements/combo_sweep_vla_auto_20260427_091937/cpufreq_1.566GHz_gpufreq_1.305GHz_emcfreq_2.750GHz/phase_metrics.csv,thor_measurements/combo_sweep_vla_auto_20260427_091937/cpufreq_1.566GHz_gpufreq_1.305GHz_emcfreq_2.750GHz/phase_summary.csv,thor_measurements/combo_sweep_vla_auto_20260427_091937/cpufreq_1.566GHz_gpufreq_1.305GHz_emcfreq_2.750GHz/telemetry_raw.csv,1566000000,2750000000,1305000000,1566000000,19321,3789.1216030362407,77.702,34.08916950468402,64.894,/home/Thor/Workspace/jyjeong/Isaac-GR00T/thor_measurements/combo_sweep_vla_auto_20260427_091937/summary.csv,cpufreq_1.566GHz_gpufreq_1.305GHz_emcfreq_2.750GHz,84.49386379569893
1836000000,2750000000,1305000000,1836000000,cpufreq_1.836GHz_gpufreq_1.305GHz_emcfreq_2.750GHz,1836000000.0,1,959.9223792910398,9.852,7.3740475640917165,8.26896,129.835065722,1,2750000000,1305000000,1619.8138422942566,1,31.5008,12.38428585836365,17.32544,1,locked_combo,thor_measurements/combo_sweep_vla_auto_20260427_091937/cpufreq_1.836GHz_gpufreq_1.305GHz_emcfreq_2.750GHz/nvtx_ranges.csv,thor_measurements/combo_sweep_vla_auto_20260427_091937/cpufreq_1.836GHz_gpufreq_1.305GHz_emcfreq_2.750GHz/phase_metrics.csv,thor_measurements/combo_sweep_vla_auto_20260427_091937/cpufreq_1.836GHz_gpufreq_1.305GHz_emcfreq_2.750GHz/phase_summary.csv,thor_measurements/combo_sweep_vla_auto_20260427_091937/cpufreq_1.836GHz_gpufreq_1.305GHz_emcfreq_2.750GHz/telemetry_raw.csv,1836000000,2750000000,1305000000,1836000000,23638,4748.339142564698,77.636,35.91541306371097,67.432,/home/Thor/Workspace/jyjeong/Isaac-GR00T/thor_measurements/combo_sweep_vla_auto_20260427_091937/summary.csv,cpufreq_1.836GHz_gpufreq_1.305GHz_emcfreq_2.750GHz,82.60199073408239
2160000000,2750000000,1305000000,2160000000,cpufreq_2.160GHz_gpufreq_1.305GHz_emcfreq_2.750GHz,2160000000.0,1,775.7959442757747,11.03424,7.816548319799445,9.05648,98.947685598,1,2750000000,1305000000,1203.507055431222,1,31.5008,12.048937537740477,18.1056,1,locked_combo,thor_measurements/combo_sweep_vla_auto_20260427_091937/cpufreq_2.160GHz_gpufreq_1.305GHz_emcfreq_2.750GHz/nvtx_ranges.csv,thor_measurements/combo_sweep_vla_auto_20260427_091937/cpufreq_2.160GHz_gpufreq_1.305GHz_emcfreq_2.750GHz/phase_metrics.csv,thor_measurements/combo_sweep_vla_auto_20260427_091937/cpufreq_2.160GHz_gpufreq_1.305GHz_emcfreq_2.750GHz/phase_summary.csv,thor_measurements/combo_sweep_vla_auto_20260427_091937/cpufreq_2.160GHz_gpufreq_1.305GHz_emcfreq_2.750GHz/telemetry_raw.csv,2160000000,2750000000,1305000000,2160000000,18349,3626.948452294454,83.446,35.95967616763856,68.03599999999999,/home/Thor/Workspace/jyjeong/Isaac-GR00T/thor_measurements/combo_sweep_vla_auto_20260427_091937/summary.csv,cpufreq_2.160GHz_gpufreq_1.305GHz_emcfreq_2.750GHz,81.66291164210527
2430000000,2750000000,1305000000,2430000000,cpufreq_2.430GHz_gpufreq_1.305GHz_emcfreq_2.750GHz,2430000000.0,1,816.2966688947622,12.21648,8.274886746221162,9.45024,98.452414797,1,2750000000,1305000000,1195.3972875280065,1,31.89456,12.067960048793424,17.7192,1,locked_combo,thor_measurements/combo_sweep_vla_auto_20260427_091937/cpufreq_2.430GHz_gpufreq_1.305GHz_emcfreq_2.750GHz/nvtx_ranges.csv,thor_measurements/combo_sweep_vla_auto_20260427_091937/cpufreq_2.430GHz_gpufreq_1.305GHz_emcfreq_2.750GHz/phase_metrics.csv,thor_measurements/combo_sweep_vla_auto_20260427_091937/cpufreq_2.430GHz_gpufreq_1.305GHz_emcfreq_2.750GHz/phase_summary.csv,thor_measurements/combo_sweep_vla_auto_20260427_091937/cpufreq_2.430GHz_gpufreq_1.305GHz_emcfreq_2.750GHz/telemetry_raw.csv,2430000000,2750000000,1305000000,2430000000,18855,3645.855501816105,85.614,36.3798903208698,68.52779999999998,/home/Thor/Workspace/jyjeong/Isaac-GR00T/thor_measurements/combo_sweep_vla_auto_20260427_091937/summary.csv,cpufreq_2.430GHz_gpufreq_1.305GHz_emcfreq_2.750GHz,80.81682682352941
2601000000,2750000000,1305000000,2601000000,cpufreq_2.601GHz_gpufreq_1.305GHz_emcfreq_2.750GHz,2601000000.0,1,853.3861299910955,13.39328,8.798931770711475,9.844,96.719036391,1,2750000000,1305000000,1190.8498265273358,1,31.8816,12.21033906625545,18.1056,1,locked_combo,thor_measurements/combo_sweep_vla_auto_20260427_091937/cpufreq_2.601GHz_gpufreq_1.305GHz_emcfreq_2.750GHz/nvtx_ranges.csv,thor_measurements/combo_sweep_vla_auto_20260427_091937/cpufreq_2.601GHz_gpufreq_1.305GHz_emcfreq_2.750GHz/phase_metrics.csv,thor_measurements/combo_sweep_vla_auto_20260427_091937/cpufreq_2.601GHz_gpufreq_1.305GHz_emcfreq_2.750GHz/phase_summary.csv,thor_measurements/combo_sweep_vla_auto_20260427_091937/cpufreq_2.601GHz_gpufreq_1.305GHz_emcfreq_2.750GHz/telemetry_raw.csv,2601000000,2750000000,1305000000,2601000000,18806,3662.174415048062,87.304,37.1882056790386,70.04650000000001,/home/Thor/Workspace/jyjeong/Isaac-GR00T/thor_measurements/combo_sweep_vla_auto_20260427_091937/summary.csv,cpufreq_2.601GHz_gpufreq_1.305GHz_emcfreq_2.750GHz,80.16715715957447
-1,3200000000,1305000000,-1,cpufreq_default_gpufreq_1.305GHz_emcfreq_3.200GHz,347599945.6300123,1,596.948351615277,10.23776,7.007787722169363,8.27568,85.553284909,1,3200000000,1305000000,903.1089427733752,1,31.89456,10.517256190294956,16.53792,1,locked_combo,thor_measurements/combo_sweep_vla_auto_20260427_091937/cpufreq_default_gpufreq_1.305GHz_emcfreq_3.200GHz/nvtx_ranges.csv,thor_measurements/combo_sweep_vla_auto_20260427_091937/cpufreq_default_gpufreq_1.305GHz_emcfreq_3.200GHz/phase_metrics.csv,thor_measurements/combo_sweep_vla_auto_20260427_091937/cpufreq_default_gpufreq_1.305GHz_emcfreq_3.200GHz/phase_summary.csv,thor_measurements/combo_sweep_vla_auto_20260427_091937/cpufreq_default_gpufreq_1.305GHz_emcfreq_3.200GHz/telemetry_raw.csv,-1,3200000000,1305000000,-1,5255,2867.781116655543,86.218,34.21129933396765,62.3156,/home/Thor/Workspace/jyjeong/Isaac-GR00T/thor_measurements/combo_sweep_vla_auto_20260427_091937/summary.csv,cpufreq_default_gpufreq_1.305GHz_emcfreq_3.200GHz,100.51356072072072
648000000,3200000000,1305000000,648000000,cpufreq_648MHz_gpufreq_1.305GHz_emcfreq_3.200GHz,648000000.0,1,725.7616128447963,8.26896,6.480085112802209,7.8752,111.802118427,1,3200000000,1305000000,1126.200153373461,1,31.89456,10.034789833658833,16.9248,1,locked_combo,thor_measurements/combo_sweep_vla_auto_20260427_091937/cpufreq_648MHz_gpufreq_1.305GHz_emcfreq_3.200GHz/nvtx_ranges.csv,thor_measurements/combo_sweep_vla_auto_20260427_091937/cpufreq_648MHz_gpufreq_1.305GHz_emcfreq_3.200GHz/phase_metrics.csv,thor_measurements/combo_sweep_vla_auto_20260427_091937/cpufreq_648MHz_gpufreq_1.305GHz_emcfreq_3.200GHz/phase_summary.csv,thor_measurements/combo_sweep_vla_auto_20260427_091937/cpufreq_648MHz_gpufreq_1.305GHz_emcfreq_3.200GHz/telemetry_raw.csv,648000000,3200000000,1305000000,648000000,14849,3602.701772919477,83.38,32.04986234763284,60.7744,/home/Thor/Workspace/jyjeong/Isaac-GR00T/thor_measurements/combo_sweep_vla_auto_20260427_091937/summary.csv,cpufreq_648MHz_gpufreq_1.305GHz_emcfreq_3.200GHz,113.07003073949579
972000000,3200000000,1305000000,972000000,cpufreq_972MHz_gpufreq_1.305GHz_emcfreq_3.200GHz,972000000.0,1,607.6691760277711,8.27568,6.687982853174052,8.2656,90.625065279,1,3200000000,1305000000,896.0825073119144,1,31.5008,9.803522444783995,17.32544,1,locked_combo,thor_measurements/combo_sweep_vla_auto_20260427_091937/cpufreq_972MHz_gpufreq_1.305GHz_emcfreq_3.200GHz/nvtx_ranges.csv,thor_measurements/combo_sweep_vla_auto_20260427_091937/cpufreq_972MHz_gpufreq_1.305GHz_emcfreq_3.200GHz/phase_metrics.csv,thor_measurements/combo_sweep_vla_auto_20260427_091937/cpufreq_972MHz_gpufreq_1.305GHz_emcfreq_3.200GHz/phase_summary.csv,thor_measurements/combo_sweep_vla_auto_20260427_091937/cpufreq_972MHz_gpufreq_1.305GHz_emcfreq_3.200GHz/telemetry_raw.csv,972000000,3200000000,1305000000,972000000,14398,2933.5796609730437,82.822,31.998795388248368,62.086,/home/Thor/Workspace/jyjeong/Isaac-GR00T/thor_measurements/combo_sweep_vla_auto_20260427_091937/summary.csv,cpufreq_972MHz_gpufreq_1.305GHz_emcfreq_3.200GHz,89.55312157798166
1242000000,3200000000,1305000000,1242000000,cpufreq_1.242GHz_gpufreq_1.305GHz_emcfreq_3.200GHz,1242000000.0,1,776.0728309321778,8.66976,7.103198095135018,8.26896,108.926506367,1,3200000000,1305000000,1260.2731292191495,1,31.89456,11.46493266518751,17.7192,1,locked_combo,thor_measurements/combo_sweep_vla_auto_20260427_091937/cpufreq_1.242GHz_gpufreq_1.305GHz_emcfreq_3.200GHz/nvtx_ranges.csv,thor_measurements/combo_sweep_vla_auto_20260427_091937/cpufreq_1.242GHz_gpufreq_1.305GHz_emcfreq_3.200GHz/phase_metrics.csv,thor_measurements/combo_sweep_vla_auto_20260427_091937/cpufreq_1.242GHz_gpufreq_1.305GHz_emcfreq_3.200GHz/phase_summary.csv,thor_measurements/combo_sweep_vla_auto_20260427_091937/cpufreq_1.242GHz_gpufreq_1.305GHz_emcfreq_3.200GHz/telemetry_raw.csv,1242000000,3200000000,1305000000,1242000000,18479,3823.257844848541,83.678,34.6336268196331,65.4464,/home/Thor/Workspace/jyjeong/Isaac-GR00T/thor_measurements/combo_sweep_vla_auto_20260427_091937/summary.csv,cpufreq_1.242GHz_gpufreq_1.305GHz_emcfreq_3.200GHz,84.49179841361257
1566000000,3200000000,1305000000,1566000000,cpufreq_1.566GHz_gpufreq_1.305GHz_emcfreq_3.200GHz,1566000000.0,1,968.9718899851956,9.45792,7.415353865328026,8.6592,130.407648028,1,3200000000,1305000000,1621.288676358391,1,31.5008,12.360615689804398,17.7192,1,locked_combo,thor_measurements/combo_sweep_vla_auto_20260427_091937/cpufreq_1.566GHz_gpufreq_1.305GHz_emcfreq_3.200GHz/nvtx_ranges.csv,thor_measurements/combo_sweep_vla_auto_20260427_091937/cpufreq_1.566GHz_gpufreq_1.305GHz_emcfreq_3.200GHz/phase_metrics.csv,thor_measurements/combo_sweep_vla_auto_20260427_091937/cpufreq_1.566GHz_gpufreq_1.305GHz_emcfreq_3.200GHz/phase_summary.csv,thor_measurements/combo_sweep_vla_auto_20260427_091937/cpufreq_1.566GHz_gpufreq_1.305GHz_emcfreq_3.200GHz/telemetry_raw.csv,1566000000,3200000000,1305000000,1566000000,23108,4777.250370860327,83.566,36.10522875194738,68.37690000000003,/home/Thor/Workspace/jyjeong/Isaac-GR00T/thor_measurements/combo_sweep_vla_auto_20260427_091937/summary.csv,cpufreq_1.566GHz_gpufreq_1.305GHz_emcfreq_3.200GHz,81.25481201492538
1836000000,3200000000,1305000000,1836000000,cpufreq_1.836GHz_gpufreq_1.305GHz_emcfreq_3.200GHz,1836000000.0,1,766.8076150816918,9.852,7.593424027717626,8.66624,100.59428808,1,3200000000,1305000000,1195.6037668699662,1,31.5008,11.766484538761368,17.7192,1,locked_combo,thor_measurements/combo_sweep_vla_auto_20260427_091937/cpufreq_1.836GHz_gpufreq_1.305GHz_emcfreq_3.200GHz/nvtx_ranges.csv,thor_measurements/combo_sweep_vla_auto_20260427_091937/cpufreq_1.836GHz_gpufreq_1.305GHz_emcfreq_3.200GHz/phase_metrics.csv,thor_measurements/combo_sweep_vla_auto_20260427_091937/cpufreq_1.836GHz_gpufreq_1.305GHz_emcfreq_3.200GHz/phase_summary.csv,thor_measurements/combo_sweep_vla_auto_20260427_091937/cpufreq_1.836GHz_gpufreq_1.305GHz_emcfreq_3.200GHz/telemetry_raw.csv,1836000000,3200000000,1305000000,1836000000,18472,3627.0180067496935,86.604,35.4037833477696,67.8629,/home/Thor/Workspace/jyjeong/Isaac-GR00T/thor_measurements/combo_sweep_vla_auto_20260427_091937/summary.csv,cpufreq_1.836GHz_gpufreq_1.305GHz_emcfreq_3.200GHz,80.13912577837837
2160000000,3200000000,1305000000,2160000000,cpufreq_2.160GHz_gpufreq_1.305GHz_emcfreq_3.200GHz,2160000000.0,1,809.225732096603,11.42832,8.123925116229245,9.45024,99.441798581,1,3200000000,1305000000,1199.1809542984272,1,31.89456,12.004272865559722,17.7192,1,locked_combo,thor_measurements/combo_sweep_vla_auto_20260427_091937/cpufreq_2.160GHz_gpufreq_1.305GHz_emcfreq_3.200GHz/nvtx_ranges.csv,thor_measurements/combo_sweep_vla_auto_20260427_091937/cpufreq_2.160GHz_gpufreq_1.305GHz_emcfreq_3.200GHz/phase_metrics.csv,thor_measurements/combo_sweep_vla_auto_20260427_091937/cpufreq_2.160GHz_gpufreq_1.305GHz_emcfreq_3.200GHz/phase_summary.csv,thor_measurements/combo_sweep_vla_auto_20260427_091937/cpufreq_2.160GHz_gpufreq_1.305GHz_emcfreq_3.200GHz/telemetry_raw.csv,2160000000,3200000000,1305000000,2160000000,18670,3660.3170976925185,88.822,36.218867380824854,69.3871,/home/Thor/Workspace/jyjeong/Isaac-GR00T/thor_measurements/combo_sweep_vla_auto_20260427_091937/summary.csv,cpufreq_2.160GHz_gpufreq_1.305GHz_emcfreq_3.200GHz,78.36087606382979
2430000000,3200000000,1305000000,2430000000,cpufreq_2.430GHz_gpufreq_1.305GHz_emcfreq_3.200GHz,2430000000.0,1,818.403912508901,12.60544,8.67347465583489,9.844,94.16639964,1,3200000000,1305000000,1159.23834767293,1,31.89456,12.220765598858272,18.11296,1,locked_combo,thor_measurements/combo_sweep_vla_auto_20260427_091937/cpufreq_2.430GHz_gpufreq_1.305GHz_emcfreq_3.200GHz/nvtx_ranges.csv,thor_measurements/combo_sweep_vla_auto_20260427_091937/cpufreq_2.430GHz_gpufreq_1.305GHz_emcfreq_3.200GHz/phase_metrics.csv,thor_measurements/combo_sweep_vla_auto_20260427_091937/cpufreq_2.430GHz_gpufreq_1.305GHz_emcfreq_3.200GHz/phase_summary.csv,thor_measurements/combo_sweep_vla_auto_20260427_091937/cpufreq_2.430GHz_gpufreq_1.305GHz_emcfreq_3.200GHz/telemetry_raw.csv,2430000000,3200000000,1305000000,2430000000,18218,3546.642861564216,85.028,37.063220770666376,71.34690000000002,/home/Thor/Workspace/jyjeong/Isaac-GR00T/thor_measurements/combo_sweep_vla_auto_20260427_091937/summary.csv,cpufreq_2.430GHz_gpufreq_1.305GHz_emcfreq_3.200GHz,76.74231517934783
2601000000,3200000000,1305000000,2601000000,cpufreq_2.601GHz_gpufreq_1.305GHz_emcfreq_3.200GHz,2601000000.0,1,870.8391092479517,13.7872,9.10065948800171,10.23776,95.382880587,1,3200000000,1305000000,1177.6371078916538,1,31.8816,12.24034333600556,18.11296,1,locked_combo,thor_measurements/combo_sweep_vla_auto_20260427_091937/cpufreq_2.601GHz_gpufreq_1.305GHz_emcfreq_3.200GHz/nvtx_ranges.csv,thor_measurements/combo_sweep_vla_auto_20260427_091937/cpufreq_2.601GHz_gpufreq_1.305GHz_emcfreq_3.200GHz/phase_metrics.csv,thor_measurements/combo_sweep_vla_auto_20260427_091937/cpufreq_2.601GHz_gpufreq_1.305GHz_emcfreq_3.200GHz/phase_summary.csv,thor_measurements/combo_sweep_vla_auto_20260427_091937/cpufreq_2.601GHz_gpufreq_1.305GHz_emcfreq_3.200GHz/telemetry_raw.csv,2601000000,3200000000,1305000000,2601000000,18711,3645.987934779207,87.462,37.52946961680295,72.116,/home/Thor/Workspace/jyjeong/Isaac-GR00T/thor_measurements/combo_sweep_vla_auto_20260427_091937/summary.csv,cpufreq_2.601GHz_gpufreq_1.305GHz_emcfreq_3.200GHz,76.70103748663102
-1,4266000000,1305000000,-1,cpufreq_default_gpufreq_1.305GHz_emcfreq_4.266GHz,377383951.257454,1,605.6726271986919,10.6272,7.19971304537205,8.27904,84.914946145,1,4266000000,1305000000,885.3885503072235,1,31.8816,10.30929495462795,16.93168,1,locked_combo,thor_measurements/combo_sweep_vla_auto_20260427_091937/cpufreq_default_gpufreq_1.305GHz_emcfreq_4.266GHz/nvtx_ranges.csv,thor_measurements/combo_sweep_vla_auto_20260427_091937/cpufreq_default_gpufreq_1.305GHz_emcfreq_4.266GHz/phase_metrics.csv,thor_measurements/combo_sweep_vla_auto_20260427_091937/cpufreq_default_gpufreq_1.305GHz_emcfreq_4.266GHz/phase_summary.csv,thor_measurements/combo_sweep_vla_auto_20260427_091937/cpufreq_default_gpufreq_1.305GHz_emcfreq_4.266GHz/telemetry_raw.csv,-1,4266000000,1305000000,-1,5510,2863.587271642414,85.486,34.621015245009076,63.605500000000006,/home/Thor/Workspace/jyjeong/Isaac-GR00T/thor_measurements/combo_sweep_vla_auto_20260427_091937/summary.csv,cpufreq_default_gpufreq_1.305GHz_emcfreq_4.266GHz,96.012118682243
648000000,4266000000,1305000000,648000000,cpufreq_648MHz_gpufreq_1.305GHz_emcfreq_4.266GHz,648000000.0,1,704.6271348070984,8.27568,6.6379611789592445,7.8752,105.973694667,1,4266000000,1305000000,1001.3851820337612,1,31.89456,9.41534884219433,16.53792,1,locked_combo,thor_measurements/combo_sweep_vla_auto_20260427_091937/cpufreq_648MHz_gpufreq_1.305GHz_emcfreq_4.266GHz/nvtx_ranges.csv,thor_measurements/combo_sweep_vla_auto_20260427_091937/cpufreq_648MHz_gpufreq_1.305GHz_emcfreq_4.266GHz/phase_metrics.csv,thor_measurements/combo_sweep_vla_auto_20260427_091937/cpufreq_648MHz_gpufreq_1.305GHz_emcfreq_4.266GHz/phase_summary.csv,thor_measurements/combo_sweep_vla_auto_20260427_091937/cpufreq_648MHz_gpufreq_1.305GHz_emcfreq_4.266GHz/telemetry_raw.csv,648000000,4266000000,1305000000,648000000,14182,3366.481001262251,85.712,31.594746157100552,61.799400000000006,/home/Thor/Workspace/jyjeong/Isaac-GR00T/thor_measurements/combo_sweep_vla_auto_20260427_091937/summary.csv,cpufreq_648MHz_gpufreq_1.305GHz_emcfreq_4.266GHz,110.9035704587156
972000000,4266000000,1305000000,972000000,cpufreq_972MHz_gpufreq_1.305GHz_emcfreq_4.266GHz,972000000.0,1,616.8909692166048,8.66976,6.860248594854396,8.26896,89.728677592,1,4266000000,1305000000,892.8562417575322,1,31.89456,9.9007407746678,17.32544,1,locked_combo,thor_measurements/combo_sweep_vla_auto_20260427_091937/cpufreq_972MHz_gpufreq_1.305GHz_emcfreq_4.266GHz/nvtx_ranges.csv,thor_measurements/combo_sweep_vla_auto_20260427_091937/cpufreq_972MHz_gpufreq_1.305GHz_emcfreq_4.266GHz/phase_metrics.csv,thor_measurements/combo_sweep_vla_auto_20260427_091937/cpufreq_972MHz_gpufreq_1.305GHz_emcfreq_4.266GHz/phase_summary.csv,thor_measurements/combo_sweep_vla_auto_20260427_091937/cpufreq_972MHz_gpufreq_1.305GHz_emcfreq_4.266GHz/telemetry_raw.csv,972000000,4266000000,1305000000,972000000,14148,2941.3464949891145,85.792,32.482510460842526,63.0672,/home/Thor/Workspace/jyjeong/Isaac-GR00T/thor_measurements/combo_sweep_vla_auto_20260427_091937/summary.csv,cpufreq_972MHz_gpufreq_1.305GHz_emcfreq_4.266GHz,88.44013583486239
1242000000,4266000000,1305000000,1242000000,cpufreq_1.242GHz_gpufreq_1.305GHz_emcfreq_4.266GHz,1242000000.0,1,584.6712128153827,9.06384,7.030364762645914,8.6592,82.979599326,1,4266000000,1305000000,849.3193050460234,1,31.89456,10.187974055889637,17.7192,1,locked_combo,thor_measurements/combo_sweep_vla_auto_20260427_091937/cpufreq_1.242GHz_gpufreq_1.305GHz_emcfreq_4.266GHz/nvtx_ranges.csv,thor_measurements/combo_sweep_vla_auto_20260427_091937/cpufreq_1.242GHz_gpufreq_1.305GHz_emcfreq_4.266GHz/phase_metrics.csv,thor_measurements/combo_sweep_vla_auto_20260427_091937/cpufreq_1.242GHz_gpufreq_1.305GHz_emcfreq_4.266GHz/phase_summary.csv,thor_measurements/combo_sweep_vla_auto_20260427_091937/cpufreq_1.242GHz_gpufreq_1.305GHz_emcfreq_4.266GHz/telemetry_raw.csv,1242000000,4266000000,1305000000,1242000000,14135,2771.521150860011,86.098,33.03587576936682,63.9946,/home/Thor/Workspace/jyjeong/Isaac-GR00T/thor_measurements/combo_sweep_vla_auto_20260427_091937/summary.csv,cpufreq_1.242GHz_gpufreq_1.305GHz_emcfreq_4.266GHz,82.34024986915888
1566000000,4266000000,1305000000,1566000000,cpufreq_1.566GHz_gpufreq_1.305GHz_emcfreq_4.266GHz,1566000000.0,1,582.388595598393,9.45792,7.244395773874863,8.66272,80.109819012,1,4266000000,1305000000,856.3211747140422,1,31.89456,10.586457563117452,18.1056,1,locked_combo,thor_measurements/combo_sweep_vla_auto_20260427_091937/cpufreq_1.566GHz_gpufreq_1.305GHz_emcfreq_4.266GHz/nvtx_ranges.csv,thor_measurements/combo_sweep_vla_auto_20260427_091937/cpufreq_1.566GHz_gpufreq_1.305GHz_emcfreq_4.266GHz/phase_metrics.csv,thor_measurements/combo_sweep_vla_auto_20260427_091937/cpufreq_1.566GHz_gpufreq_1.305GHz_emcfreq_4.266GHz/phase_summary.csv,thor_measurements/combo_sweep_vla_auto_20260427_091937/cpufreq_1.566GHz_gpufreq_1.305GHz_emcfreq_4.266GHz/telemetry_raw.csv,1566000000,4266000000,1305000000,1566000000,14576,2736.7020275276655,86.238,33.66999025795829,65.2665,/home/Thor/Workspace/jyjeong/Isaac-GR00T/thor_measurements/combo_sweep_vla_auto_20260427_091937/summary.csv,cpufreq_1.566GHz_gpufreq_1.305GHz_emcfreq_4.266GHz,79.67268853097346
1836000000,4266000000,1305000000,1836000000,cpufreq_1.836GHz_gpufreq_1.305GHz_emcfreq_4.266GHz,1836000000.0,1,790.2338653772835,10.24608,7.81384524274956,9.05648,100.788388141,1,4266000000,1305000000,1215.359635897474,1,31.89456,11.951699996795384,18.11296,1,locked_combo,thor_measurements/combo_sweep_vla_auto_20260427_091937/cpufreq_1.836GHz_gpufreq_1.305GHz_emcfreq_4.266GHz/nvtx_ranges.csv,thor_measurements/combo_sweep_vla_auto_20260427_091937/cpufreq_1.836GHz_gpufreq_1.305GHz_emcfreq_4.266GHz/phase_metrics.csv,thor_measurements/combo_sweep_vla_auto_20260427_091937/cpufreq_1.836GHz_gpufreq_1.305GHz_emcfreq_4.266GHz/phase_summary.csv,thor_measurements/combo_sweep_vla_auto_20260427_091937/cpufreq_1.836GHz_gpufreq_1.305GHz_emcfreq_4.266GHz/telemetry_raw.csv,1836000000,4266000000,1305000000,1836000000,18723,3698.157013724925,88.996,36.10572931688298,69.76640000000002,/home/Thor/Workspace/jyjeong/Isaac-GR00T/thor_measurements/combo_sweep_vla_auto_20260427_091937/summary.csv,cpufreq_1.836GHz_gpufreq_1.305GHz_emcfreq_4.266GHz,77.97678794240838
2160000000,4266000000,1305000000,2160000000,cpufreq_2.160GHz_gpufreq_1.305GHz_emcfreq_4.266GHz,2160000000.0,1,600.719685699615,11.8176,8.043849013144168,9.45024,74.519860309,1,4266000000,1305000000,805.9523375723682,1,31.89456,10.752135575492035,18.11296,1,locked_combo,thor_measurements/combo_sweep_vla_auto_20260427_091937/cpufreq_2.160GHz_gpufreq_1.305GHz_emcfreq_4.266GHz/nvtx_ranges.csv,thor_measurements/combo_sweep_vla_auto_20260427_091937/cpufreq_2.160GHz_gpufreq_1.305GHz_emcfreq_4.266GHz/phase_metrics.csv,thor_measurements/combo_sweep_vla_auto_20260427_091937/cpufreq_2.160GHz_gpufreq_1.305GHz_emcfreq_4.266GHz/phase_summary.csv,thor_measurements/combo_sweep_vla_auto_20260427_091937/cpufreq_2.160GHz_gpufreq_1.305GHz_emcfreq_4.266GHz/telemetry_raw.csv,2160000000,4266000000,1305000000,2160000000,14379,2626.3735752341836,88.872,34.77749301064052,66.5336,/home/Thor/Workspace/jyjeong/Isaac-GR00T/thor_measurements/combo_sweep_vla_auto_20260427_091937/summary.csv,cpufreq_2.160GHz_gpufreq_1.305GHz_emcfreq_4.266GHz,76.84295381308411
2430000000,4266000000,1305000000,2430000000,cpufreq_2.430GHz_gpufreq_1.305GHz_emcfreq_4.266GHz,2430000000.0,1,629.5985444727017,12.99936,8.617424324211406,10.2336,72.849078639,1,4266000000,1305000000,810.3393063174722,1,31.8816,11.060946552468492,18.11296,1,locked_combo,thor_measurements/combo_sweep_vla_auto_20260427_091937/cpufreq_2.430GHz_gpufreq_1.305GHz_emcfreq_4.266GHz/nvtx_ranges.csv,thor_measurements/combo_sweep_vla_auto_20260427_091937/cpufreq_2.430GHz_gpufreq_1.305GHz_emcfreq_4.266GHz/phase_metrics.csv,thor_measurements/combo_sweep_vla_auto_20260427_091937/cpufreq_2.430GHz_gpufreq_1.305GHz_emcfreq_4.266GHz/phase_summary.csv,thor_measurements/combo_sweep_vla_auto_20260427_091937/cpufreq_2.430GHz_gpufreq_1.305GHz_emcfreq_4.266GHz/telemetry_raw.csv,2430000000,4266000000,1305000000,2430000000,14361,2642.792957595776,87.79,35.73973065942483,70.08,/home/Thor/Workspace/jyjeong/Isaac-GR00T/thor_measurements/combo_sweep_vla_auto_20260427_091937/summary.csv,cpufreq_2.430GHz_gpufreq_1.305GHz_emcfreq_4.266GHz,75.81391135135135
2601000000,4266000000,1305000000,2601000000,cpufreq_2.601GHz_gpufreq_1.305GHz_emcfreq_4.266GHz,2601000000.0,1,913.0087420124376,14.17536,9.30627994770148,10.63152,97.809951905,1,4266000000,1305000000,1202.8675114695984,1,31.8816,12.172050156372574,18.4992,1,locked_combo,thor_measurements/combo_sweep_vla_auto_20260427_091937/cpufreq_2.601GHz_gpufreq_1.305GHz_emcfreq_4.266GHz/nvtx_ranges.csv,thor_measurements/combo_sweep_vla_auto_20260427_091937/cpufreq_2.601GHz_gpufreq_1.305GHz_emcfreq_4.266GHz/phase_metrics.csv,thor_measurements/combo_sweep_vla_auto_20260427_091937/cpufreq_2.601GHz_gpufreq_1.305GHz_emcfreq_4.266GHz/phase_summary.csv,thor_measurements/combo_sweep_vla_auto_20260427_091937/cpufreq_2.601GHz_gpufreq_1.305GHz_emcfreq_4.266GHz/telemetry_raw.csv,2601000000,4266000000,1305000000,2601000000,19121,3775.0948715552327,88.394,37.8941533392605,74.008,/home/Thor/Workspace/jyjeong/Isaac-GR00T/thor_measurements/combo_sweep_vla_auto_20260427_091937/summary.csv,cpufreq_2.601GHz_gpufreq_1.305GHz_emcfreq_4.266GHz,75.00469809424084
-1,-1,1503000000,-1,cpufreq_default_gpufreq_1.503GHz_emcfreq_default,337798815.9802928,1,976.8376143794078,11.42832,8.72899413155333,9.852,111.638063887,1,-1,1503000000,1330.9688161941813,1,34.62272,11.451024669726047,17.3184,1,locked_combo,thor_measurements/combo_sweep_vla_auto_20260427_091937/cpufreq_default_gpufreq_1.503GHz_emcfreq_default/nvtx_ranges.csv,thor_measurements/combo_sweep_vla_auto_20260427_091937/cpufreq_default_gpufreq_1.503GHz_emcfreq_default/phase_metrics.csv,thor_measurements/combo_sweep_vla_auto_20260427_091937/cpufreq_default_gpufreq_1.503GHz_emcfreq_default/phase_summary.csv,thor_measurements/combo_sweep_vla_auto_20260427_091937/cpufreq_default_gpufreq_1.503GHz_emcfreq_default/telemetry_raw.csv,-1,-1,1503000000,-1,7191,4153.644132031782,87.614,37.36551522736754,72.042,/home/Thor/Workspace/jyjeong/Isaac-GR00T/thor_measurements/combo_sweep_vla_auto_20260427_091937/summary.csv,cpufreq_default_gpufreq_1.503GHz_emcfreq_default,91.60042491534391
648000000,-1,1503000000,648000000,cpufreq_648MHz_gpufreq_1.503GHz_emcfreq_default,648000000.0,1,884.7316243090116,10.63584,7.986813817893485,9.844,110.755353082,1,-1,1503000000,1125.9734571955703,1,34.6368,10.11904319281089,17.32544,1,locked_combo,thor_measurements/combo_sweep_vla_auto_20260427_091937/cpufreq_648MHz_gpufreq_1.503GHz_emcfreq_default/nvtx_ranges.csv,thor_measurements/combo_sweep_vla_auto_20260427_091937/cpufreq_648MHz_gpufreq_1.503GHz_emcfreq_default/phase_metrics.csv,thor_measurements/combo_sweep_vla_auto_20260427_091937/cpufreq_648MHz_gpufreq_1.503GHz_emcfreq_default/phase_summary.csv,thor_measurements/combo_sweep_vla_auto_20260427_091937/cpufreq_648MHz_gpufreq_1.503GHz_emcfreq_default/telemetry_raw.csv,648000000,-1,1503000000,648000000,15134,3754.245162408147,87.91,33.659041892427645,68.0002,/home/Thor/Workspace/jyjeong/Isaac-GR00T/thor_measurements/combo_sweep_vla_auto_20260427_091937/summary.csv,cpufreq_648MHz_gpufreq_1.503GHz_emcfreq_default,105.16708503968253
972000000,-1,1503000000,972000000,cpufreq_972MHz_gpufreq_1.503GHz_emcfreq_default,972000000.0,1,948.229181212998,10.63584,8.499188523725834,10.23776,111.443009727,1,-1,1503000000,1280.3806248079172,1,34.6368,11.421074639718803,18.4992,1,locked_combo,thor_measurements/combo_sweep_vla_auto_20260427_091937/cpufreq_972MHz_gpufreq_1.503GHz_emcfreq_default/nvtx_ranges.csv,thor_measurements/combo_sweep_vla_auto_20260427_091937/cpufreq_972MHz_gpufreq_1.503GHz_emcfreq_default/phase_metrics.csv,thor_measurements/combo_sweep_vla_auto_20260427_091937/cpufreq_972MHz_gpufreq_1.503GHz_emcfreq_default/phase_summary.csv,thor_measurements/combo_sweep_vla_auto_20260427_091937/cpufreq_972MHz_gpufreq_1.503GHz_emcfreq_default/telemetry_raw.csv,972000000,-1,1503000000,972000000,18208,4054.7817266550032,87.842,35.95828119507908,72.53040000000001,/home/Thor/Workspace/jyjeong/Isaac-GR00T/thor_measurements/combo_sweep_vla_auto_20260427_091937/summary.csv,cpufreq_972MHz_gpufreq_1.503GHz_emcfreq_default,78.6366824516129
1242000000,-1,1503000000,1242000000,cpufreq_1.242GHz_gpufreq_1.503GHz_emcfreq_default,1242000000.0,1,733.0447365237122,10.64016,8.434118330498496,10.23776,86.862441858,1,-1,1503000000,942.6918699092718,1,34.6368,10.789849315713726,18.4992,1,locked_combo,thor_measurements/combo_sweep_vla_auto_20260427_091937/cpufreq_1.242GHz_gpufreq_1.503GHz_emcfreq_default/nvtx_ranges.csv,thor_measurements/combo_sweep_vla_auto_20260427_091937/cpufreq_1.242GHz_gpufreq_1.503GHz_emcfreq_default/phase_metrics.csv,thor_measurements/combo_sweep_vla_auto_20260427_091937/cpufreq_1.242GHz_gpufreq_1.503GHz_emcfreq_default/phase_summary.csv,thor_measurements/combo_sweep_vla_auto_20260427_091937/cpufreq_1.242GHz_gpufreq_1.503GHz_emcfreq_default/telemetry_raw.csv,1242000000,-1,1503000000,1242000000,15286,3076.0727490484483,91.542,34.97407693314143,71.998,/home/Thor/Workspace/jyjeong/Isaac-GR00T/thor_measurements/combo_sweep_vla_auto_20260427_091937/summary.csv,cpufreq_1.242GHz_gpufreq_1.503GHz_emcfreq_default,74.39808117741936
1566000000,-1,1503000000,1566000000,cpufreq_1.566GHz_gpufreq_1.503GHz_emcfreq_default,1566000000.0,1,654.3088304916101,11.42368,8.585625514912774,10.6272,76.269307011,1,-1,1503000000,826.6799613377832,1,34.6368,10.80740653911086,18.8928,1,locked_combo,thor_measurements/combo_sweep_vla_auto_20260427_091937/cpufreq_1.566GHz_gpufreq_1.503GHz_emcfreq_default/nvtx_ranges.csv,thor_measurements/combo_sweep_vla_auto_20260427_091937/cpufreq_1.566GHz_gpufreq_1.503GHz_emcfreq_default/phase_metrics.csv,thor_measurements/combo_sweep_vla_auto_20260427_091937/cpufreq_1.566GHz_gpufreq_1.503GHz_emcfreq_default/phase_summary.csv,thor_measurements/combo_sweep_vla_auto_20260427_091937/cpufreq_1.566GHz_gpufreq_1.503GHz_emcfreq_default/telemetry_raw.csv,1566000000,-1,1503000000,1566000000,14216,2710.8739858503704,88.032,35.112228897017445,72.7625,/home/Thor/Workspace/jyjeong/Isaac-GR00T/thor_measurements/combo_sweep_vla_auto_20260427_091937/summary.csv,cpufreq_1.566GHz_gpufreq_1.503GHz_emcfreq_default,71.22530256074766
1836000000,-1,1503000000,1836000000,cpufreq_1.836GHz_gpufreq_1.503GHz_emcfreq_default,1836000000.0,1,668.2462254586807,12.21152,8.948752127481129,11.0208,74.727598625,1,-1,1503000000,830.7872476564652,1,34.6368,11.021057769080237,18.8928,1,locked_combo,thor_measurements/combo_sweep_vla_auto_20260427_091937/cpufreq_1.836GHz_gpufreq_1.503GHz_emcfreq_default/nvtx_ranges.csv,thor_measurements/combo_sweep_vla_auto_20260427_091937/cpufreq_1.836GHz_gpufreq_1.503GHz_emcfreq_default/phase_metrics.csv,thor_measurements/combo_sweep_vla_auto_20260427_091937/cpufreq_1.836GHz_gpufreq_1.503GHz_emcfreq_default/phase_summary.csv,thor_measurements/combo_sweep_vla_auto_20260427_091937/cpufreq_1.836GHz_gpufreq_1.503GHz_emcfreq_default/telemetry_raw.csv,1836000000,-1,1503000000,1836000000,14308,2713.3220997690896,88.75,35.68578711210512,73.74019999999999,/home/Thor/Workspace/jyjeong/Isaac-GR00T/thor_measurements/combo_sweep_vla_auto_20260427_091937/summary.csv,cpufreq_1.836GHz_gpufreq_1.503GHz_emcfreq_default,69.9613861
2160000000,-1,1503000000,2160000000,cpufreq_2.160GHz_gpufreq_1.503GHz_emcfreq_default,2160000000.0,1,699.6774187608338,13.39328,9.477453880126184,11.41904,73.919073188,1,-1,1503000000,837.4706974543152,1,34.62272,11.210056892058702,18.90048,1,locked_combo,thor_measurements/combo_sweep_vla_auto_20260427_091937/cpufreq_2.160GHz_gpufreq_1.503GHz_emcfreq_default/nvtx_ranges.csv,thor_measurements/combo_sweep_vla_auto_20260427_091937/cpufreq_2.160GHz_gpufreq_1.503GHz_emcfreq_default/phase_metrics.csv,thor_measurements/combo_sweep_vla_auto_20260427_091937/cpufreq_2.160GHz_gpufreq_1.503GHz_emcfreq_default/phase_summary.csv,thor_measurements/combo_sweep_vla_auto_20260427_091937/cpufreq_2.160GHz_gpufreq_1.503GHz_emcfreq_default/telemetry_raw.csv,2160000000,-1,1503000000,2160000000,14582,2747.807222075415,89.43,36.43483225894939,75.13,/home/Thor/Workspace/jyjeong/Isaac-GR00T/thor_measurements/combo_sweep_vla_auto_20260427_091937/summary.csv,cpufreq_2.160GHz_gpufreq_1.503GHz_emcfreq_default,67.70440985217391
2430000000,-1,1503000000,2430000000,cpufreq_2.430GHz_gpufreq_1.503GHz_emcfreq_default,2430000000.0,1,698.6180166086964,14.56912,9.949140719983353,11.8128,70.167736238,1,-1,1503000000,799.8224149435345,1,34.62272,11.278746979260594,19.2864,1,locked_combo,thor_measurements/combo_sweep_vla_auto_20260427_091937/cpufreq_2.430GHz_gpufreq_1.503GHz_emcfreq_default/nvtx_ranges.csv,thor_measurements/combo_sweep_vla_auto_20260427_091937/cpufreq_2.430GHz_gpufreq_1.503GHz_emcfreq_default/phase_metrics.csv,thor_measurements/combo_sweep_vla_auto_20260427_091937/cpufreq_2.430GHz_gpufreq_1.503GHz_emcfreq_default/phase_summary.csv,thor_measurements/combo_sweep_vla_auto_20260427_091937/cpufreq_2.430GHz_gpufreq_1.503GHz_emcfreq_default/telemetry_raw.csv,2430000000,-1,1503000000,2430000000,14417,2649.5992296972886,93.378,37.03908982451272,75.678,/home/Thor/Workspace/jyjeong/Isaac-GR00T/thor_measurements/combo_sweep_vla_auto_20260427_091937/summary.csv,cpufreq_2.430GHz_gpufreq_1.503GHz_emcfreq_default,66.90518313888889
2601000000,-1,1503000000,2601000000,cpufreq_2.601GHz_gpufreq_1.503GHz_emcfreq_default,2601000000.0,1,1086.874571118362,16.1376,10.821466705630236,12.5952,100.412205608,1,-1,1503000000,1288.3363229285003,1,34.62272,12.74240737969998,18.90048,1,locked_combo,thor_measurements/combo_sweep_vla_auto_20260427_091937/cpufreq_2.601GHz_gpufreq_1.503GHz_emcfreq_default/nvtx_ranges.csv,thor_measurements/combo_sweep_vla_auto_20260427_091937/cpufreq_2.601GHz_gpufreq_1.503GHz_emcfreq_default/phase_metrics.csv,thor_measurements/combo_sweep_vla_auto_20260427_091937/cpufreq_2.601GHz_gpufreq_1.503GHz_emcfreq_default/phase_summary.csv,thor_measurements/combo_sweep_vla_auto_20260427_091937/cpufreq_2.601GHz_gpufreq_1.503GHz_emcfreq_default/telemetry_raw.csv,2601000000,-1,1503000000,2601000000,20532,4080.0480113582457,94.266,39.78390220144165,80.4007,/home/Thor/Workspace/jyjeong/Isaac-GR00T/thor_measurements/combo_sweep_vla_auto_20260427_091937/summary.csv,cpufreq_2.601GHz_gpufreq_1.503GHz_emcfreq_default,66.31971307211539
-1,665600000,1503000000,-1,cpufreq_default_gpufreq_1.503GHz_emcfreq_665MHz,332164355.1850448,1,749.9247439479543,8.27568,6.382815151193634,7.881599999999999,118.875716085,1,665600000,1503000000,1225.6423397773306,1,34.62272,10.140686882404951,13.7872,1,locked_combo,thor_measurements/combo_sweep_vla_auto_20260427_091937/cpufreq_default_gpufreq_1.503GHz_emcfreq_665MHz/nvtx_ranges.csv,thor_measurements/combo_sweep_vla_auto_20260427_091937/cpufreq_default_gpufreq_1.503GHz_emcfreq_665MHz/phase_metrics.csv,thor_measurements/combo_sweep_vla_auto_20260427_091937/cpufreq_default_gpufreq_1.503GHz_emcfreq_665MHz/phase_summary.csv,thor_measurements/combo_sweep_vla_auto_20260427_091937/cpufreq_default_gpufreq_1.503GHz_emcfreq_665MHz/telemetry_raw.csv,-1,665600000,1503000000,-1,5655,3845.782159976211,58.816,32.22364562334217,45.181,/home/Thor/Workspace/jyjeong/Isaac-GR00T/thor_measurements/combo_sweep_vla_auto_20260427_091937/summary.csv,cpufreq_default_gpufreq_1.503GHz_emcfreq_665MHz,248.31285248148149
648000000,665600000,1503000000,648000000,cpufreq_648MHz_gpufreq_1.503GHz_emcfreq_665MHz,648000000.0,1,834.6376553905567,7.09344,5.857048063512226,6.69664,141.174906402,1,665600000,1503000000,1395.7594975511065,1,34.6368,9.594559481740234,13.7928,1,locked_combo,thor_measurements/combo_sweep_vla_auto_20260427_091937/cpufreq_648MHz_gpufreq_1.503GHz_emcfreq_665MHz/nvtx_ranges.csv,thor_measurements/combo_sweep_vla_auto_20260427_091937/cpufreq_648MHz_gpufreq_1.503GHz_emcfreq_665MHz/phase_metrics.csv,thor_measurements/combo_sweep_vla_auto_20260427_091937/cpufreq_648MHz_gpufreq_1.503GHz_emcfreq_665MHz/phase_summary.csv,thor_measurements/combo_sweep_vla_auto_20260427_091937/cpufreq_648MHz_gpufreq_1.503GHz_emcfreq_665MHz/telemetry_raw.csv,648000000,665600000,1503000000,648000000,15745,4388.765701139957,58.894,30.217355096856146,44.926799999999986,/home/Thor/Workspace/jyjeong/Isaac-GR00T/thor_measurements/combo_sweep_vla_auto_20260427_091937/summary.csv,cpufreq_648MHz_gpufreq_1.503GHz_emcfreq_665MHz,242.71264971559634
972000000,665600000,1503000000,972000000,cpufreq_972MHz_gpufreq_1.503GHz_emcfreq_665MHz,972000000.0,1,1088.2459529071518,7.48752,6.124165830958278,6.69664,175.945424852,1,665600000,1503000000,1881.7818699318427,1,34.6368,10.291709902350137,14.18112,1,locked_combo,thor_measurements/combo_sweep_vla_auto_20260427_091937/cpufreq_972MHz_gpufreq_1.503GHz_emcfreq_665MHz/nvtx_ranges.csv,thor_measurements/combo_sweep_vla_auto_20260427_091937/cpufreq_972MHz_gpufreq_1.503GHz_emcfreq_665MHz/phase_metrics.csv,thor_measurements/combo_sweep_vla_auto_20260427_091937/cpufreq_972MHz_gpufreq_1.503GHz_emcfreq_665MHz/phase_summary.csv,thor_measurements/combo_sweep_vla_auto_20260427_091937/cpufreq_972MHz_gpufreq_1.503GHz_emcfreq_665MHz/telemetry_raw.csv,972000000,665600000,1503000000,972000000,21403,5735.668958820087,57.486,31.384809699574827,45.018,/home/Thor/Workspace/jyjeong/Isaac-GR00T/thor_measurements/combo_sweep_vla_auto_20260427_091937/summary.csv,cpufreq_972MHz_gpufreq_1.503GHz_emcfreq_665MHz,233.0247716910995
1242000000,665600000,1503000000,1242000000,cpufreq_1.242GHz_gpufreq_1.503GHz_emcfreq_665MHz,1242000000.0,1,1976.747710537351,7.8816,6.400155327478574,6.69936,306.678515672,1,665600000,1503000000,3648.086110720357,1,34.6368,11.581590993545657,14.18112,1,locked_combo,thor_measurements/combo_sweep_vla_auto_20260427_091937/cpufreq_1.242GHz_gpufreq_1.503GHz_emcfreq_665MHz/nvtx_ranges.csv,thor_measurements/combo_sweep_vla_auto_20260427_091937/cpufreq_1.242GHz_gpufreq_1.503GHz_emcfreq_665MHz/phase_metrics.csv,thor_measurements/combo_sweep_vla_auto_20260427_091937/cpufreq_1.242GHz_gpufreq_1.503GHz_emcfreq_665MHz/phase_summary.csv,thor_measurements/combo_sweep_vla_auto_20260427_091937/cpufreq_1.242GHz_gpufreq_1.503GHz_emcfreq_665MHz/telemetry_raw.csv,1242000000,665600000,1503000000,1242000000,37804,10573.0973967244,58.172,33.12271939477304,46.076,/home/Thor/Workspace/jyjeong/Isaac-GR00T/thor_measurements/combo_sweep_vla_auto_20260427_091937/summary.csv,cpufreq_1.242GHz_gpufreq_1.503GHz_emcfreq_665MHz,227.51856634352941
1566000000,665600000,1503000000,1566000000,cpufreq_1.566GHz_gpufreq_1.503GHz_emcfreq_665MHz,1566000000.0,1,754.5794911228714,8.27568,6.251687451450491,7.09056,119.477134147,1,665600000,1503000000,1229.7688314245645,1,34.65088,9.879246722608489,14.18112,1,locked_combo,thor_measurements/combo_sweep_vla_auto_20260427_091937/cpufreq_1.566GHz_gpufreq_1.503GHz_emcfreq_665MHz/nvtx_ranges.csv,thor_measurements/combo_sweep_vla_auto_20260427_091937/cpufreq_1.566GHz_gpufreq_1.503GHz_emcfreq_665MHz/phase_metrics.csv,thor_measurements/combo_sweep_vla_auto_20260427_091937/cpufreq_1.566GHz_gpufreq_1.503GHz_emcfreq_665MHz/phase_summary.csv,thor_measurements/combo_sweep_vla_auto_20260427_091937/cpufreq_1.566GHz_gpufreq_1.503GHz_emcfreq_665MHz/telemetry_raw.csv,1566000000,665600000,1503000000,1566000000,16684,3845.3029924488105,57.862,30.903480220570607,46.166,/home/Thor/Workspace/jyjeong/Isaac-GR00T/thor_measurements/combo_sweep_vla_auto_20260427_091937/summary.csv,cpufreq_1.566GHz_gpufreq_1.503GHz_emcfreq_665MHz,225.89373020175438
1836000000,665600000,1503000000,1836000000,cpufreq_1.836GHz_gpufreq_1.503GHz_emcfreq_665MHz,1836000000.0,1,784.4231200919677,8.66976,6.591179706338785,7.093439999999999,117.848789019,1,665600000,1503000000,1237.1938837539726,1,34.6368,10.086706859257491,14.18112,1,locked_combo,thor_measurements/combo_sweep_vla_auto_20260427_091937/cpufreq_1.836GHz_gpufreq_1.503GHz_emcfreq_665MHz/nvtx_ranges.csv,thor_measurements/combo_sweep_vla_auto_20260427_091937/cpufreq_1.836GHz_gpufreq_1.503GHz_emcfreq_665MHz/phase_metrics.csv,thor_measurements/combo_sweep_vla_auto_20260427_091937/cpufreq_1.836GHz_gpufreq_1.503GHz_emcfreq_665MHz/phase_summary.csv,thor_measurements/combo_sweep_vla_auto_20260427_091937/cpufreq_1.836GHz_gpufreq_1.503GHz_emcfreq_665MHz/telemetry_raw.csv,1836000000,665600000,1503000000,1836000000,16754,3864.9227827464897,58.588,31.46887214993435,46.799400000000006,/home/Thor/Workspace/jyjeong/Isaac-GR00T/thor_measurements/combo_sweep_vla_auto_20260427_091937/summary.csv,cpufreq_1.836GHz_gpufreq_1.503GHz_emcfreq_665MHz,224.9454944871795
2160000000,665600000,1503000000,2160000000,cpufreq_2.160GHz_gpufreq_1.503GHz_emcfreq_665MHz,2160000000.0,1,851.2537299252704,9.852,7.094388857423568,7.8784,118.875362612,1,665600000,1503000000,1259.3923335088698,1,34.62272,10.18137580766341,14.18112,1,locked_combo,thor_measurements/combo_sweep_vla_auto_20260427_091937/cpufreq_2.160GHz_gpufreq_1.503GHz_emcfreq_665MHz/nvtx_ranges.csv,thor_measurements/combo_sweep_vla_auto_20260427_091937/cpufreq_2.160GHz_gpufreq_1.503GHz_emcfreq_665MHz/phase_metrics.csv,thor_measurements/combo_sweep_vla_auto_20260427_091937/cpufreq_2.160GHz_gpufreq_1.503GHz_emcfreq_665MHz/phase_summary.csv,thor_measurements/combo_sweep_vla_auto_20260427_091937/cpufreq_2.160GHz_gpufreq_1.503GHz_emcfreq_665MHz/telemetry_raw.csv,2160000000,665600000,1503000000,2160000000,17303,3976.816514307206,59.404,32.10570548459805,47.52160000000001,/home/Thor/Workspace/jyjeong/Isaac-GR00T/thor_measurements/combo_sweep_vla_auto_20260427_091937/summary.csv,cpufreq_2.160GHz_gpufreq_1.503GHz_emcfreq_665MHz,223.12145339166668
2430000000,665600000,1503000000,2430000000,cpufreq_2.430GHz_gpufreq_1.503GHz_emcfreq_665MHz,2430000000.0,1,863.4294551828623,11.42832,7.541500016684543,8.27232,113.363759513,1,665600000,1503000000,1179.2209934414502,1,34.62272,9.996710294363009,14.18112,1,locked_combo,thor_measurements/combo_sweep_vla_auto_20260427_091937/cpufreq_2.430GHz_gpufreq_1.503GHz_emcfreq_665MHz/nvtx_ranges.csv,thor_measurements/combo_sweep_vla_auto_20260427_091937/cpufreq_2.430GHz_gpufreq_1.503GHz_emcfreq_665MHz/phase_metrics.csv,thor_measurements/combo_sweep_vla_auto_20260427_091937/cpufreq_2.430GHz_gpufreq_1.503GHz_emcfreq_665MHz/phase_summary.csv,thor_measurements/combo_sweep_vla_auto_20260427_091937/cpufreq_2.430GHz_gpufreq_1.503GHz_emcfreq_665MHz/telemetry_raw.csv,2430000000,665600000,1503000000,2430000000,16782,3816.732417567623,59.35,32.36193516863306,47.913900000000005,/home/Thor/Workspace/jyjeong/Isaac-GR00T/thor_measurements/combo_sweep_vla_auto_20260427_091937/summary.csv,cpufreq_2.430GHz_gpufreq_1.503GHz_emcfreq_665MHz,223.96953949074074
2601000000,665600000,1503000000,2601000000,cpufreq_2.601GHz_gpufreq_1.503GHz_emcfreq_665MHz,2601000000.0,1,1267.7343714279734,12.21152,8.169402285506983,8.66976,154.016236253,1,665600000,1503000000,1754.0637148044575,1,34.62272,10.999687030654815,14.18112,1,locked_combo,thor_measurements/combo_sweep_vla_auto_20260427_091937/cpufreq_2.601GHz_gpufreq_1.503GHz_emcfreq_665MHz/nvtx_ranges.csv,thor_measurements/combo_sweep_vla_auto_20260427_091937/cpufreq_2.601GHz_gpufreq_1.503GHz_emcfreq_665MHz/phase_metrics.csv,thor_measurements/combo_sweep_vla_auto_20260427_091937/cpufreq_2.601GHz_gpufreq_1.503GHz_emcfreq_665MHz/phase_summary.csv,thor_measurements/combo_sweep_vla_auto_20260427_091937/cpufreq_2.601GHz_gpufreq_1.503GHz_emcfreq_665MHz/telemetry_raw.csv,2601000000,665600000,1503000000,2601000000,22052,5493.302179086266,61.642,34.17998394703429,48.9469,/home/Thor/Workspace/jyjeong/Isaac-GR00T/thor_measurements/combo_sweep_vla_auto_20260427_091937/summary.csv,cpufreq_2.601GHz_gpufreq_1.503GHz_emcfreq_665MHz,222.7039502299465
-1,2750000000,1503000000,-1,cpufreq_default_gpufreq_1.503GHz_emcfreq_2.750GHz,352064192.1133678,1,798.5015489991082,8.66976,6.799354634352543,7.8816,117.891494543,1,2750000000,1503000000,1383.9291684812783,1,34.62272,11.458020324080598,16.53792,1,locked_combo,thor_measurements/combo_sweep_vla_auto_20260427_091937/cpufreq_default_gpufreq_1.503GHz_emcfreq_2.750GHz/nvtx_ranges.csv,thor_measurements/combo_sweep_vla_auto_20260427_091937/cpufreq_default_gpufreq_1.503GHz_emcfreq_2.750GHz/phase_metrics.csv,thor_measurements/combo_sweep_vla_auto_20260427_091937/cpufreq_default_gpufreq_1.503GHz_emcfreq_2.750GHz/phase_summary.csv,thor_measurements/combo_sweep_vla_auto_20260427_091937/cpufreq_default_gpufreq_1.503GHz_emcfreq_2.750GHz/telemetry_raw.csv,-1,2750000000,1503000000,-1,7097,4100.748232401733,77.708,35.28101423136537,62.7124,/home/Thor/Workspace/jyjeong/Isaac-GR00T/thor_measurements/combo_sweep_vla_auto_20260427_091937/summary.csv,cpufreq_default_gpufreq_1.503GHz_emcfreq_2.750GHz,99.79912876683939
648000000,2750000000,1503000000,648000000,cpufreq_648MHz_gpufreq_1.503GHz_emcfreq_2.750GHz,648000000.0,1,675.7784534987429,7.8752,6.147999641620851,7.48144,109.49356569,1,2750000000,1503000000,1046.3941591348876,1,34.6368,9.42498013439218,16.9248,1,locked_combo,thor_measurements/combo_sweep_vla_auto_20260427_091937/cpufreq_648MHz_gpufreq_1.503GHz_emcfreq_2.750GHz/nvtx_ranges.csv,thor_measurements/combo_sweep_vla_auto_20260427_091937/cpufreq_648MHz_gpufreq_1.503GHz_emcfreq_2.750GHz/phase_metrics.csv,thor_measurements/combo_sweep_vla_auto_20260427_091937/cpufreq_648MHz_gpufreq_1.503GHz_emcfreq_2.750GHz/phase_summary.csv,thor_measurements/combo_sweep_vla_auto_20260427_091937/cpufreq_648MHz_gpufreq_1.503GHz_emcfreq_2.750GHz/telemetry_raw.csv,648000000,2750000000,1503000000,648000000,14733,3417.2481949562302,77.502,30.866592547342695,60.7028,/home/Thor/Workspace/jyjeong/Isaac-GR00T/thor_measurements/combo_sweep_vla_auto_20260427_091937/summary.csv,cpufreq_648MHz_gpufreq_1.503GHz_emcfreq_2.750GHz,112.82983958035713
972000000,2750000000,1503000000,972000000,cpufreq_972MHz_gpufreq_1.503GHz_emcfreq_2.750GHz,972000000.0,1,783.1464976465035,8.27568,6.5944992091492685,7.872,118.354586628,1,2750000000,1503000000,1338.0732515466875,1,34.6368,11.182862849436262,17.32544,1,locked_combo,thor_measurements/combo_sweep_vla_auto_20260427_091937/cpufreq_972MHz_gpufreq_1.503GHz_emcfreq_2.750GHz/nvtx_ranges.csv,thor_measurements/combo_sweep_vla_auto_20260427_091937/cpufreq_972MHz_gpufreq_1.503GHz_emcfreq_2.750GHz/phase_metrics.csv,thor_measurements/combo_sweep_vla_auto_20260427_091937/cpufreq_972MHz_gpufreq_1.503GHz_emcfreq_2.750GHz/phase_summary.csv,thor_measurements/combo_sweep_vla_auto_20260427_091937/cpufreq_972MHz_gpufreq_1.503GHz_emcfreq_2.750GHz/telemetry_raw.csv,972000000,2750000000,1503000000,972000000,18537,4027.216636906944,77.936,33.55934045422668,62.784,/home/Thor/Workspace/jyjeong/Isaac-GR00T/thor_measurements/combo_sweep_vla_auto_20260427_091937/summary.csv,cpufreq_972MHz_gpufreq_1.503GHz_emcfreq_2.750GHz,90.82899445698925
1242000000,2750000000,1503000000,1242000000,cpufreq_1.242GHz_gpufreq_1.503GHz_emcfreq_2.750GHz,1242000000.0,1,934.0186370723596,8.66976,6.885999878375961,7.8752,135.259447661,1,2750000000,1503000000,1691.4060149990494,1,34.6368,12.415963376855665,17.7192,1,locked_combo,thor_measurements/combo_sweep_vla_auto_20260427_091937/cpufreq_1.242GHz_gpufreq_1.503GHz_emcfreq_2.750GHz/nvtx_ranges.csv,thor_measurements/combo_sweep_vla_auto_20260427_091937/cpufreq_1.242GHz_gpufreq_1.503GHz_emcfreq_2.750GHz/phase_metrics.csv,thor_measurements/combo_sweep_vla_auto_20260427_091937/cpufreq_1.242GHz_gpufreq_1.503GHz_emcfreq_2.750GHz/phase_summary.csv,thor_measurements/combo_sweep_vla_auto_20260427_091937/cpufreq_1.242GHz_gpufreq_1.503GHz_emcfreq_2.750GHz/telemetry_raw.csv,1242000000,2750000000,1503000000,1242000000,22364,4863.524230265467,78.236,35.403515024145946,65.8717,/home/Thor/Workspace/jyjeong/Isaac-GR00T/thor_measurements/combo_sweep_vla_auto_20260427_091937/summary.csv,cpufreq_1.242GHz_gpufreq_1.503GHz_emcfreq_2.750GHz,85.97089657518796
1566000000,2750000000,1503000000,1566000000,cpufreq_1.566GHz_gpufreq_1.503GHz_emcfreq_2.750GHz,1566000000.0,1,544.7445372512032,9.06384,6.7400224551530075,7.8816,80.564826832,1,2750000000,1503000000,875.610232407527,1,34.6368,10.747575985930355,18.12032,1,locked_combo,thor_measurements/combo_sweep_vla_auto_20260427_091937/cpufreq_1.566GHz_gpufreq_1.503GHz_emcfreq_2.750GHz/nvtx_ranges.csv,thor_measurements/combo_sweep_vla_auto_20260427_091937/cpufreq_1.566GHz_gpufreq_1.503GHz_emcfreq_2.750GHz/phase_metrics.csv,thor_measurements/combo_sweep_vla_auto_20260427_091937/cpufreq_1.566GHz_gpufreq_1.503GHz_emcfreq_2.750GHz/phase_summary.csv,thor_measurements/combo_sweep_vla_auto_20260427_091937/cpufreq_1.566GHz_gpufreq_1.503GHz_emcfreq_2.750GHz/telemetry_raw.csv,1566000000,2750000000,1503000000,1566000000,14215,2703.8302302709135,77.828,33.022939570875835,63.6126,/home/Thor/Workspace/jyjeong/Isaac-GR00T/thor_measurements/combo_sweep_vla_auto_20260427_091937/summary.csv,cpufreq_1.566GHz_gpufreq_1.503GHz_emcfreq_2.750GHz,82.8122577090909
1836000000,2750000000,1503000000,1836000000,cpufreq_1.836GHz_gpufreq_1.503GHz_emcfreq_2.750GHz,1836000000.0,1,542.8580589071339,9.852,7.073235283099191,8.27232,76.461146237,1,2750000000,1503000000,846.3807648393847,1,34.62272,10.94289998013339,18.4992,1,locked_combo,thor_measurements/combo_sweep_vla_auto_20260427_091937/cpufreq_1.836GHz_gpufreq_1.503GHz_emcfreq_2.750GHz/nvtx_ranges.csv,thor_measurements/combo_sweep_vla_auto_20260427_091937/cpufreq_1.836GHz_gpufreq_1.503GHz_emcfreq_2.750GHz/phase_metrics.csv,thor_measurements/combo_sweep_vla_auto_20260427_091937/cpufreq_1.836GHz_gpufreq_1.503GHz_emcfreq_2.750GHz/phase_summary.csv,thor_measurements/combo_sweep_vla_auto_20260427_091937/cpufreq_1.836GHz_gpufreq_1.503GHz_emcfreq_2.750GHz/telemetry_raw.csv,1836000000,2750000000,1503000000,1836000000,14094,2618.705251506518,78.252,33.67400070952178,65.4728,/home/Thor/Workspace/jyjeong/Isaac-GR00T/thor_measurements/combo_sweep_vla_auto_20260427_091937/summary.csv,cpufreq_1.836GHz_gpufreq_1.503GHz_emcfreq_2.750GHz,81.59123149074074
2160000000,2750000000,1503000000,2160000000,cpufreq_2.160GHz_gpufreq_1.503GHz_emcfreq_2.750GHz,2160000000.0,1,1279.0031914344925,11.03424,8.026693632311225,9.0528,158.966713251,1,2750000000,1503000000,2180.1640919422916,1,34.62272,13.6231668836958,18.11296,1,locked_combo,thor_measurements/combo_sweep_vla_auto_20260427_091937/cpufreq_2.160GHz_gpufreq_1.503GHz_emcfreq_2.750GHz/nvtx_ranges.csv,thor_measurements/combo_sweep_vla_auto_20260427_091937/cpufreq_2.160GHz_gpufreq_1.503GHz_emcfreq_2.750GHz/phase_metrics.csv,thor_measurements/combo_sweep_vla_auto_20260427_091937/cpufreq_2.160GHz_gpufreq_1.503GHz_emcfreq_2.750GHz/phase_summary.csv,thor_measurements/combo_sweep_vla_auto_20260427_091937/cpufreq_2.160GHz_gpufreq_1.503GHz_emcfreq_2.750GHz/telemetry_raw.csv,2160000000,2750000000,1503000000,2160000000,29612,6166.937908213161,86.284,37.99938599216534,70.9789,/home/Thor/Workspace/jyjeong/Isaac-GR00T/thor_measurements/combo_sweep_vla_auto_20260427_091937/summary.csv,cpufreq_2.160GHz_gpufreq_1.503GHz_emcfreq_2.750GHz,79.60549534933332
2430000000,2750000000,1503000000,2430000000,cpufreq_2.430GHz_gpufreq_1.503GHz_emcfreq_2.750GHz,2430000000.0,1,799.7565240075714,12.21152,8.305787127694497,9.45024,96.002077163,1,2750000000,1503000000,1214.0330197403373,1,34.62272,12.539836726118832,18.50672,1,locked_combo,thor_measurements/combo_sweep_vla_auto_20260427_091937/cpufreq_2.430GHz_gpufreq_1.503GHz_emcfreq_2.750GHz/nvtx_ranges.csv,thor_measurements/combo_sweep_vla_auto_20260427_091937/cpufreq_2.430GHz_gpufreq_1.503GHz_emcfreq_2.750GHz/phase_metrics.csv,thor_measurements/combo_sweep_vla_auto_20260427_091937/cpufreq_2.430GHz_gpufreq_1.503GHz_emcfreq_2.750GHz/phase_summary.csv,thor_measurements/combo_sweep_vla_auto_20260427_091937/cpufreq_2.430GHz_gpufreq_1.503GHz_emcfreq_2.750GHz/telemetry_raw.csv,2430000000,2750000000,1503000000,2430000000,18278,3618.407215414807,87.916,36.94815286136339,70.48429999999999,/home/Thor/Workspace/jyjeong/Isaac-GR00T/thor_measurements/combo_sweep_vla_auto_20260427_091937/summary.csv,cpufreq_2.430GHz_gpufreq_1.503GHz_emcfreq_2.750GHz,78.19835626595744
2601000000,2750000000,1503000000,2601000000,cpufreq_2.601GHz_gpufreq_1.503GHz_emcfreq_2.750GHz,2601000000.0,1,633.1005540431025,13.39328,8.545496241338281,9.844,73.890339285,1,2750000000,1503000000,837.8969341606312,1,34.62272,11.249358751312382,18.50672,1,locked_combo,thor_measurements/combo_sweep_vla_auto_20260427_091937/cpufreq_2.601GHz_gpufreq_1.503GHz_emcfreq_2.750GHz/nvtx_ranges.csv,thor_measurements/combo_sweep_vla_auto_20260427_091937/cpufreq_2.601GHz_gpufreq_1.503GHz_emcfreq_2.750GHz/phase_metrics.csv,thor_measurements/combo_sweep_vla_auto_20260427_091937/cpufreq_2.601GHz_gpufreq_1.503GHz_emcfreq_2.750GHz/phase_summary.csv,thor_measurements/combo_sweep_vla_auto_20260427_091937/cpufreq_2.601GHz_gpufreq_1.503GHz_emcfreq_2.750GHz/telemetry_raw.csv,2601000000,2750000000,1503000000,2601000000,14287,2669.5311434968376,87.304,35.47879680828726,66.415,/home/Thor/Workspace/jyjeong/Isaac-GR00T/thor_measurements/combo_sweep_vla_auto_20260427_091937/summary.csv,cpufreq_2.601GHz_gpufreq_1.503GHz_emcfreq_2.750GHz,78.1982666880734
-1,3200000000,1503000000,-1,cpufreq_default_gpufreq_1.503GHz_emcfreq_3.200GHz,351603603.0607941,1,823.8345868188977,9.45792,7.177699716012934,8.26896,115.751677129,1,3200000000,1503000000,1376.5025533295566,1,34.62272,11.744617393504852,16.93168,1,locked_combo,thor_measurements/combo_sweep_vla_auto_20260427_091937/cpufreq_default_gpufreq_1.503GHz_emcfreq_3.200GHz/nvtx_ranges.csv,thor_measurements/combo_sweep_vla_auto_20260427_091937/cpufreq_default_gpufreq_1.503GHz_emcfreq_3.200GHz/phase_metrics.csv,thor_measurements/combo_sweep_vla_auto_20260427_091937/cpufreq_default_gpufreq_1.503GHz_emcfreq_3.200GHz/phase_summary.csv,thor_measurements/combo_sweep_vla_auto_20260427_091937/cpufreq_default_gpufreq_1.503GHz_emcfreq_3.200GHz/telemetry_raw.csv,-1,3200000000,1503000000,-1,7113,4097.7074761596305,83.476,36.2323689020104,64.83319999999998,/home/Thor/Workspace/jyjeong/Isaac-GR00T/thor_measurements/combo_sweep_vla_auto_20260427_091937/summary.csv,cpufreq_default_gpufreq_1.503GHz_emcfreq_3.200GHz,98.52032354081632
648000000,3200000000,1503000000,648000000,cpufreq_648MHz_gpufreq_1.503GHz_emcfreq_3.200GHz,648000000.0,1,994.3592862773048,8.27232,6.744417030046423,7.8752,147.025639121,1,3200000000,1503000000,1660.8773062394598,1,34.6368,11.213945489976023,17.3184,1,locked_combo,thor_measurements/combo_sweep_vla_auto_20260427_091937/cpufreq_648MHz_gpufreq_1.503GHz_emcfreq_3.200GHz/nvtx_ranges.csv,thor_measurements/combo_sweep_vla_auto_20260427_091937/cpufreq_648MHz_gpufreq_1.503GHz_emcfreq_3.200GHz/phase_metrics.csv,thor_measurements/combo_sweep_vla_auto_20260427_091937/cpufreq_648MHz_gpufreq_1.503GHz_emcfreq_3.200GHz/phase_summary.csv,thor_measurements/combo_sweep_vla_auto_20260427_091937/cpufreq_648MHz_gpufreq_1.503GHz_emcfreq_3.200GHz/telemetry_raw.csv,648000000,3200000000,1503000000,648000000,19603,5004.945396058074,84.14,33.772920573381626,63.2098,/home/Thor/Workspace/jyjeong/Isaac-GR00T/thor_measurements/combo_sweep_vla_auto_20260427_091937/summary.csv,cpufreq_648MHz_gpufreq_1.503GHz_emcfreq_3.200GHz,111.68282351785714
972000000,3200000000,1503000000,972000000,cpufreq_972MHz_gpufreq_1.503GHz_emcfreq_3.200GHz,972000000.0,1,809.742766391246,8.66272,6.901421531005617,8.26896,117.168846355,1,3200000000,1503000000,1336.5138578598956,1,34.6368,11.34927542680912,17.7192,1,locked_combo,thor_measurements/combo_sweep_vla_auto_20260427_091937/cpufreq_972MHz_gpufreq_1.503GHz_emcfreq_3.200GHz/nvtx_ranges.csv,thor_measurements/combo_sweep_vla_auto_20260427_091937/cpufreq_972MHz_gpufreq_1.503GHz_emcfreq_3.200GHz/phase_metrics.csv,thor_measurements/combo_sweep_vla_auto_20260427_091937/cpufreq_972MHz_gpufreq_1.503GHz_emcfreq_3.200GHz/phase_summary.csv,thor_measurements/combo_sweep_vla_auto_20260427_091937/cpufreq_972MHz_gpufreq_1.503GHz_emcfreq_3.200GHz/telemetry_raw.csv,972000000,3200000000,1503000000,972000000,18158,4043.67720181339,84.316,34.17435796893931,64.9549,/home/Thor/Workspace/jyjeong/Isaac-GR00T/thor_measurements/combo_sweep_vla_auto_20260427_091937/summary.csv,cpufreq_972MHz_gpufreq_1.503GHz_emcfreq_3.200GHz,87.0459643068783
1242000000,3200000000,1503000000,1242000000,cpufreq_1.242GHz_gpufreq_1.503GHz_emcfreq_3.200GHz,1242000000.0,1,962.952243041916,8.66976,7.230103099071624,8.27232,132.829954916,1,3200000000,1503000000,1667.422546659128,1,34.62272,12.468576213840429,18.11296,1,locked_combo,thor_measurements/combo_sweep_vla_auto_20260427_091937/cpufreq_1.242GHz_gpufreq_1.503GHz_emcfreq_3.200GHz/nvtx_ranges.csv,thor_measurements/combo_sweep_vla_auto_20260427_091937/cpufreq_1.242GHz_gpufreq_1.503GHz_emcfreq_3.200GHz/phase_metrics.csv,thor_measurements/combo_sweep_vla_auto_20260427_091937/cpufreq_1.242GHz_gpufreq_1.503GHz_emcfreq_3.200GHz/phase_summary.csv,thor_measurements/combo_sweep_vla_auto_20260427_091937/cpufreq_1.242GHz_gpufreq_1.503GHz_emcfreq_3.200GHz/telemetry_raw.csv,1242000000,3200000000,1503000000,1242000000,22297,4843.723028292969,84.71,35.943284567430595,68.64,/home/Thor/Workspace/jyjeong/Isaac-GR00T/thor_measurements/combo_sweep_vla_auto_20260427_091937/summary.csv,cpufreq_1.242GHz_gpufreq_1.503GHz_emcfreq_3.200GHz,81.75942287218045
1566000000,3200000000,1503000000,1566000000,cpufreq_1.566GHz_gpufreq_1.503GHz_emcfreq_3.200GHz,1566000000.0,1,568.0654654862078,9.45792,7.0359659494022795,8.6592,80.542267873,1,3200000000,1503000000,872.2390483414182,1,34.62272,10.763450130664443,18.12032,1,locked_combo,thor_measurements/combo_sweep_vla_auto_20260427_091937/cpufreq_1.566GHz_gpufreq_1.503GHz_emcfreq_3.200GHz/nvtx_ranges.csv,thor_measurements/combo_sweep_vla_auto_20260427_091937/cpufreq_1.566GHz_gpufreq_1.503GHz_emcfreq_3.200GHz/phase_metrics.csv,thor_measurements/combo_sweep_vla_auto_20260427_091937/cpufreq_1.566GHz_gpufreq_1.503GHz_emcfreq_3.200GHz/phase_summary.csv,thor_measurements/combo_sweep_vla_auto_20260427_091937/cpufreq_1.566GHz_gpufreq_1.503GHz_emcfreq_3.200GHz/telemetry_raw.csv,1566000000,3200000000,1503000000,1566000000,14388,2731.1618579610845,83.754,33.48656825132055,64.81649999999999,/home/Thor/Workspace/jyjeong/Isaac-GR00T/thor_measurements/combo_sweep_vla_auto_20260427_091937/summary.csv,cpufreq_1.566GHz_gpufreq_1.503GHz_emcfreq_3.200GHz,79.02085367272727
1836000000,3200000000,1503000000,1836000000,cpufreq_1.836GHz_gpufreq_1.503GHz_emcfreq_3.200GHz,1836000000.0,1,721.198770338023,10.24608,7.503680957542908,8.66272,95.863842751,1,3200000000,1503000000,1129.483363831072,1,34.62272,11.699188112014452,18.11296,1,locked_combo,thor_measurements/combo_sweep_vla_auto_20260427_091937/cpufreq_1.836GHz_gpufreq_1.503GHz_emcfreq_3.200GHz/nvtx_ranges.csv,thor_measurements/combo_sweep_vla_auto_20260427_091937/cpufreq_1.836GHz_gpufreq_1.503GHz_emcfreq_3.200GHz/phase_metrics.csv,thor_measurements/combo_sweep_vla_auto_20260427_091937/cpufreq_1.836GHz_gpufreq_1.503GHz_emcfreq_3.200GHz/phase_summary.csv,thor_measurements/combo_sweep_vla_auto_20260427_091937/cpufreq_1.836GHz_gpufreq_1.503GHz_emcfreq_3.200GHz/telemetry_raw.csv,1836000000,3200000000,1503000000,1836000000,17712,3419.309755313465,87.932,35.090248306233065,68.27850000000001,/home/Thor/Workspace/jyjeong/Isaac-GR00T/thor_measurements/combo_sweep_vla_auto_20260427_091937/summary.csv,cpufreq_1.836GHz_gpufreq_1.503GHz_emcfreq_3.200GHz,78.2096024691358
2160000000,3200000000,1503000000,2160000000,cpufreq_2.160GHz_gpufreq_1.503GHz_emcfreq_3.200GHz,2160000000.0,1,1016.9344559063372,11.42368,8.338049310779667,9.45024,121.686502465,1,3200000000,1503000000,1637.4976935975862,1,34.62272,13.38016297777971,18.50672,1,locked_combo,thor_measurements/combo_sweep_vla_auto_20260427_091937/cpufreq_2.160GHz_gpufreq_1.503GHz_emcfreq_3.200GHz/nvtx_ranges.csv,thor_measurements/combo_sweep_vla_auto_20260427_091937/cpufreq_2.160GHz_gpufreq_1.503GHz_emcfreq_3.200GHz/phase_metrics.csv,thor_measurements/combo_sweep_vla_auto_20260427_091937/cpufreq_2.160GHz_gpufreq_1.503GHz_emcfreq_3.200GHz/phase_summary.csv,thor_measurements/combo_sweep_vla_auto_20260427_091937/cpufreq_2.160GHz_gpufreq_1.503GHz_emcfreq_3.200GHz/telemetry_raw.csv,2160000000,3200000000,1503000000,2160000000,22997,4722.620301855687,89.846,38.120112275514195,73.172,/home/Thor/Workspace/jyjeong/Isaac-GR00T/thor_measurements/combo_sweep_vla_auto_20260427_091937/summary.csv,cpufreq_2.160GHz_gpufreq_1.503GHz_emcfreq_3.200GHz,76.45529795636364
2430000000,3200000000,1503000000,2430000000,cpufreq_2.430GHz_gpufreq_1.503GHz_emcfreq_3.200GHz,2430000000.0,1,617.242749484656,12.60544,8.384169942278914,9.844,73.414176482,1,3200000000,1503000000,830.2467484438832,1,34.62272,11.266644554977551,18.50672,1,locked_combo,thor_measurements/combo_sweep_vla_auto_20260427_091937/cpufreq_2.430GHz_gpufreq_1.503GHz_emcfreq_3.200GHz/nvtx_ranges.csv,thor_measurements/combo_sweep_vla_auto_20260427_091937/cpufreq_2.430GHz_gpufreq_1.503GHz_emcfreq_3.200GHz/phase_metrics.csv,thor_measurements/combo_sweep_vla_auto_20260427_091937/cpufreq_2.430GHz_gpufreq_1.503GHz_emcfreq_3.200GHz/phase_summary.csv,thor_measurements/combo_sweep_vla_auto_20260427_091937/cpufreq_2.430GHz_gpufreq_1.503GHz_emcfreq_3.200GHz/telemetry_raw.csv,2430000000,3200000000,1503000000,2430000000,14033,2641.2149898603657,87.108,35.47760692653032,69.0208,/home/Thor/Workspace/jyjeong/Isaac-GR00T/thor_measurements/combo_sweep_vla_auto_20260427_091937/summary.csv,cpufreq_2.430GHz_gpufreq_1.503GHz_emcfreq_3.200GHz,75.3413148425926
2601000000,3200000000,1503000000,2601000000,cpufreq_2.601GHz_gpufreq_1.503GHz_emcfreq_3.200GHz,2601000000.0,1,633.0674796270291,13.7816,8.892786783912353,10.23776,70.987130334,1,3200000000,1503000000,819.10800712914,1,34.62272,11.440279210033156,18.90048,1,locked_combo,thor_measurements/combo_sweep_vla_auto_20260427_091937/cpufreq_2.601GHz_gpufreq_1.503GHz_emcfreq_3.200GHz/nvtx_ranges.csv,thor_measurements/combo_sweep_vla_auto_20260427_091937/cpufreq_2.601GHz_gpufreq_1.503GHz_emcfreq_3.200GHz/phase_metrics.csv,thor_measurements/combo_sweep_vla_auto_20260427_091937/cpufreq_2.601GHz_gpufreq_1.503GHz_emcfreq_3.200GHz/phase_summary.csv,thor_measurements/combo_sweep_vla_auto_20260427_091937/cpufreq_2.601GHz_gpufreq_1.503GHz_emcfreq_3.200GHz/telemetry_raw.csv,2601000000,3200000000,1503000000,2601000000,13874,2613.959809343321,91.262,36.178058959204265,69.805,/home/Thor/Workspace/jyjeong/Isaac-GR00T/thor_measurements/combo_sweep_vla_auto_20260427_091937/summary.csv,cpufreq_2.601GHz_gpufreq_1.503GHz_emcfreq_3.200GHz,74.86710747706422
-1,4266000000,1503000000,-1,cpufreq_default_gpufreq_1.503GHz_emcfreq_4.266GHz,369986154.9341747,1,616.2723250560324,9.852,7.285641553693831,8.27904,86.285161608,1,4266000000,1503000000,974.132048914014,1,34.62272,11.660042894135566,18.11296,1,locked_combo,thor_measurements/combo_sweep_vla_auto_20260427_091937/cpufreq_default_gpufreq_1.503GHz_emcfreq_4.266GHz/nvtx_ranges.csv,thor_measurements/combo_sweep_vla_auto_20260427_091937/cpufreq_default_gpufreq_1.503GHz_emcfreq_4.266GHz/phase_metrics.csv,thor_measurements/combo_sweep_vla_auto_20260427_091937/cpufreq_default_gpufreq_1.503GHz_emcfreq_4.266GHz/phase_summary.csv,thor_measurements/combo_sweep_vla_auto_20260427_091937/cpufreq_default_gpufreq_1.503GHz_emcfreq_4.266GHz/telemetry_raw.csv,-1,4266000000,1503000000,-1,5252,2978.82017608699,87.046,35.43206664127951,64.5664,/home/Thor/Workspace/jyjeong/Isaac-GR00T/thor_measurements/combo_sweep_vla_auto_20260427_091937/summary.csv,cpufreq_default_gpufreq_1.503GHz_emcfreq_4.266GHz,96.7734433125
648000000,4266000000,1503000000,648000000,cpufreq_648MHz_gpufreq_1.503GHz_emcfreq_4.266GHz,648000000.0,1,924.9976766588547,9.0528,6.8503401841133345,8.2656,134.676505771,1,4266000000,1503000000,1512.5308615167842,1,34.62272,11.16189506642412,16.93856,1,locked_combo,thor_measurements/combo_sweep_vla_auto_20260427_091937/cpufreq_648MHz_gpufreq_1.503GHz_emcfreq_4.266GHz/nvtx_ranges.csv,thor_measurements/combo_sweep_vla_auto_20260427_091937/cpufreq_648MHz_gpufreq_1.503GHz_emcfreq_4.266GHz/phase_metrics.csv,thor_measurements/combo_sweep_vla_auto_20260427_091937/cpufreq_648MHz_gpufreq_1.503GHz_emcfreq_4.266GHz/phase_summary.csv,thor_measurements/combo_sweep_vla_auto_20260427_091937/cpufreq_648MHz_gpufreq_1.503GHz_emcfreq_4.266GHz/telemetry_raw.csv,648000000,4266000000,1503000000,648000000,18141,4616.592008365793,87.194,34.02799955900998,64.044,/home/Thor/Workspace/jyjeong/Isaac-GR00T/thor_measurements/combo_sweep_vla_auto_20260427_091937/summary.csv,cpufreq_648MHz_gpufreq_1.503GHz_emcfreq_4.266GHz,111.38853577005348
972000000,4266000000,1503000000,972000000,cpufreq_972MHz_gpufreq_1.503GHz_emcfreq_4.266GHz,972000000.0,1,632.9413595199497,8.66976,6.855195216562245,8.26896,92.06209039,1,4266000000,1503000000,945.8615298398904,1,34.62272,10.184705083083628,17.7192,1,locked_combo,thor_measurements/combo_sweep_vla_auto_20260427_091937/cpufreq_972MHz_gpufreq_1.503GHz_emcfreq_4.266GHz/nvtx_ranges.csv,thor_measurements/combo_sweep_vla_auto_20260427_091937/cpufreq_972MHz_gpufreq_1.503GHz_emcfreq_4.266GHz/phase_metrics.csv,thor_measurements/combo_sweep_vla_auto_20260427_091937/cpufreq_972MHz_gpufreq_1.503GHz_emcfreq_4.266GHz/phase_summary.csv,thor_measurements/combo_sweep_vla_auto_20260427_091937/cpufreq_972MHz_gpufreq_1.503GHz_emcfreq_4.266GHz/telemetry_raw.csv,972000000,4266000000,1503000000,972000000,14684,3050.3285608711535,86.91,32.754953010079,64.522,/home/Thor/Workspace/jyjeong/Isaac-GR00T/thor_measurements/combo_sweep_vla_auto_20260427_091937/summary.csv,cpufreq_972MHz_gpufreq_1.503GHz_emcfreq_4.266GHz,86.33020473214286
1242000000,4266000000,1503000000,1242000000,cpufreq_1.242GHz_gpufreq_1.503GHz_emcfreq_4.266GHz,1242000000.0,1,586.2438056741826,9.06384,7.013706742580599,8.6592,83.41571634,1,4266000000,1503000000,889.5960166633564,1,34.62272,10.603544174791828,18.11296,1,locked_combo,thor_measurements/combo_sweep_vla_auto_20260427_091937/cpufreq_1.242GHz_gpufreq_1.503GHz_emcfreq_4.266GHz/nvtx_ranges.csv,thor_measurements/combo_sweep_vla_auto_20260427_091937/cpufreq_1.242GHz_gpufreq_1.503GHz_emcfreq_4.266GHz/phase_metrics.csv,thor_measurements/combo_sweep_vla_auto_20260427_091937/cpufreq_1.242GHz_gpufreq_1.503GHz_emcfreq_4.266GHz/phase_summary.csv,thor_measurements/combo_sweep_vla_auto_20260427_091937/cpufreq_1.242GHz_gpufreq_1.503GHz_emcfreq_4.266GHz/telemetry_raw.csv,1242000000,4266000000,1503000000,1242000000,14051,2820.0583364831755,86.748,33.392471852537184,65.34,/home/Thor/Workspace/jyjeong/Isaac-GR00T/thor_measurements/combo_sweep_vla_auto_20260427_091937/summary.csv,cpufreq_1.242GHz_gpufreq_1.503GHz_emcfreq_4.266GHz,79.73287819090909
1566000000,4266000000,1503000000,1566000000,cpufreq_1.566GHz_gpufreq_1.503GHz_emcfreq_4.266GHz,1566000000.0,1,576.5707312203298,9.45792,7.236463436296141,8.66272,79.359494938,1,4266000000,1503000000,873.6463031213635,1,34.62272,10.881854036562304,18.4992,1,locked_combo,thor_measurements/combo_sweep_vla_auto_20260427_091937/cpufreq_1.566GHz_gpufreq_1.503GHz_emcfreq_4.266GHz/nvtx_ranges.csv,thor_measurements/combo_sweep_vla_auto_20260427_091937/cpufreq_1.566GHz_gpufreq_1.503GHz_emcfreq_4.266GHz/phase_metrics.csv,thor_measurements/combo_sweep_vla_auto_20260427_091937/cpufreq_1.566GHz_gpufreq_1.503GHz_emcfreq_4.266GHz/phase_summary.csv,thor_measurements/combo_sweep_vla_auto_20260427_091937/cpufreq_1.566GHz_gpufreq_1.503GHz_emcfreq_4.266GHz/telemetry_raw.csv,1566000000,4266000000,1503000000,1566000000,14277,2740.27300042448,87.36,34.00522098480073,65.7608,/home/Thor/Workspace/jyjeong/Isaac-GR00T/thor_measurements/combo_sweep_vla_auto_20260427_091937/summary.csv,cpufreq_1.566GHz_gpufreq_1.503GHz_emcfreq_4.266GHz,77.5747766875
1836000000,4266000000,1503000000,1836000000,cpufreq_1.836GHz_gpufreq_1.503GHz_emcfreq_4.266GHz,1836000000.0,1,784.517174196645,10.24608,7.852206336333081,9.05648,99.633530486,1,4266000000,1503000000,1242.678166353325,1,34.62272,12.36847984386859,18.50672,1,locked_combo,thor_measurements/combo_sweep_vla_auto_20260427_091937/cpufreq_1.836GHz_gpufreq_1.503GHz_emcfreq_4.266GHz/nvtx_ranges.csv,thor_measurements/combo_sweep_vla_auto_20260427_091937/cpufreq_1.836GHz_gpufreq_1.503GHz_emcfreq_4.266GHz/phase_metrics.csv,thor_measurements/combo_sweep_vla_auto_20260427_091937/cpufreq_1.836GHz_gpufreq_1.503GHz_emcfreq_4.266GHz/phase_summary.csv,thor_measurements/combo_sweep_vla_auto_20260427_091937/cpufreq_1.836GHz_gpufreq_1.503GHz_emcfreq_4.266GHz/telemetry_raw.csv,1836000000,4266000000,1503000000,1836000000,18446,3705.6217877352738,89.236,36.5829347283964,72.121,/home/Thor/Workspace/jyjeong/Isaac-GR00T/thor_measurements/combo_sweep_vla_auto_20260427_091937/summary.csv,cpufreq_1.836GHz_gpufreq_1.503GHz_emcfreq_4.266GHz,75.79494589005236
2160000000,4266000000,1503000000,2160000000,cpufreq_2.160GHz_gpufreq_1.503GHz_emcfreq_4.266GHz,2160000000.0,1,592.818081788554,11.42368,8.098805392177665,9.45408,72.954286092,1,4266000000,1503000000,820.2745592786588,1,34.62272,11.124528942640922,18.8928,1,locked_combo,thor_measurements/combo_sweep_vla_auto_20260427_091937/cpufreq_2.160GHz_gpufreq_1.503GHz_emcfreq_4.266GHz/nvtx_ranges.csv,thor_measurements/combo_sweep_vla_auto_20260427_091937/cpufreq_2.160GHz_gpufreq_1.503GHz_emcfreq_4.266GHz/phase_metrics.csv,thor_measurements/combo_sweep_vla_auto_20260427_091937/cpufreq_2.160GHz_gpufreq_1.503GHz_emcfreq_4.266GHz/phase_summary.csv,thor_measurements/combo_sweep_vla_auto_20260427_091937/cpufreq_2.160GHz_gpufreq_1.503GHz_emcfreq_4.266GHz/telemetry_raw.csv,2160000000,4266000000,1503000000,2160000000,14139,2611.2034097371284,88.136,35.19297008274984,68.423,/home/Thor/Workspace/jyjeong/Isaac-GR00T/thor_measurements/combo_sweep_vla_auto_20260427_091937/summary.csv,cpufreq_2.160GHz_gpufreq_1.503GHz_emcfreq_4.266GHz,74.64148353271028
2430000000,4266000000,1503000000,2430000000,cpufreq_2.430GHz_gpufreq_1.503GHz_emcfreq_4.266GHz,2430000000.0,1,625.8557369176513,12.99936,8.550547435150309,10.2336,73.078818719,1,4266000000,1503000000,827.6530811003843,1,34.62272,11.318431281358825,18.50672,1,locked_combo,thor_measurements/combo_sweep_vla_auto_20260427_091937/cpufreq_2.430GHz_gpufreq_1.503GHz_emcfreq_4.266GHz/nvtx_ranges.csv,thor_measurements/combo_sweep_vla_auto_20260427_091937/cpufreq_2.430GHz_gpufreq_1.503GHz_emcfreq_4.266GHz/phase_metrics.csv,thor_measurements/combo_sweep_vla_auto_20260427_091937/cpufreq_2.430GHz_gpufreq_1.503GHz_emcfreq_4.266GHz/phase_summary.csv,thor_measurements/combo_sweep_vla_auto_20260427_091937/cpufreq_2.430GHz_gpufreq_1.503GHz_emcfreq_4.266GHz/telemetry_raw.csv,2430000000,4266000000,1503000000,2430000000,14071,2656.1200576531237,88.598,35.8778679553692,70.414,/home/Thor/Workspace/jyjeong/Isaac-GR00T/thor_measurements/combo_sweep_vla_auto_20260427_091937/summary.csv,cpufreq_2.430GHz_gpufreq_1.503GHz_emcfreq_4.266GHz,74.04631814814815
2601000000,4266000000,1503000000,2601000000,cpufreq_2.601GHz_gpufreq_1.503GHz_emcfreq_4.266GHz,2601000000.0,1,882.2209282908565,14.17536,9.324880531002105,10.63152,94.326943422,1,4266000000,1503000000,1204.4997846936303,1,34.62272,12.643606350439804,18.90048,1,locked_combo,thor_measurements/combo_sweep_vla_auto_20260427_091937/cpufreq_2.601GHz_gpufreq_1.503GHz_emcfreq_4.266GHz/nvtx_ranges.csv,thor_measurements/combo_sweep_vla_auto_20260427_091937/cpufreq_2.601GHz_gpufreq_1.503GHz_emcfreq_4.266GHz/phase_metrics.csv,thor_measurements/combo_sweep_vla_auto_20260427_091937/cpufreq_2.601GHz_gpufreq_1.503GHz_emcfreq_4.266GHz/phase_summary.csv,thor_measurements/combo_sweep_vla_auto_20260427_091937/cpufreq_2.601GHz_gpufreq_1.503GHz_emcfreq_4.266GHz/telemetry_raw.csv,2601000000,4266000000,1503000000,2601000000,18531,3693.135948145267,89.734,38.38183411580595,75.106,/home/Thor/Workspace/jyjeong/Isaac-GR00T/thor_measurements/combo_sweep_vla_auto_20260427_091937/summary.csv,cpufreq_2.601GHz_gpufreq_1.503GHz_emcfreq_4.266GHz,73.61209337234042
