actual_cpu_hz,actual_emc_hz,actual_gpu_hz,actual_hz,combo_name,cpu_freq_mean_hz,cpu_lock_ok,cpu_soc_mss_energy_j,cpu_soc_mss_power_max_w,cpu_soc_mss_power_mean_w,cpu_soc_mss_power_p95_w,duration_s,emc_lock_ok,fixed_emc_hz,fixed_gpu_hz,gpu_energy_j,gpu_lock_ok,gpu_power_max_w,gpu_power_mean_w,gpu_power_p95_w,lock_ok,mode,nvtx_csv,phase_metrics_csv,phase_summary_csv,raw_csv,requested_cpu_hz,requested_emc_hz,requested_gpu_hz,requested_hz,samples,vin_energy_j,vin_power_max_w,vin_power_mean_w,vin_power_p95_w,_summary_csv,run_dir,get_action_latency_ms
648000000,-1,-1,648000000,cpufreq_648MHz_gpufreq_default_emcfreq_default,648000000.0,1,810.325073933308,10.6272,8.250063233849087,9.844,98.131168966,1,-1,-1,1013.0614987501456,1,19.2864,10.320655651536262,17.7192,1,locked_combo,thor_measurements/libero10_combo_trt_20260430_090849/cpufreq_648MHz_gpufreq_default_emcfreq_default/nvtx_ranges.csv,thor_measurements/libero10_combo_trt_20260430_090849/cpufreq_648MHz_gpufreq_default_emcfreq_default/phase_metrics.csv,thor_measurements/libero10_combo_trt_20260430_090849/cpufreq_648MHz_gpufreq_default_emcfreq_default/phase_summary.csv,thor_measurements/libero10_combo_trt_20260430_090849/cpufreq_648MHz_gpufreq_default_emcfreq_default/telemetry_raw.csv,648000000,-1,-1,648000000,13637,3421.584550274933,89.888,34.8974437192931,67.076,/home/Thor/Workspace/jyjeong/Isaac-GR00T/thor_measurements/libero10_combo_trt_20260430_090849/summary.csv,cpufreq_648MHz_gpufreq_default_emcfreq_default,103.81178254421769
972000000,-1,-1,972000000,cpufreq_972MHz_gpufreq_default_emcfreq_default,972000000.0,1,710.5597308702199,11.02976,8.442144413284133,10.24192,84.463690642,1,-1,-1,923.377104872394,1,20.4672,11.05082130184502,18.50672,1,locked_combo,thor_measurements/libero10_combo_trt_20260430_090849/cpufreq_972MHz_gpufreq_default_emcfreq_default/nvtx_ranges.csv,thor_measurements/libero10_combo_trt_20260430_090849/cpufreq_972MHz_gpufreq_default_emcfreq_default/phase_metrics.csv,thor_measurements/libero10_combo_trt_20260430_090849/cpufreq_972MHz_gpufreq_default_emcfreq_default/phase_summary.csv,thor_measurements/libero10_combo_trt_20260430_090849/cpufreq_972MHz_gpufreq_default_emcfreq_default/telemetry_raw.csv,972000000,-1,-1,972000000,13550,3020.536868308342,89.418,35.884490036900374,72.71659999999999,/home/Thor/Workspace/jyjeong/Isaac-GR00T/thor_measurements/libero10_combo_trt_20260430_090849/summary.csv,cpufreq_972MHz_gpufreq_default_emcfreq_default,82.30117441891892
1242000000,-1,-1,1242000000,cpufreq_1.242GHz_gpufreq_default_emcfreq_default,1242000000.0,1,681.2700805974754,11.41904,8.620661525917297,10.63152,79.302479173,1,-1,-1,890.3756063147305,1,20.86928,11.349968013977868,19.2864,1,locked_combo,thor_measurements/libero10_combo_trt_20260430_090849/cpufreq_1.242GHz_gpufreq_default_emcfreq_default/nvtx_ranges.csv,thor_measurements/libero10_combo_trt_20260430_090849/cpufreq_1.242GHz_gpufreq_default_emcfreq_default/phase_metrics.csv,thor_measurements/libero10_combo_trt_20260430_090849/cpufreq_1.242GHz_gpufreq_default_emcfreq_default/phase_summary.csv,thor_measurements/libero10_combo_trt_20260430_090849/cpufreq_1.242GHz_gpufreq_default_emcfreq_default/telemetry_raw.csv,1242000000,-1,-1,1242000000,13736,2892.842397853318,92.92,36.552941613278975,76.54650000000001,/home/Thor/Workspace/jyjeong/Isaac-GR00T/thor_measurements/libero10_combo_trt_20260430_090849/summary.csv,cpufreq_1.242GHz_gpufreq_default_emcfreq_default,77.05929726027398
1566000000,-1,-1,1566000000,cpufreq_1.566GHz_gpufreq_default_emcfreq_default,1566000000.0,1,667.2933398174077,11.41904,8.960662450249657,11.020799999999998,74.845328076,1,-1,-1,887.9711985494467,1,21.648,12.0489635776829,19.68,1,locked_combo,thor_measurements/libero10_combo_trt_20260430_090849/cpufreq_1.566GHz_gpufreq_default_emcfreq_default/nvtx_ranges.csv,thor_measurements/libero10_combo_trt_20260430_090849/cpufreq_1.566GHz_gpufreq_default_emcfreq_default/phase_metrics.csv,thor_measurements/libero10_combo_trt_20260430_090849/cpufreq_1.566GHz_gpufreq_default_emcfreq_default/phase_summary.csv,thor_measurements/libero10_combo_trt_20260430_090849/cpufreq_1.566GHz_gpufreq_default_emcfreq_default/telemetry_raw.csv,1566000000,-1,-1,1566000000,13819,2815.926946362149,89.968,37.757189955857875,78.588,/home/Thor/Workspace/jyjeong/Isaac-GR00T/thor_measurements/libero10_combo_trt_20260430_090849/summary.csv,cpufreq_1.566GHz_gpufreq_default_emcfreq_default,73.65792805263159
1836000000,-1,-1,1836000000,cpufreq_1.836GHz_gpufreq_default_emcfreq_default,1836000000.0,1,662.871227712637,11.8224,9.313874309181578,11.4144,71.549806595,1,-1,-1,857.9413189711707,1,21.26304,12.184832619536522,19.688,1,locked_combo,thor_measurements/libero10_combo_trt_20260430_090849/cpufreq_1.836GHz_gpufreq_default_emcfreq_default/nvtx_ranges.csv,thor_measurements/libero10_combo_trt_20260430_090849/cpufreq_1.836GHz_gpufreq_default_emcfreq_default/phase_metrics.csv,thor_measurements/libero10_combo_trt_20260430_090849/cpufreq_1.836GHz_gpufreq_default_emcfreq_default/phase_summary.csv,thor_measurements/libero10_combo_trt_20260430_090849/cpufreq_1.836GHz_gpufreq_default_emcfreq_default/telemetry_raw.csv,1836000000,-1,-1,1836000000,13636,2735.7119805546804,90.65,38.41665239073042,80.0685,/home/Thor/Workspace/jyjeong/Isaac-GR00T/thor_measurements/libero10_combo_trt_20260430_090849/summary.csv,cpufreq_1.836GHz_gpufreq_default_emcfreq_default,71.88784227516778
2160000000,-1,-1,2160000000,cpufreq_2.160GHz_gpufreq_default_emcfreq_default,2160000000.0,1,648.1319627414538,13.39872,9.897374311501968,11.8128,65.723952869,1,-1,-1,812.3683399793072,1,21.648,12.521515599784,20.0736,1,locked_combo,thor_measurements/libero10_combo_trt_20260430_090849/cpufreq_2.160GHz_gpufreq_default_emcfreq_default/nvtx_ranges.csv,thor_measurements/libero10_combo_trt_20260430_090849/cpufreq_2.160GHz_gpufreq_default_emcfreq_default/phase_metrics.csv,thor_measurements/libero10_combo_trt_20260430_090849/cpufreq_2.160GHz_gpufreq_default_emcfreq_default/phase_summary.csv,thor_measurements/libero10_combo_trt_20260430_090849/cpufreq_2.160GHz_gpufreq_default_emcfreq_default/telemetry_raw.csv,2160000000,-1,-1,2160000000,12963,2582.692561433466,91.666,39.353181362338965,80.69059999999999,/home/Thor/Workspace/jyjeong/Isaac-GR00T/thor_measurements/libero10_combo_trt_20260430_090849/summary.csv,cpufreq_2.160GHz_gpufreq_default_emcfreq_default,71.21047445774647
2430000000,-1,-1,2430000000,cpufreq_2.430GHz_gpufreq_default_emcfreq_default,2430000000.0,1,699.4605007191689,14.58096,10.430169568580778,12.20656,67.369462415,1,-1,-1,845.5798870117129,1,21.6568,12.747197667360906,20.0736,1,locked_combo,thor_measurements/libero10_combo_trt_20260430_090849/cpufreq_2.430GHz_gpufreq_default_emcfreq_default/nvtx_ranges.csv,thor_measurements/libero10_combo_trt_20260430_090849/cpufreq_2.430GHz_gpufreq_default_emcfreq_default/phase_metrics.csv,thor_measurements/libero10_combo_trt_20260430_090849/cpufreq_2.430GHz_gpufreq_default_emcfreq_default/phase_summary.csv,thor_measurements/libero10_combo_trt_20260430_090849/cpufreq_2.430GHz_gpufreq_default_emcfreq_default/telemetry_raw.csv,2430000000,-1,-1,2430000000,13444,2707.432860710953,93.088,40.2434290389765,81.7979,/home/Thor/Workspace/jyjeong/Isaac-GR00T/thor_measurements/libero10_combo_trt_20260430_090849/summary.csv,cpufreq_2.430GHz_gpufreq_default_emcfreq_default,70.2605191
2601000000,-1,-1,2601000000,cpufreq_2.601GHz_gpufreq_default_emcfreq_default,2601000000.0,1,724.1055591690823,15.7568,10.8931305073214,12.9888,66.724470677,1,-1,-1,875.0520790142137,1,35.80304,13.23860104718237,20.4672,1,locked_combo,thor_measurements/libero10_combo_trt_20260430_090849/cpufreq_2.601GHz_gpufreq_default_emcfreq_default/nvtx_ranges.csv,thor_measurements/libero10_combo_trt_20260430_090849/cpufreq_2.601GHz_gpufreq_default_emcfreq_default/phase_metrics.csv,thor_measurements/libero10_combo_trt_20260430_090849/cpufreq_2.601GHz_gpufreq_default_emcfreq_default/phase_summary.csv,thor_measurements/libero10_combo_trt_20260430_090849/cpufreq_2.601GHz_gpufreq_default_emcfreq_default/telemetry_raw.csv,2601000000,-1,-1,2601000000,13522,2748.987984179863,94.96,41.17955287679337,82.8138,/home/Thor/Workspace/jyjeong/Isaac-GR00T/thor_measurements/libero10_combo_trt_20260430_090849/summary.csv,cpufreq_2.601GHz_gpufreq_default_emcfreq_default,69.42482228275863
-1,665600000,-1,-1,cpufreq_default_gpufreq_default_emcfreq_665MHz,397869941.29726815,1,1069.2348317867,13.7928,8.46811732249165,9.45792,126.993894745,1,665600000,-1,1448.4655074277423,1,35.80304,10.967384393785393,13.7872,1,locked_combo,thor_measurements/libero10_combo_trt_20260430_090849/cpufreq_default_gpufreq_default_emcfreq_665MHz/nvtx_ranges.csv,thor_measurements/libero10_combo_trt_20260430_090849/cpufreq_default_gpufreq_default_emcfreq_665MHz/phase_metrics.csv,thor_measurements/libero10_combo_trt_20260430_090849/cpufreq_default_gpufreq_default_emcfreq_665MHz/phase_summary.csv,thor_measurements/libero10_combo_trt_20260430_090849/cpufreq_default_gpufreq_default_emcfreq_665MHz/telemetry_raw.csv,-1,665600000,-1,-1,6887,4573.6788204210725,62.682,35.75369769130245,47.94,/home/Thor/Workspace/jyjeong/Isaac-GR00T/thor_measurements/libero10_combo_trt_20260430_090849/summary.csv,cpufreq_default_gpufreq_default_emcfreq_665MHz,265.68133333103447
648000000,665600000,-1,648000000,cpufreq_648MHz_gpufreq_default_emcfreq_665MHz,648000000.0,1,1182.684090598043,9.06384,7.875666600145747,8.66624,149.457362918,1,665600000,-1,1594.684986372533,1,35.80304,10.574433885307473,14.18112,1,locked_combo,thor_measurements/libero10_combo_trt_20260430_090849/cpufreq_648MHz_gpufreq_default_emcfreq_665MHz/nvtx_ranges.csv,thor_measurements/libero10_combo_trt_20260430_090849/cpufreq_648MHz_gpufreq_default_emcfreq_665MHz/phase_metrics.csv,thor_measurements/libero10_combo_trt_20260430_090849/cpufreq_648MHz_gpufreq_default_emcfreq_665MHz/phase_summary.csv,thor_measurements/libero10_combo_trt_20260430_090849/cpufreq_648MHz_gpufreq_default_emcfreq_665MHz/telemetry_raw.csv,648000000,665600000,-1,648000000,17839,5152.07036094627,61.81,34.0542160435002,47.75659999999999,/home/Thor/Workspace/jyjeong/Isaac-GR00T/thor_measurements/libero10_combo_trt_20260430_090849/summary.csv,cpufreq_648MHz_gpufreq_default_emcfreq_665MHz,260.1777768466667
972000000,665600000,-1,972000000,cpufreq_972MHz_gpufreq_default_emcfreq_665MHz,972000000.0,1,1045.811032095834,9.46176,8.026851847297523,8.67328,129.596631206,1,665600000,-1,1338.0007722903565,1,14.57504,10.11878957688223,14.18112,1,locked_combo,thor_measurements/libero10_combo_trt_20260430_090849/cpufreq_972MHz_gpufreq_default_emcfreq_665MHz/nvtx_ranges.csv,thor_measurements/libero10_combo_trt_20260430_090849/cpufreq_972MHz_gpufreq_default_emcfreq_665MHz/phase_metrics.csv,thor_measurements/libero10_combo_trt_20260430_090849/cpufreq_972MHz_gpufreq_default_emcfreq_665MHz/phase_summary.csv,thor_measurements/libero10_combo_trt_20260430_090849/cpufreq_972MHz_gpufreq_default_emcfreq_665MHz/telemetry_raw.csv,972000000,665600000,-1,972000000,17891,4459.344399231626,50.686,33.783408641216255,47.518,/home/Thor/Workspace/jyjeong/Isaac-GR00T/thor_measurements/libero10_combo_trt_20260430_090849/summary.csv,cpufreq_972MHz_gpufreq_default_emcfreq_665MHz,249.2524541347518
1242000000,665600000,-1,1242000000,cpufreq_1.242GHz_gpufreq_default_emcfreq_665MHz,1242000000.0,1,1119.7824625306712,9.852,8.266347799720727,9.06016,134.794672528,1,665600000,-1,1458.8720367141916,1,14.57504,10.620292870536606,14.18112,1,locked_combo,thor_measurements/libero10_combo_trt_20260430_090849/cpufreq_1.242GHz_gpufreq_default_emcfreq_665MHz/nvtx_ranges.csv,thor_measurements/libero10_combo_trt_20260430_090849/cpufreq_1.242GHz_gpufreq_default_emcfreq_665MHz/phase_metrics.csv,thor_measurements/libero10_combo_trt_20260430_090849/cpufreq_1.242GHz_gpufreq_default_emcfreq_665MHz/phase_summary.csv,thor_measurements/libero10_combo_trt_20260430_090849/cpufreq_1.242GHz_gpufreq_default_emcfreq_665MHz/telemetry_raw.csv,1242000000,665600000,-1,1242000000,20052,4755.9796961442535,51.436,34.654793137841615,48.146,/home/Thor/Workspace/jyjeong/Isaac-GR00T/thor_measurements/libero10_combo_trt_20260430_090849/summary.csv,cpufreq_1.242GHz_gpufreq_default_emcfreq_665MHz,245.4693606335404
1566000000,665600000,-1,1566000000,cpufreq_1.566GHz_gpufreq_default_emcfreq_665MHz,1566000000.0,1,1018.2542223656932,10.24608,8.405088162219851,9.06016,120.62794318,1,665600000,-1,1314.021350087194,1,14.57504,10.733646565635006,14.18112,1,locked_combo,thor_measurements/libero10_combo_trt_20260430_090849/cpufreq_1.566GHz_gpufreq_default_emcfreq_665MHz/nvtx_ranges.csv,thor_measurements/libero10_combo_trt_20260430_090849/cpufreq_1.566GHz_gpufreq_default_emcfreq_665MHz/phase_metrics.csv,thor_measurements/libero10_combo_trt_20260430_090849/cpufreq_1.566GHz_gpufreq_default_emcfreq_665MHz/phase_summary.csv,thor_measurements/libero10_combo_trt_20260430_090849/cpufreq_1.566GHz_gpufreq_default_emcfreq_665MHz/telemetry_raw.csv,1566000000,665600000,-1,1566000000,18740,4288.593520384883,52.914,34.906902988260406,48.350100000000005,/home/Thor/Workspace/jyjeong/Isaac-GR00T/thor_measurements/libero10_combo_trt_20260430_090849/summary.csv,cpufreq_1.566GHz_gpufreq_default_emcfreq_665MHz,243.32079683448276
1836000000,665600000,-1,1836000000,cpufreq_1.836GHz_gpufreq_default_emcfreq_665MHz,1836000000.0,1,1066.6672887228997,11.03424,8.725686400502328,9.45408,121.646025158,1,665600000,-1,1338.72771028598,1,14.57504,10.831324594212758,14.18112,1,locked_combo,thor_measurements/libero10_combo_trt_20260430_090849/cpufreq_1.836GHz_gpufreq_default_emcfreq_665MHz/nvtx_ranges.csv,thor_measurements/libero10_combo_trt_20260430_090849/cpufreq_1.836GHz_gpufreq_default_emcfreq_665MHz/phase_metrics.csv,thor_measurements/libero10_combo_trt_20260430_090849/cpufreq_1.836GHz_gpufreq_default_emcfreq_665MHz/phase_summary.csv,thor_measurements/libero10_combo_trt_20260430_090849/cpufreq_1.836GHz_gpufreq_default_emcfreq_665MHz/telemetry_raw.csv,1836000000,665600000,-1,1836000000,19111,4381.188104289702,53.556,35.309983883627226,48.506,/home/Thor/Workspace/jyjeong/Isaac-GR00T/thor_measurements/libero10_combo_trt_20260430_090849/summary.csv,cpufreq_1.836GHz_gpufreq_default_emcfreq_665MHz,242.76433682432435
2160000000,665600000,-1,2160000000,cpufreq_2.160GHz_gpufreq_default_emcfreq_665MHz,2160000000.0,1,1104.2043441197804,12.21648,9.247416981479589,9.848,118.858947348,1,665600000,-1,1334.5808931813624,1,14.57504,11.082887653739895,14.18112,1,locked_combo,thor_measurements/libero10_combo_trt_20260430_090849/cpufreq_2.160GHz_gpufreq_default_emcfreq_665MHz/nvtx_ranges.csv,thor_measurements/libero10_combo_trt_20260430_090849/cpufreq_2.160GHz_gpufreq_default_emcfreq_665MHz/phase_metrics.csv,thor_measurements/libero10_combo_trt_20260430_090849/cpufreq_2.160GHz_gpufreq_default_emcfreq_665MHz/phase_summary.csv,thor_measurements/libero10_combo_trt_20260430_090849/cpufreq_2.160GHz_gpufreq_default_emcfreq_665MHz/telemetry_raw.csv,2160000000,665600000,-1,2160000000,19546,4385.925511646576,54.898,36.24542811828507,49.0335,/home/Thor/Workspace/jyjeong/Isaac-GR00T/thor_measurements/libero10_combo_trt_20260430_090849/summary.csv,cpufreq_2.160GHz_gpufreq_default_emcfreq_665MHz,242.15800746666665
2430000000,665600000,-1,2430000000,cpufreq_2.430GHz_gpufreq_default_emcfreq_665MHz,2430000000.0,1,1103.7369835631116,13.7928,9.724049278654048,10.63584,112.966135746,1,665600000,-1,1268.7884816456133,1,14.57504,11.10497658044164,14.18112,1,locked_combo,thor_measurements/libero10_combo_trt_20260430_090849/cpufreq_2.430GHz_gpufreq_default_emcfreq_665MHz/nvtx_ranges.csv,thor_measurements/libero10_combo_trt_20260430_090849/cpufreq_2.430GHz_gpufreq_default_emcfreq_665MHz/phase_metrics.csv,thor_measurements/libero10_combo_trt_20260430_090849/cpufreq_2.430GHz_gpufreq_default_emcfreq_665MHz/phase_summary.csv,thor_measurements/libero10_combo_trt_20260430_090849/cpufreq_2.430GHz_gpufreq_default_emcfreq_665MHz/telemetry_raw.csv,2430000000,665600000,-1,2430000000,19020,4228.086151022953,55.434,36.750719453207154,50.04429999999999,/home/Thor/Workspace/jyjeong/Isaac-GR00T/thor_measurements/libero10_combo_trt_20260430_090849/summary.csv,cpufreq_2.430GHz_gpufreq_default_emcfreq_665MHz,240.93041157746478
2601000000,665600000,-1,2601000000,cpufreq_2.601GHz_gpufreq_default_emcfreq_665MHz,2601000000.0,1,1178.9904459223123,14.97504,10.198563362565514,11.02976,114.997176745,1,665600000,-1,1297.267613886684,1,14.57504,11.078537275699237,14.18112,1,locked_combo,thor_measurements/libero10_combo_trt_20260430_090849/cpufreq_2.601GHz_gpufreq_default_emcfreq_665MHz/nvtx_ranges.csv,thor_measurements/libero10_combo_trt_20260430_090849/cpufreq_2.601GHz_gpufreq_default_emcfreq_665MHz/phase_metrics.csv,thor_measurements/libero10_combo_trt_20260430_090849/cpufreq_2.601GHz_gpufreq_default_emcfreq_665MHz/phase_summary.csv,thor_measurements/libero10_combo_trt_20260430_090849/cpufreq_2.601GHz_gpufreq_default_emcfreq_665MHz/telemetry_raw.csv,2601000000,665600000,-1,2601000000,19271,4370.197036958612,56.938,37.21929271963053,50.429,/home/Thor/Workspace/jyjeong/Isaac-GR00T/thor_measurements/libero10_combo_trt_20260430_090849/summary.csv,cpufreq_2.601GHz_gpufreq_default_emcfreq_665MHz,239.7521155
-1,2750000000,-1,-1,cpufreq_default_gpufreq_default_emcfreq_2.750GHz,392887168.7922783,1,730.913642507533,13.7928,9.14910146359723,10.23776,81.244909477,1,2750000000,-1,965.5405022181534,1,19.688,12.081344952274003,17.7192,1,locked_combo,thor_measurements/libero10_combo_trt_20260430_090849/cpufreq_default_gpufreq_default_emcfreq_2.750GHz/nvtx_ranges.csv,thor_measurements/libero10_combo_trt_20260430_090849/cpufreq_default_gpufreq_default_emcfreq_2.750GHz/phase_metrics.csv,thor_measurements/libero10_combo_trt_20260430_090849/cpufreq_default_gpufreq_default_emcfreq_2.750GHz/phase_summary.csv,thor_measurements/libero10_combo_trt_20260430_090849/cpufreq_default_gpufreq_default_emcfreq_2.750GHz/telemetry_raw.csv,-1,2750000000,-1,-1,5343,3065.765495729367,83.288,39.282746022833614,71.17499999999998,/home/Thor/Workspace/jyjeong/Isaac-GR00T/thor_measurements/libero10_combo_trt_20260430_090849/summary.csv,cpufreq_default_gpufreq_default_emcfreq_2.750GHz,97.32846158783784
648000000,2750000000,-1,648000000,cpufreq_648MHz_gpufreq_default_emcfreq_2.750GHz,648000000.0,1,855.8476717547779,10.23776,8.365679170403586,9.844,102.152557514,1,2750000000,-1,1147.4781303078978,1,35.80304,11.229141692825111,18.1056,1,locked_combo,thor_measurements/libero10_combo_trt_20260430_090849/cpufreq_648MHz_gpufreq_default_emcfreq_2.750GHz/nvtx_ranges.csv,thor_measurements/libero10_combo_trt_20260430_090849/cpufreq_648MHz_gpufreq_default_emcfreq_2.750GHz/phase_metrics.csv,thor_measurements/libero10_combo_trt_20260430_090849/cpufreq_648MHz_gpufreq_default_emcfreq_2.750GHz/phase_summary.csv,thor_measurements/libero10_combo_trt_20260430_090849/cpufreq_648MHz_gpufreq_default_emcfreq_2.750GHz/telemetry_raw.csv,648000000,2750000000,-1,648000000,14272,3662.0259928644846,83.182,35.89605072869955,64.0829,/home/Thor/Workspace/jyjeong/Isaac-GR00T/thor_measurements/libero10_combo_trt_20260430_090849/summary.csv,cpufreq_648MHz_gpufreq_default_emcfreq_2.750GHz,108.58725532191781
972000000,2750000000,-1,972000000,cpufreq_972MHz_gpufreq_default_emcfreq_2.750GHz,972000000.0,1,777.74871334042,11.02976,8.698774666397904,10.24192,89.374670792,1,2750000000,-1,998.0126546431596,1,19.688,11.16933223678022,18.49168,1,locked_combo,thor_measurements/libero10_combo_trt_20260430_090849/cpufreq_972MHz_gpufreq_default_emcfreq_2.750GHz/nvtx_ranges.csv,thor_measurements/libero10_combo_trt_20260430_090849/cpufreq_972MHz_gpufreq_default_emcfreq_2.750GHz/phase_metrics.csv,thor_measurements/libero10_combo_trt_20260430_090849/cpufreq_972MHz_gpufreq_default_emcfreq_2.750GHz/phase_summary.csv,thor_measurements/libero10_combo_trt_20260430_090849/cpufreq_972MHz_gpufreq_default_emcfreq_2.750GHz/telemetry_raw.csv,972000000,2750000000,-1,972000000,14883,3258.962357890418,83.212,36.40444587784721,71.18900000000001,/home/Thor/Workspace/jyjeong/Isaac-GR00T/thor_measurements/libero10_combo_trt_20260430_090849/summary.csv,cpufreq_972MHz_gpufreq_default_emcfreq_2.750GHz,86.82765574683545
1242000000,2750000000,-1,1242000000,cpufreq_1.242GHz_gpufreq_default_emcfreq_2.750GHz,1242000000.0,1,694.0379354384094,11.02528,8.881661077097506,10.6272,78.116402808,1,2750000000,-1,903.3074756043007,1,20.47552,11.560667891156465,18.8928,1,locked_combo,thor_measurements/libero10_combo_trt_20260430_090849/cpufreq_1.242GHz_gpufreq_default_emcfreq_2.750GHz/nvtx_ranges.csv,thor_measurements/libero10_combo_trt_20260430_090849/cpufreq_1.242GHz_gpufreq_default_emcfreq_2.750GHz/phase_metrics.csv,thor_measurements/libero10_combo_trt_20260430_090849/cpufreq_1.242GHz_gpufreq_default_emcfreq_2.750GHz/phase_summary.csv,thor_measurements/libero10_combo_trt_20260430_090849/cpufreq_1.242GHz_gpufreq_default_emcfreq_2.750GHz/telemetry_raw.csv,1242000000,2750000000,-1,1242000000,14112,2905.2584777142433,86.346,37.13548724489796,72.8609,/home/Thor/Workspace/jyjeong/Isaac-GR00T/thor_measurements/libero10_combo_trt_20260430_090849/summary.csv,cpufreq_1.242GHz_gpufreq_default_emcfreq_2.750GHz,83.70168343835617
1566000000,2750000000,-1,1566000000,cpufreq_1.566GHz_gpufreq_default_emcfreq_2.750GHz,1566000000.0,1,641.3448867757647,11.41904,9.160069614287858,11.0208,70.101935215,1,2750000000,-1,841.3571292302456,1,20.86928,12.04712720396218,19.29424,1,locked_combo,thor_measurements/libero10_combo_trt_20260430_090849/cpufreq_1.566GHz_gpufreq_default_emcfreq_2.750GHz/nvtx_ranges.csv,thor_measurements/libero10_combo_trt_20260430_090849/cpufreq_1.566GHz_gpufreq_default_emcfreq_2.750GHz/phase_metrics.csv,thor_measurements/libero10_combo_trt_20260430_090849/cpufreq_1.566GHz_gpufreq_default_emcfreq_2.750GHz/phase_summary.csv,thor_measurements/libero10_combo_trt_20260430_090849/cpufreq_1.566GHz_gpufreq_default_emcfreq_2.750GHz/telemetry_raw.csv,1566000000,2750000000,-1,1566000000,13326,2672.2595331409375,88.452,38.093695482515386,74.80350000000001,/home/Thor/Workspace/jyjeong/Isaac-GR00T/thor_measurements/libero10_combo_trt_20260430_090849/summary.csv,cpufreq_1.566GHz_gpufreq_default_emcfreq_2.750GHz,80.60425780714286
1836000000,2750000000,-1,1836000000,cpufreq_1.836GHz_gpufreq_default_emcfreq_2.750GHz,1836000000.0,1,671.238167492029,11.8224,9.46713640091116,11.02528,70.866948446,1,2750000000,-1,863.4824536804246,1,20.8608,12.190821287015948,19.2864,1,locked_combo,thor_measurements/libero10_combo_trt_20260430_090849/cpufreq_1.836GHz_gpufreq_default_emcfreq_2.750GHz/nvtx_ranges.csv,thor_measurements/libero10_combo_trt_20260430_090849/cpufreq_1.836GHz_gpufreq_default_emcfreq_2.750GHz/phase_metrics.csv,thor_measurements/libero10_combo_trt_20260430_090849/cpufreq_1.836GHz_gpufreq_default_emcfreq_2.750GHz/phase_summary.csv,thor_measurements/libero10_combo_trt_20260430_090849/cpufreq_1.836GHz_gpufreq_default_emcfreq_2.750GHz/telemetry_raw.csv,1836000000,2750000000,-1,1836000000,14048,2739.9064411935997,86.966,38.47892255125284,76.3133,/home/Thor/Workspace/jyjeong/Isaac-GR00T/thor_measurements/libero10_combo_trt_20260430_090849/summary.csv,cpufreq_1.836GHz_gpufreq_default_emcfreq_2.750GHz,78.31133576551724
2160000000,2750000000,-1,2160000000,cpufreq_2.160GHz_gpufreq_default_emcfreq_2.750GHz,2160000000.0,1,698.8776780503343,13.39872,10.081938253889325,11.808,69.27297106,1,2750000000,-1,874.4717334242265,1,20.8608,12.607706369254814,19.68,1,locked_combo,thor_measurements/libero10_combo_trt_20260430_090849/cpufreq_2.160GHz_gpufreq_default_emcfreq_2.750GHz/nvtx_ranges.csv,thor_measurements/libero10_combo_trt_20260430_090849/cpufreq_2.160GHz_gpufreq_default_emcfreq_2.750GHz/phase_metrics.csv,thor_measurements/libero10_combo_trt_20260430_090849/cpufreq_2.160GHz_gpufreq_default_emcfreq_2.750GHz/phase_summary.csv,thor_measurements/libero10_combo_trt_20260430_090849/cpufreq_2.160GHz_gpufreq_default_emcfreq_2.750GHz/telemetry_raw.csv,2160000000,2750000000,-1,2160000000,14077,2764.0411855578254,85.892,39.604768771755346,77.61040000000001,/home/Thor/Workspace/jyjeong/Isaac-GR00T/thor_measurements/libero10_combo_trt_20260430_090849/summary.csv,cpufreq_2.160GHz_gpufreq_default_emcfreq_2.750GHz,77.1811771986755
2430000000,2750000000,-1,2430000000,cpufreq_2.430GHz_gpufreq_default_emcfreq_2.750GHz,2430000000.0,1,890.5188370017381,14.58096,10.84630631426082,12.2016,82.108119497,1,2750000000,-1,1130.566954367464,1,20.8608,13.799242883531804,19.68,1,locked_combo,thor_measurements/libero10_combo_trt_20260430_090849/cpufreq_2.430GHz_gpufreq_default_emcfreq_2.750GHz/nvtx_ranges.csv,thor_measurements/libero10_combo_trt_20260430_090849/cpufreq_2.430GHz_gpufreq_default_emcfreq_2.750GHz/phase_metrics.csv,thor_measurements/libero10_combo_trt_20260430_090849/cpufreq_2.430GHz_gpufreq_default_emcfreq_2.750GHz/phase_summary.csv,thor_measurements/libero10_combo_trt_20260430_090849/cpufreq_2.430GHz_gpufreq_default_emcfreq_2.750GHz/telemetry_raw.csv,2430000000,2750000000,-1,2430000000,17215,3473.603984826113,89.322,42.11857147836189,79.0332,/home/Thor/Workspace/jyjeong/Isaac-GR00T/thor_measurements/libero10_combo_trt_20260430_090849/summary.csv,cpufreq_2.430GHz_gpufreq_default_emcfreq_2.750GHz,76.75842183333333
2601000000,2750000000,-1,2601000000,cpufreq_2.601GHz_gpufreq_default_emcfreq_2.750GHz,2601000000.0,1,731.315694642591,15.7568,11.081638774982029,12.60032,66.023902998,1,2750000000,-1,838.6291604634288,1,21.2544,12.752960414090582,19.68,1,locked_combo,thor_measurements/libero10_combo_trt_20260430_090849/cpufreq_2.601GHz_gpufreq_default_emcfreq_2.750GHz/nvtx_ranges.csv,thor_measurements/libero10_combo_trt_20260430_090849/cpufreq_2.601GHz_gpufreq_default_emcfreq_2.750GHz/phase_metrics.csv,thor_measurements/libero10_combo_trt_20260430_090849/cpufreq_2.601GHz_gpufreq_default_emcfreq_2.750GHz/phase_summary.csv,thor_measurements/libero10_combo_trt_20260430_090849/cpufreq_2.601GHz_gpufreq_default_emcfreq_2.750GHz/telemetry_raw.csv,2601000000,2750000000,-1,2601000000,13910,2712.821959431887,90.902,40.97567002156721,79.0422,/home/Thor/Workspace/jyjeong/Isaac-GR00T/thor_measurements/libero10_combo_trt_20260430_090849/summary.csv,cpufreq_2.601GHz_gpufreq_default_emcfreq_2.750GHz,75.58706681944444
-1,3200000000,-1,-1,cpufreq_default_gpufreq_default_emcfreq_3.200GHz,376061560.28969544,1,892.5770528122862,13.39872,9.305821002075303,10.24608,96.945330375,1,3200000000,-1,1267.8389387345298,1,35.78848,12.842915292024903,18.1056,1,locked_combo,thor_measurements/libero10_combo_trt_20260430_090849/cpufreq_default_gpufreq_default_emcfreq_3.200GHz/nvtx_ranges.csv,thor_measurements/libero10_combo_trt_20260430_090849/cpufreq_default_gpufreq_default_emcfreq_3.200GHz/phase_metrics.csv,thor_measurements/libero10_combo_trt_20260430_090849/cpufreq_default_gpufreq_default_emcfreq_3.200GHz/phase_summary.csv,thor_measurements/libero10_combo_trt_20260430_090849/cpufreq_default_gpufreq_default_emcfreq_3.200GHz/telemetry_raw.csv,-1,3200000000,-1,-1,6746,3808.565008809718,90.13,40.31388378298251,74.20700000000001,/home/Thor/Workspace/jyjeong/Isaac-GR00T/thor_measurements/libero10_combo_trt_20260430_090849/summary.csv,cpufreq_default_gpufreq_default_emcfreq_3.200GHz,92.7130628226601
648000000,3200000000,-1,648000000,cpufreq_648MHz_gpufreq_default_emcfreq_3.200GHz,648000000.0,1,844.5297930054389,10.63152,8.41946489273985,10.2336,100.219612873,1,3200000000,-1,1079.6618859986606,1,35.80304,10.765353062679058,18.11296,1,locked_combo,thor_measurements/libero10_combo_trt_20260430_090849/cpufreq_648MHz_gpufreq_default_emcfreq_3.200GHz/nvtx_ranges.csv,thor_measurements/libero10_combo_trt_20260430_090849/cpufreq_648MHz_gpufreq_default_emcfreq_3.200GHz/phase_metrics.csv,thor_measurements/libero10_combo_trt_20260430_090849/cpufreq_648MHz_gpufreq_default_emcfreq_3.200GHz/phase_summary.csv,thor_measurements/libero10_combo_trt_20260430_090849/cpufreq_648MHz_gpufreq_default_emcfreq_3.200GHz/telemetry_raw.csv,648000000,3200000000,-1,648000000,14311,3537.7068235729985,90.714,35.3597524980784,67.41300000000001,/home/Thor/Workspace/jyjeong/Isaac-GR00T/thor_measurements/libero10_combo_trt_20260430_090849/summary.csv,cpufreq_648MHz_gpufreq_default_emcfreq_3.200GHz,103.59943574825175
972000000,3200000000,-1,972000000,cpufreq_972MHz_gpufreq_default_emcfreq_3.200GHz,972000000.0,1,740.9998874370724,11.02528,8.705042976744187,10.6272,85.05383498,1,3200000000,-1,932.9678072972002,1,20.47552,10.947607362931642,18.90048,1,locked_combo,thor_measurements/libero10_combo_trt_20260430_090849/cpufreq_972MHz_gpufreq_default_emcfreq_3.200GHz/nvtx_ranges.csv,thor_measurements/libero10_combo_trt_20260430_090849/cpufreq_972MHz_gpufreq_default_emcfreq_3.200GHz/phase_metrics.csv,thor_measurements/libero10_combo_trt_20260430_090849/cpufreq_972MHz_gpufreq_default_emcfreq_3.200GHz/phase_summary.csv,thor_measurements/libero10_combo_trt_20260430_090849/cpufreq_972MHz_gpufreq_default_emcfreq_3.200GHz/telemetry_raw.csv,972000000,3200000000,-1,972000000,14190,3080.266651482604,90.762,36.15061902748414,73.21429999999998,/home/Thor/Workspace/jyjeong/Isaac-GR00T/thor_measurements/libero10_combo_trt_20260430_090849/summary.csv,cpufreq_972MHz_gpufreq_default_emcfreq_3.200GHz,81.823771
1242000000,3200000000,-1,1242000000,cpufreq_1.242GHz_gpufreq_default_emcfreq_3.200GHz,1242000000.0,1,846.6750479391494,11.4144,9.210717879518072,10.63152,92.000508785,1,3200000000,-1,1158.4253975690212,1,20.86928,12.649091171084338,19.2864,1,locked_combo,thor_measurements/libero10_combo_trt_20260430_090849/cpufreq_1.242GHz_gpufreq_default_emcfreq_3.200GHz/nvtx_ranges.csv,thor_measurements/libero10_combo_trt_20260430_090849/cpufreq_1.242GHz_gpufreq_default_emcfreq_3.200GHz/phase_metrics.csv,thor_measurements/libero10_combo_trt_20260430_090849/cpufreq_1.242GHz_gpufreq_default_emcfreq_3.200GHz/phase_summary.csv,thor_measurements/libero10_combo_trt_20260430_090849/cpufreq_1.242GHz_gpufreq_default_emcfreq_3.200GHz/telemetry_raw.csv,1242000000,3200000000,-1,1242000000,16600,3579.591876259534,92.392,38.86912843373494,78.64620000000001,/home/Thor/Workspace/jyjeong/Isaac-GR00T/thor_measurements/libero10_combo_trt_20260430_090849/summary.csv,cpufreq_1.242GHz_gpufreq_default_emcfreq_3.200GHz,77.27845747087379
1566000000,3200000000,-1,1566000000,cpufreq_1.566GHz_gpufreq_default_emcfreq_3.200GHz,1566000000.0,1,653.5132531328468,11.42832,9.257889067759404,11.0208,70.506590139,1,3200000000,-1,855.3210513736481,1,21.648,12.115008857017417,19.68,1,locked_combo,thor_measurements/libero10_combo_trt_20260430_090849/cpufreq_1.566GHz_gpufreq_default_emcfreq_3.200GHz/nvtx_ranges.csv,thor_measurements/libero10_combo_trt_20260430_090849/cpufreq_1.566GHz_gpufreq_default_emcfreq_3.200GHz/phase_metrics.csv,thor_measurements/libero10_combo_trt_20260430_090849/cpufreq_1.566GHz_gpufreq_default_emcfreq_3.200GHz/phase_summary.csv,thor_measurements/libero10_combo_trt_20260430_090849/cpufreq_1.566GHz_gpufreq_default_emcfreq_3.200GHz/telemetry_raw.csv,1566000000,3200000000,-1,1566000000,13666,2703.7235499786057,89.916,38.19437787209132,78.382,/home/Thor/Workspace/jyjeong/Isaac-GR00T/thor_measurements/libero10_combo_trt_20260430_090849/summary.csv,cpufreq_1.566GHz_gpufreq_default_emcfreq_3.200GHz,73.9102416849315
1836000000,3200000000,-1,1836000000,cpufreq_1.836GHz_gpufreq_default_emcfreq_3.200GHz,1836000000.0,1,657.708212730866,12.21648,9.572333235724743,11.4144,68.721081684,1,3200000000,-1,836.4218944910614,1,21.2544,12.200942079062957,19.68,1,locked_combo,thor_measurements/libero10_combo_trt_20260430_090849/cpufreq_1.836GHz_gpufreq_default_emcfreq_3.200GHz/nvtx_ranges.csv,thor_measurements/libero10_combo_trt_20260430_090849/cpufreq_1.836GHz_gpufreq_default_emcfreq_3.200GHz/phase_metrics.csv,thor_measurements/libero10_combo_trt_20260430_090849/cpufreq_1.836GHz_gpufreq_default_emcfreq_3.200GHz/phase_summary.csv,thor_measurements/libero10_combo_trt_20260430_090849/cpufreq_1.836GHz_gpufreq_default_emcfreq_3.200GHz/telemetry_raw.csv,1836000000,3200000000,-1,1836000000,13660,2663.4276087469825,89.802,38.702241288433385,79.7023,/home/Thor/Workspace/jyjeong/Isaac-GR00T/thor_measurements/libero10_combo_trt_20260430_090849/summary.csv,cpufreq_1.836GHz_gpufreq_default_emcfreq_3.200GHz,72.26050105633803
2160000000,3200000000,-1,2160000000,cpufreq_2.160GHz_gpufreq_default_emcfreq_3.200GHz,2160000000.0,1,656.2994494049282,13.776,10.160040594883997,11.8128,64.564121635,1,3200000000,-1,817.8495207159898,1,21.648,12.683861499107673,20.0736,1,locked_combo,thor_measurements/libero10_combo_trt_20260430_090849/cpufreq_2.160GHz_gpufreq_default_emcfreq_3.200GHz/nvtx_ranges.csv,thor_measurements/libero10_combo_trt_20260430_090849/cpufreq_2.160GHz_gpufreq_default_emcfreq_3.200GHz/phase_metrics.csv,thor_measurements/libero10_combo_trt_20260430_090849/cpufreq_2.160GHz_gpufreq_default_emcfreq_3.200GHz/phase_summary.csv,thor_measurements/libero10_combo_trt_20260430_090849/cpufreq_2.160GHz_gpufreq_default_emcfreq_3.200GHz/telemetry_raw.csv,2160000000,3200000000,-1,2160000000,13448,2586.8072396842094,92.946,39.92459250446163,80.91120000000001,/home/Thor/Workspace/jyjeong/Isaac-GR00T/thor_measurements/libero10_combo_trt_20260430_090849/summary.csv,cpufreq_2.160GHz_gpufreq_default_emcfreq_3.200GHz,70.93147097902097
2430000000,3200000000,-1,2430000000,cpufreq_2.430GHz_gpufreq_default_emcfreq_3.200GHz,2430000000.0,1,688.7554462406897,14.57504,10.717988758478326,12.5952,64.279943136,1,3200000000,-1,826.1146557953111,1,22.05056,12.892901161899143,20.08176,1,locked_combo,thor_measurements/libero10_combo_trt_20260430_090849/cpufreq_2.430GHz_gpufreq_default_emcfreq_3.200GHz/nvtx_ranges.csv,thor_measurements/libero10_combo_trt_20260430_090849/cpufreq_2.430GHz_gpufreq_default_emcfreq_3.200GHz/phase_metrics.csv,thor_measurements/libero10_combo_trt_20260430_090849/cpufreq_2.430GHz_gpufreq_default_emcfreq_3.200GHz/phase_summary.csv,thor_measurements/libero10_combo_trt_20260430_090849/cpufreq_2.430GHz_gpufreq_default_emcfreq_3.200GHz/telemetry_raw.csv,2430000000,3200000000,-1,2430000000,13564,2630.0585225773407,94.772,40.8335942199941,82.602,/home/Thor/Workspace/jyjeong/Isaac-GR00T/thor_measurements/libero10_combo_trt_20260430_090849/summary.csv,cpufreq_2.430GHz_gpufreq_default_emcfreq_3.200GHz,69.4708280479452
2601000000,3200000000,-1,2601000000,cpufreq_2.601GHz_gpufreq_default_emcfreq_3.200GHz,2601000000.0,1,725.9212003151888,15.7504,11.134151701293042,12.9888,65.171296172,1,3200000000,-1,840.2973233205822,1,22.0416,12.911174174052013,20.0736,1,locked_combo,thor_measurements/libero10_combo_trt_20260430_090849/cpufreq_2.601GHz_gpufreq_default_emcfreq_3.200GHz/nvtx_ranges.csv,thor_measurements/libero10_combo_trt_20260430_090849/cpufreq_2.601GHz_gpufreq_default_emcfreq_3.200GHz/phase_metrics.csv,thor_measurements/libero10_combo_trt_20260430_090849/cpufreq_2.601GHz_gpufreq_default_emcfreq_3.200GHz/phase_summary.csv,thor_measurements/libero10_combo_trt_20260430_090849/cpufreq_2.601GHz_gpufreq_default_emcfreq_3.200GHz/telemetry_raw.csv,2601000000,3200000000,-1,2601000000,13766,2698.411330643929,93.876,41.21204779892489,83.11149999999999,/home/Thor/Workspace/jyjeong/Isaac-GR00T/thor_measurements/libero10_combo_trt_20260430_090849/summary.csv,cpufreq_2.601GHz_gpufreq_default_emcfreq_3.200GHz,69.10626264864864
-1,4266000000,-1,-1,cpufreq_default_gpufreq_default_emcfreq_4.266GHz,382563764.81858456,1,682.8969504035183,13.7872,9.38233924559933,10.63152,73.671702976,1,4266000000,-1,937.8490869056404,1,35.78848,13.251217267393129,18.8928,1,locked_combo,thor_measurements/libero10_combo_trt_20260430_090849/cpufreq_default_gpufreq_default_emcfreq_4.266GHz/nvtx_ranges.csv,thor_measurements/libero10_combo_trt_20260430_090849/cpufreq_default_gpufreq_default_emcfreq_4.266GHz/phase_metrics.csv,thor_measurements/libero10_combo_trt_20260430_090849/cpufreq_default_gpufreq_default_emcfreq_4.266GHz/phase_summary.csv,thor_measurements/libero10_combo_trt_20260430_090849/cpufreq_default_gpufreq_default_emcfreq_4.266GHz/telemetry_raw.csv,-1,4266000000,-1,-1,4772,2867.320828653634,99.014,41.30702766135792,80.64729999999999,/home/Thor/Workspace/jyjeong/Isaac-GR00T/thor_measurements/libero10_combo_trt_20260430_090849/summary.csv,cpufreq_default_gpufreq_default_emcfreq_4.266GHz,88.34743474100719
648000000,4266000000,-1,648000000,cpufreq_648MHz_gpufreq_default_emcfreq_4.266GHz,648000000.0,1,848.7909347583158,11.01632,8.568845436036165,10.23776,99.025193304,1,4266000000,-1,1105.8436242619262,1,35.78848,11.208865403288955,18.50672,1,locked_combo,thor_measurements/libero10_combo_trt_20260430_090849/cpufreq_648MHz_gpufreq_default_emcfreq_4.266GHz/nvtx_ranges.csv,thor_measurements/libero10_combo_trt_20260430_090849/cpufreq_648MHz_gpufreq_default_emcfreq_4.266GHz/phase_metrics.csv,thor_measurements/libero10_combo_trt_20260430_090849/cpufreq_648MHz_gpufreq_default_emcfreq_4.266GHz/phase_summary.csv,thor_measurements/libero10_combo_trt_20260430_090849/cpufreq_648MHz_gpufreq_default_emcfreq_4.266GHz/telemetry_raw.csv,648000000,4266000000,-1,648000000,14047,3569.0814374869756,96.618,36.19001523456966,72.294,/home/Thor/Workspace/jyjeong/Isaac-GR00T/thor_measurements/libero10_combo_trt_20260430_090849/summary.csv,cpufreq_648MHz_gpufreq_default_emcfreq_4.266GHz,100.63176821232877
972000000,4266000000,-1,972000000,cpufreq_972MHz_gpufreq_default_emcfreq_4.266GHz,972000000.0,1,752.751047741841,11.4144,8.93772443696064,10.63152,84.130557523,1,4266000000,-1,946.1727253095944,1,21.648,11.211198349821087,19.2864,1,locked_combo,thor_measurements/libero10_combo_trt_20260430_090849/cpufreq_972MHz_gpufreq_default_emcfreq_4.266GHz/nvtx_ranges.csv,thor_measurements/libero10_combo_trt_20260430_090849/cpufreq_972MHz_gpufreq_default_emcfreq_4.266GHz/phase_metrics.csv,thor_measurements/libero10_combo_trt_20260430_090849/cpufreq_972MHz_gpufreq_default_emcfreq_4.266GHz/phase_summary.csv,thor_measurements/libero10_combo_trt_20260430_090849/cpufreq_972MHz_gpufreq_default_emcfreq_4.266GHz/telemetry_raw.csv,972000000,4266000000,-1,972000000,14253,3108.552043039743,99.078,36.903617063074435,75.548,/home/Thor/Workspace/jyjeong/Isaac-GR00T/thor_measurements/libero10_combo_trt_20260430_090849/summary.csv,cpufreq_972MHz_gpufreq_default_emcfreq_4.266GHz,77.72490598701299
1242000000,4266000000,-1,1242000000,cpufreq_1.242GHz_gpufreq_default_emcfreq_4.266GHz,1242000000.0,1,672.3494515829035,11.41904,9.111152724838206,11.020799999999998,73.787151255,1,4266000000,-1,858.7119330967403,1,21.6568,11.630734544372537,20.0736,1,locked_combo,thor_measurements/libero10_combo_trt_20260430_090849/cpufreq_1.242GHz_gpufreq_default_emcfreq_4.266GHz/nvtx_ranges.csv,thor_measurements/libero10_combo_trt_20260430_090849/cpufreq_1.242GHz_gpufreq_default_emcfreq_4.266GHz/phase_metrics.csv,thor_measurements/libero10_combo_trt_20260430_090849/cpufreq_1.242GHz_gpufreq_default_emcfreq_4.266GHz/phase_summary.csv,thor_measurements/libero10_combo_trt_20260430_090849/cpufreq_1.242GHz_gpufreq_default_emcfreq_4.266GHz/telemetry_raw.csv,1242000000,4266000000,-1,1242000000,13443,2778.3559221199735,98.978,37.64406516402589,80.04600000000002,/home/Thor/Workspace/jyjeong/Isaac-GR00T/thor_measurements/libero10_combo_trt_20260430_090849/summary.csv,cpufreq_1.242GHz_gpufreq_default_emcfreq_4.266GHz,68.90677535416665
1566000000,4266000000,-1,1566000000,cpufreq_1.566GHz_gpufreq_default_emcfreq_4.266GHz,1566000000.0,1,663.5932872424526,11.808,9.3902931777405,11.02528,70.79018921,1,4266000000,-1,852.5730649009744,1,22.0416,12.1029328976734,19.68,1,locked_combo,thor_measurements/libero10_combo_trt_20260430_090849/cpufreq_1.566GHz_gpufreq_default_emcfreq_4.266GHz/nvtx_ranges.csv,thor_measurements/libero10_combo_trt_20260430_090849/cpufreq_1.566GHz_gpufreq_default_emcfreq_4.266GHz/phase_metrics.csv,thor_measurements/libero10_combo_trt_20260430_090849/cpufreq_1.566GHz_gpufreq_default_emcfreq_4.266GHz/phase_summary.csv,thor_measurements/libero10_combo_trt_20260430_090849/cpufreq_1.566GHz_gpufreq_default_emcfreq_4.266GHz/telemetry_raw.csv,1566000000,4266000000,-1,1566000000,13711,2721.964519534105,98.238,38.48051783239735,81.037,/home/Thor/Workspace/jyjeong/Isaac-GR00T/thor_measurements/libero10_combo_trt_20260430_090849/summary.csv,cpufreq_1.566GHz_gpufreq_default_emcfreq_4.266GHz,67.63927015753424
1836000000,4266000000,-1,1836000000,cpufreq_1.836GHz_gpufreq_default_emcfreq_4.266GHz,1836000000.0,1,650.7565273041635,12.21648,9.776994869655892,11.808,66.609735678,1,4266000000,-1,825.7011087493537,1,22.4352,12.43953513481305,20.4672,1,locked_combo,thor_measurements/libero10_combo_trt_20260430_090849/cpufreq_1.836GHz_gpufreq_default_emcfreq_4.266GHz/nvtx_ranges.csv,thor_measurements/libero10_combo_trt_20260430_090849/cpufreq_1.836GHz_gpufreq_default_emcfreq_4.266GHz/phase_metrics.csv,thor_measurements/libero10_combo_trt_20260430_090849/cpufreq_1.836GHz_gpufreq_default_emcfreq_4.266GHz/phase_summary.csv,thor_measurements/libero10_combo_trt_20260430_090849/cpufreq_1.836GHz_gpufreq_default_emcfreq_4.266GHz/telemetry_raw.csv,1836000000,4266000000,-1,1836000000,13426,2624.0577105186167,99.868,39.361682705198874,84.894,/home/Thor/Workspace/jyjeong/Isaac-GR00T/thor_measurements/libero10_combo_trt_20260430_090849/summary.csv,cpufreq_1.836GHz_gpufreq_default_emcfreq_4.266GHz,65.0345114275862
2160000000,4266000000,-1,2160000000,cpufreq_2.160GHz_gpufreq_default_emcfreq_4.266GHz,2160000000.0,1,663.1513345418142,13.7928,10.33261333133118,12.2016,64.203268631,1,4266000000,-1,812.875459368387,1,22.4352,12.702093934980104,20.4672,1,locked_combo,thor_measurements/libero10_combo_trt_20260430_090849/cpufreq_2.160GHz_gpufreq_default_emcfreq_4.266GHz/nvtx_ranges.csv,thor_measurements/libero10_combo_trt_20260430_090849/cpufreq_2.160GHz_gpufreq_default_emcfreq_4.266GHz/phase_metrics.csv,thor_measurements/libero10_combo_trt_20260430_090849/cpufreq_2.160GHz_gpufreq_default_emcfreq_4.266GHz/phase_summary.csv,thor_measurements/libero10_combo_trt_20260430_090849/cpufreq_2.160GHz_gpufreq_default_emcfreq_4.266GHz/telemetry_raw.csv,2160000000,4266000000,-1,2160000000,13319,2591.3013719554133,99.454,40.30130430212479,86.7404,/home/Thor/Workspace/jyjeong/Isaac-GR00T/thor_measurements/libero10_combo_trt_20260430_090849/summary.csv,cpufreq_2.160GHz_gpufreq_default_emcfreq_4.266GHz,63.8983144275862
2430000000,4266000000,-1,2430000000,cpufreq_2.430GHz_gpufreq_default_emcfreq_4.266GHz,2430000000.0,1,685.8556004889247,14.96896,10.891088842357163,12.60032,63.035060258,1,4266000000,-1,815.1960508737714,1,22.8288,12.98882741250374,20.4672,1,locked_combo,thor_measurements/libero10_combo_trt_20260430_090849/cpufreq_2.430GHz_gpufreq_default_emcfreq_4.266GHz/nvtx_ranges.csv,thor_measurements/libero10_combo_trt_20260430_090849/cpufreq_2.430GHz_gpufreq_default_emcfreq_4.266GHz/phase_metrics.csv,thor_measurements/libero10_combo_trt_20260430_090849/cpufreq_2.430GHz_gpufreq_default_emcfreq_4.266GHz/phase_summary.csv,thor_measurements/libero10_combo_trt_20260430_090849/cpufreq_2.430GHz_gpufreq_default_emcfreq_4.266GHz/telemetry_raw.csv,2430000000,4266000000,-1,2430000000,13372,2605.8268060749533,100.376,41.35331259347891,88.6229,/home/Thor/Workspace/jyjeong/Isaac-GR00T/thor_measurements/libero10_combo_trt_20260430_090849/summary.csv,cpufreq_2.430GHz_gpufreq_default_emcfreq_4.266GHz,62.959707367346944
2601000000,4266000000,-1,2601000000,cpufreq_2.601GHz_gpufreq_default_emcfreq_4.266GHz,2601000000.0,1,725.2936332056395,16.14416,11.456035264394831,13.3824,63.335184085,1,4266000000,-1,935.7073719162844,1,35.78848,14.901953254994124,25.9776,1,locked_combo,thor_measurements/libero10_combo_trt_20260430_090849/cpufreq_2.601GHz_gpufreq_default_emcfreq_4.266GHz/nvtx_ranges.csv,thor_measurements/libero10_combo_trt_20260430_090849/cpufreq_2.601GHz_gpufreq_default_emcfreq_4.266GHz/phase_metrics.csv,thor_measurements/libero10_combo_trt_20260430_090849/cpufreq_2.601GHz_gpufreq_default_emcfreq_4.266GHz/phase_summary.csv,thor_measurements/libero10_combo_trt_20260430_090849/cpufreq_2.601GHz_gpufreq_default_emcfreq_4.266GHz/telemetry_raw.csv,2601000000,4266000000,-1,2601000000,13616,2774.253115497883,101.686,43.75196430669801,89.369,/home/Thor/Workspace/jyjeong/Isaac-GR00T/thor_measurements/libero10_combo_trt_20260430_090849/summary.csv,cpufreq_2.601GHz_gpufreq_default_emcfreq_4.266GHz,62.31345455921052
-1,-1,504000000,-1,cpufreq_default_gpufreq_504MHz_emcfreq_default,358911397.4745571,1,823.9275507077103,13.39872,8.853034459102902,9.852,93.685236172,1,-1,504000000,932.1688716624842,1,20.08176,10.075117150395778,13.7816,1,locked_combo,thor_measurements/libero10_combo_trt_20260430_090849/cpufreq_default_gpufreq_504MHz_emcfreq_default/nvtx_ranges.csv,thor_measurements/libero10_combo_trt_20260430_090849/cpufreq_default_gpufreq_504MHz_emcfreq_default/phase_metrics.csv,thor_measurements/libero10_combo_trt_20260430_090849/cpufreq_default_gpufreq_504MHz_emcfreq_default/phase_summary.csv,thor_measurements/libero10_combo_trt_20260430_090849/cpufreq_default_gpufreq_504MHz_emcfreq_default/telemetry_raw.csv,-1,-1,504000000,-1,6064,3321.8161018279293,75.952,36.57329881266491,55.128400000000006,/home/Thor/Workspace/jyjeong/Isaac-GR00T/thor_measurements/libero10_combo_trt_20260430_090849/summary.csv,cpufreq_default_gpufreq_504MHz_emcfreq_default,138.2779096013072
648000000,-1,504000000,648000000,cpufreq_648MHz_gpufreq_504MHz_emcfreq_default,648000000.0,1,891.6646659567671,9.852,8.033125207620278,9.45024,110.995985413,1,-1,504000000,979.2153423688754,1,20.08992,8.827234190506942,14.169600000000004,1,locked_combo,thor_measurements/libero10_combo_trt_20260430_090849/cpufreq_648MHz_gpufreq_504MHz_emcfreq_default/nvtx_ranges.csv,thor_measurements/libero10_combo_trt_20260430_090849/cpufreq_648MHz_gpufreq_504MHz_emcfreq_default/phase_metrics.csv,thor_measurements/libero10_combo_trt_20260430_090849/cpufreq_648MHz_gpufreq_504MHz_emcfreq_default/phase_summary.csv,thor_measurements/libero10_combo_trt_20260430_090849/cpufreq_648MHz_gpufreq_504MHz_emcfreq_default/telemetry_raw.csv,648000000,-1,504000000,648000000,15485,3651.703367691192,76.262,33.01965786244753,52.288,/home/Thor/Workspace/jyjeong/Isaac-GR00T/thor_measurements/libero10_combo_trt_20260430_090849/summary.csv,cpufreq_648MHz_gpufreq_504MHz_emcfreq_default,133.51205963448277
972000000,-1,504000000,972000000,cpufreq_972MHz_gpufreq_504MHz_emcfreq_default,972000000.0,1,793.0554937248331,10.64016,8.254341757938334,9.84,95.731218271,1,-1,504000000,886.573896462168,1,20.08992,9.174897597791071,14.5632,1,locked_combo,thor_measurements/libero10_combo_trt_20260430_090849/cpufreq_972MHz_gpufreq_504MHz_emcfreq_default/nvtx_ranges.csv,thor_measurements/libero10_combo_trt_20260430_090849/cpufreq_972MHz_gpufreq_504MHz_emcfreq_default/phase_metrics.csv,thor_measurements/libero10_combo_trt_20260430_090849/cpufreq_972MHz_gpufreq_504MHz_emcfreq_default/phase_summary.csv,thor_measurements/libero10_combo_trt_20260430_090849/cpufreq_972MHz_gpufreq_504MHz_emcfreq_default/telemetry_raw.csv,972000000,-1,504000000,972000000,15211,3246.357872166891,75.41,33.92115810926303,55.248000000000005,/home/Thor/Workspace/jyjeong/Isaac-GR00T/thor_measurements/libero10_combo_trt_20260430_090849/summary.csv,cpufreq_972MHz_gpufreq_504MHz_emcfreq_default,123.02404870344827
1242000000,-1,504000000,1242000000,cpufreq_1.242GHz_gpufreq_504MHz_emcfreq_default,1242000000.0,1,765.1915470386567,10.64016,8.567492984924623,9.844,89.911012227,1,-1,504000000,877.6114978960879,1,20.08992,9.94079010519263,14.569119999999998,1,locked_combo,thor_measurements/libero10_combo_trt_20260430_090849/cpufreq_1.242GHz_gpufreq_504MHz_emcfreq_default/nvtx_ranges.csv,thor_measurements/libero10_combo_trt_20260430_090849/cpufreq_1.242GHz_gpufreq_504MHz_emcfreq_default/phase_metrics.csv,thor_measurements/libero10_combo_trt_20260430_090849/cpufreq_1.242GHz_gpufreq_504MHz_emcfreq_default/phase_summary.csv,thor_measurements/libero10_combo_trt_20260430_090849/cpufreq_1.242GHz_gpufreq_504MHz_emcfreq_default/telemetry_raw.csv,1242000000,-1,504000000,1242000000,14925,3140.701270443382,75.602,35.36725815745393,56.73359999999998,/home/Thor/Workspace/jyjeong/Isaac-GR00T/thor_measurements/libero10_combo_trt_20260430_090849/summary.csv,cpufreq_1.242GHz_gpufreq_504MHz_emcfreq_default,119.75894535099339
1566000000,-1,504000000,1566000000,cpufreq_1.566GHz_gpufreq_504MHz_emcfreq_default,1566000000.0,1,715.169992105493,11.03424,8.713669620670698,10.2336,81.90484724,1,-1,504000000,819.9573362591742,1,20.08992,9.909361946124244,14.9568,1,locked_combo,thor_measurements/libero10_combo_trt_20260430_090849/cpufreq_1.566GHz_gpufreq_504MHz_emcfreq_default/nvtx_ranges.csv,thor_measurements/libero10_combo_trt_20260430_090849/cpufreq_1.566GHz_gpufreq_504MHz_emcfreq_default/phase_metrics.csv,thor_measurements/libero10_combo_trt_20260430_090849/cpufreq_1.566GHz_gpufreq_504MHz_emcfreq_default/phase_summary.csv,thor_measurements/libero10_combo_trt_20260430_090849/cpufreq_1.566GHz_gpufreq_504MHz_emcfreq_default/telemetry_raw.csv,1566000000,-1,504000000,1566000000,14552,2904.437049450353,76.106,35.582694474986255,57.219000000000015,/home/Thor/Workspace/jyjeong/Isaac-GR00T/thor_measurements/libero10_combo_trt_20260430_090849/summary.csv,cpufreq_1.566GHz_gpufreq_504MHz_emcfreq_default,118.20915589583335
1836000000,-1,504000000,1836000000,cpufreq_1.836GHz_gpufreq_504MHz_emcfreq_default,1836000000.0,1,738.8166691869744,11.8224,9.007647466492315,10.23776,81.743317719,1,-1,504000000,826.4690398839416,1,20.08992,10.008609600523048,14.9568,1,locked_combo,thor_measurements/libero10_combo_trt_20260430_090849/cpufreq_1.836GHz_gpufreq_504MHz_emcfreq_default/nvtx_ranges.csv,thor_measurements/libero10_combo_trt_20260430_090849/cpufreq_1.836GHz_gpufreq_504MHz_emcfreq_default/phase_metrics.csv,thor_measurements/libero10_combo_trt_20260430_090849/cpufreq_1.836GHz_gpufreq_504MHz_emcfreq_default/phase_summary.csv,thor_measurements/libero10_combo_trt_20260430_090849/cpufreq_1.836GHz_gpufreq_504MHz_emcfreq_default/telemetry_raw.csv,1836000000,-1,504000000,1836000000,15295,2938.732370698062,76.602,36.03743066361556,57.8886,/home/Thor/Workspace/jyjeong/Isaac-GR00T/thor_measurements/libero10_combo_trt_20260430_090849/summary.csv,cpufreq_1.836GHz_gpufreq_504MHz_emcfreq_default,117.20140532876712
2160000000,-1,504000000,2160000000,cpufreq_2.160GHz_gpufreq_504MHz_emcfreq_default,2160000000.0,1,733.4352063377572,13.39872,9.508337726136594,11.020799999999998,77.009068294,1,-1,504000000,783.6829428254887,1,20.08992,10.093108683374991,14.9568,1,locked_combo,thor_measurements/libero10_combo_trt_20260430_090849/cpufreq_2.160GHz_gpufreq_504MHz_emcfreq_default/nvtx_ranges.csv,thor_measurements/libero10_combo_trt_20260430_090849/cpufreq_2.160GHz_gpufreq_504MHz_emcfreq_default/phase_metrics.csv,thor_measurements/libero10_combo_trt_20260430_090849/cpufreq_2.160GHz_gpufreq_504MHz_emcfreq_default/phase_summary.csv,thor_measurements/libero10_combo_trt_20260430_090849/cpufreq_2.160GHz_gpufreq_504MHz_emcfreq_default/telemetry_raw.csv,2160000000,-1,504000000,2160000000,14803,2812.010439701436,78.796,36.63229142741336,58.423199999999994,/home/Thor/Workspace/jyjeong/Isaac-GR00T/thor_measurements/libero10_combo_trt_20260430_090849/summary.csv,cpufreq_2.160GHz_gpufreq_504MHz_emcfreq_default,116.8011631231884
2430000000,-1,504000000,2430000000,cpufreq_2.430GHz_gpufreq_504MHz_emcfreq_default,2430000000.0,1,871.4302804468176,14.58096,10.187321592244777,11.41904,85.286942438,1,-1,504000000,921.4760923533177,1,20.08992,10.699967486216298,14.9568,1,locked_combo,thor_measurements/libero10_combo_trt_20260430_090849/cpufreq_2.430GHz_gpufreq_504MHz_emcfreq_default/nvtx_ranges.csv,thor_measurements/libero10_combo_trt_20260430_090849/cpufreq_2.430GHz_gpufreq_504MHz_emcfreq_default/phase_metrics.csv,thor_measurements/libero10_combo_trt_20260430_090849/cpufreq_2.430GHz_gpufreq_504MHz_emcfreq_default/phase_summary.csv,thor_measurements/libero10_combo_trt_20260430_090849/cpufreq_2.430GHz_gpufreq_504MHz_emcfreq_default/telemetry_raw.csv,2430000000,-1,504000000,2430000000,16505,3258.2513024417676,78.256,38.384440351408664,60.35719999999999,/home/Thor/Workspace/jyjeong/Isaac-GR00T/thor_measurements/libero10_combo_trt_20260430_090849/summary.csv,cpufreq_2.430GHz_gpufreq_504MHz_emcfreq_default,115.87464136416186
2601000000,-1,504000000,2601000000,cpufreq_2.601GHz_gpufreq_504MHz_emcfreq_default,2601000000.0,1,818.6502394165059,15.7568,10.60112230886344,12.19664,77.038428456,1,-1,504000000,818.9835927441327,1,20.08992,10.487287938041966,14.962879999999998,1,locked_combo,thor_measurements/libero10_combo_trt_20260430_090849/cpufreq_2.601GHz_gpufreq_504MHz_emcfreq_default/nvtx_ranges.csv,thor_measurements/libero10_combo_trt_20260430_090849/cpufreq_2.601GHz_gpufreq_504MHz_emcfreq_default/phase_metrics.csv,thor_measurements/libero10_combo_trt_20260430_090849/cpufreq_2.601GHz_gpufreq_504MHz_emcfreq_default/phase_summary.csv,thor_measurements/libero10_combo_trt_20260430_090849/cpufreq_2.601GHz_gpufreq_504MHz_emcfreq_default/telemetry_raw.csv,2601000000,-1,504000000,2601000000,15107,2956.605268194829,80.104,38.52522009664394,60.286,/home/Thor/Workspace/jyjeong/Isaac-GR00T/thor_measurements/libero10_combo_trt_20260430_090849/summary.csv,cpufreq_2.601GHz_gpufreq_504MHz_emcfreq_default,115.41111952666667
-1,665600000,504000000,-1,cpufreq_default_gpufreq_504MHz_emcfreq_665MHz,391198947.6678043,1,843.3914672903525,11.42832,6.470193196814562,7.493600000000001,131.033234171,1,665600000,504000000,1150.9207445305992,1,20.08992,8.666536609783845,11.03424,1,locked_combo,thor_measurements/libero10_combo_trt_20260430_090849/cpufreq_default_gpufreq_504MHz_emcfreq_665MHz/nvtx_ranges.csv,thor_measurements/libero10_combo_trt_20260430_090849/cpufreq_default_gpufreq_504MHz_emcfreq_665MHz/phase_metrics.csv,thor_measurements/libero10_combo_trt_20260430_090849/cpufreq_default_gpufreq_504MHz_emcfreq_665MHz/phase_summary.csv,thor_measurements/libero10_combo_trt_20260430_090849/cpufreq_default_gpufreq_504MHz_emcfreq_665MHz/telemetry_raw.csv,-1,665600000,504000000,-1,7032,4082.3239178315584,45.518,31.281455346985208,40.9058,/home/Thor/Workspace/jyjeong/Isaac-GR00T/thor_measurements/libero10_combo_trt_20260430_090849/summary.csv,cpufreq_default_gpufreq_504MHz_emcfreq_665MHz,291.3678127253521
648000000,665600000,504000000,648000000,cpufreq_648MHz_gpufreq_504MHz_emcfreq_665MHz,648000000.0,1,947.325517321364,7.09632,5.915996490921024,6.30528,159.428873603,1,665600000,504000000,1286.288458989885,1,20.08992,7.930293765040472,11.03424,1,locked_combo,thor_measurements/libero10_combo_trt_20260430_090849/cpufreq_648MHz_gpufreq_504MHz_emcfreq_665MHz/nvtx_ranges.csv,thor_measurements/libero10_combo_trt_20260430_090849/cpufreq_648MHz_gpufreq_504MHz_emcfreq_665MHz/phase_metrics.csv,thor_measurements/libero10_combo_trt_20260430_090849/cpufreq_648MHz_gpufreq_504MHz_emcfreq_665MHz/phase_summary.csv,thor_measurements/libero10_combo_trt_20260430_090849/cpufreq_648MHz_gpufreq_504MHz_emcfreq_665MHz/telemetry_raw.csv,648000000,665600000,504000000,648000000,18284,4710.589514501686,44.0,29.19373397506016,39.928,/home/Thor/Workspace/jyjeong/Isaac-GR00T/thor_measurements/libero10_combo_trt_20260430_090849/summary.csv,cpufreq_648MHz_gpufreq_504MHz_emcfreq_665MHz,284.776007192053
972000000,665600000,504000000,972000000,cpufreq_972MHz_gpufreq_504MHz_emcfreq_665MHz,972000000.0,1,860.6557729380604,7.49056,6.066972849204208,6.69936,141.188676391,1,665600000,504000000,1190.2184822691504,1,20.08992,8.299876868626923,11.03424,1,locked_combo,thor_measurements/libero10_combo_trt_20260430_090849/cpufreq_972MHz_gpufreq_504MHz_emcfreq_665MHz/nvtx_ranges.csv,thor_measurements/libero10_combo_trt_20260430_090849/cpufreq_972MHz_gpufreq_504MHz_emcfreq_665MHz/phase_metrics.csv,thor_measurements/libero10_combo_trt_20260430_090849/cpufreq_972MHz_gpufreq_504MHz_emcfreq_665MHz/phase_summary.csv,thor_measurements/libero10_combo_trt_20260430_090849/cpufreq_972MHz_gpufreq_504MHz_emcfreq_665MHz/telemetry_raw.csv,972000000,665600000,504000000,972000000,18535,4269.557800785316,43.35,29.888748098192607,40.654,/home/Thor/Workspace/jyjeong/Isaac-GR00T/thor_measurements/libero10_combo_trt_20260430_090849/summary.csv,cpufreq_972MHz_gpufreq_504MHz_emcfreq_665MHz,276.68822027891156
1242000000,665600000,504000000,1242000000,cpufreq_1.242GHz_gpufreq_504MHz_emcfreq_665MHz,1242000000.0,1,827.5197340791009,7.8848,6.154153321295804,6.69936,133.637209965,1,665600000,504000000,1141.5024391846628,1,20.08992,8.368314748805098,11.03424,1,locked_combo,thor_measurements/libero10_combo_trt_20260430_090849/cpufreq_1.242GHz_gpufreq_504MHz_emcfreq_665MHz/nvtx_ranges.csv,thor_measurements/libero10_combo_trt_20260430_090849/cpufreq_1.242GHz_gpufreq_504MHz_emcfreq_665MHz/phase_metrics.csv,thor_measurements/libero10_combo_trt_20260430_090849/cpufreq_1.242GHz_gpufreq_504MHz_emcfreq_665MHz/phase_summary.csv,thor_measurements/libero10_combo_trt_20260430_090849/cpufreq_1.242GHz_gpufreq_504MHz_emcfreq_665MHz/telemetry_raw.csv,1242000000,665600000,504000000,1242000000,18830,4074.579377224364,44.212,30.00778109399894,40.824,/home/Thor/Workspace/jyjeong/Isaac-GR00T/thor_measurements/libero10_combo_trt_20260430_090849/summary.csv,cpufreq_1.242GHz_gpufreq_504MHz_emcfreq_665MHz,272.346868993007
1566000000,665600000,504000000,1566000000,cpufreq_1.566GHz_gpufreq_504MHz_emcfreq_665MHz,1566000000.0,1,812.2229146576298,8.27568,6.3463777995735615,6.69936,127.304921139,1,665600000,504000000,1114.0429197632536,1,20.08992,8.604546874200427,11.03424,1,locked_combo,thor_measurements/libero10_combo_trt_20260430_090849/cpufreq_1.566GHz_gpufreq_504MHz_emcfreq_665MHz/nvtx_ranges.csv,thor_measurements/libero10_combo_trt_20260430_090849/cpufreq_1.566GHz_gpufreq_504MHz_emcfreq_665MHz/phase_metrics.csv,thor_measurements/libero10_combo_trt_20260430_090849/cpufreq_1.566GHz_gpufreq_504MHz_emcfreq_665MHz/phase_summary.csv,thor_measurements/libero10_combo_trt_20260430_090849/cpufreq_1.566GHz_gpufreq_504MHz_emcfreq_665MHz/telemetry_raw.csv,1566000000,665600000,504000000,1566000000,18760,3944.955815758815,44.862,30.51897078891258,41.2001,/home/Thor/Workspace/jyjeong/Isaac-GR00T/thor_measurements/libero10_combo_trt_20260430_090849/summary.csv,cpufreq_1.566GHz_gpufreq_504MHz_emcfreq_665MHz,269.22944432167833
1836000000,665600000,504000000,1836000000,cpufreq_1.836GHz_gpufreq_504MHz_emcfreq_665MHz,1836000000.0,1,1083.7651875748877,8.67328,6.709574346753627,7.09344,160.886574657,1,665600000,504000000,1474.116123264159,1,20.08992,9.043996862745098,11.03424,1,locked_combo,thor_measurements/libero10_combo_trt_20260430_090849/cpufreq_1.836GHz_gpufreq_504MHz_emcfreq_665MHz/nvtx_ranges.csv,thor_measurements/libero10_combo_trt_20260430_090849/cpufreq_1.836GHz_gpufreq_504MHz_emcfreq_665MHz/phase_metrics.csv,thor_measurements/libero10_combo_trt_20260430_090849/cpufreq_1.836GHz_gpufreq_504MHz_emcfreq_665MHz/phase_summary.csv,thor_measurements/libero10_combo_trt_20260430_090849/cpufreq_1.836GHz_gpufreq_504MHz_emcfreq_665MHz/telemetry_raw.csv,1836000000,665600000,504000000,1836000000,23919,5141.012574927355,45.588,31.478623186588067,41.918,/home/Thor/Workspace/jyjeong/Isaac-GR00T/thor_measurements/libero10_combo_trt_20260430_090849/summary.csv,cpufreq_1.836GHz_gpufreq_504MHz_emcfreq_665MHz,268.41928330693065
2160000000,665600000,504000000,2160000000,cpufreq_2.160GHz_gpufreq_504MHz_emcfreq_665MHz,2160000000.0,1,876.5434178847884,10.24608,7.116892543116965,7.49056,122.55435547,1,665600000,504000000,1090.039056217172,1,20.08992,8.762134805059057,11.03424,1,locked_combo,thor_measurements/libero10_combo_trt_20260430_090849/cpufreq_2.160GHz_gpufreq_504MHz_emcfreq_665MHz/nvtx_ranges.csv,thor_measurements/libero10_combo_trt_20260430_090849/cpufreq_2.160GHz_gpufreq_504MHz_emcfreq_665MHz/phase_metrics.csv,thor_measurements/libero10_combo_trt_20260430_090849/cpufreq_2.160GHz_gpufreq_504MHz_emcfreq_665MHz/phase_summary.csv,thor_measurements/libero10_combo_trt_20260430_090849/cpufreq_2.160GHz_gpufreq_504MHz_emcfreq_665MHz/telemetry_raw.csv,2160000000,665600000,504000000,2160000000,19134,3921.2182727151057,45.77,31.516979721960908,42.17149999999998,/home/Thor/Workspace/jyjeong/Isaac-GR00T/thor_measurements/libero10_combo_trt_20260430_090849/summary.csv,cpufreq_2.160GHz_gpufreq_504MHz_emcfreq_665MHz,267.8085341205674
2430000000,665600000,504000000,2430000000,cpufreq_2.430GHz_gpufreq_504MHz_emcfreq_665MHz,2430000000.0,1,1246.061294493195,11.42832,7.673637262108829,8.27568,161.685856055,1,665600000,504000000,1513.3486714286562,1,20.08992,9.264044195335858,11.03424,1,locked_combo,thor_measurements/libero10_combo_trt_20260430_090849/cpufreq_2.430GHz_gpufreq_504MHz_emcfreq_665MHz/nvtx_ranges.csv,thor_measurements/libero10_combo_trt_20260430_090849/cpufreq_2.430GHz_gpufreq_504MHz_emcfreq_665MHz/phase_metrics.csv,thor_measurements/libero10_combo_trt_20260430_090849/cpufreq_2.430GHz_gpufreq_504MHz_emcfreq_665MHz/phase_summary.csv,thor_measurements/libero10_combo_trt_20260430_090849/cpufreq_2.430GHz_gpufreq_504MHz_emcfreq_665MHz/telemetry_raw.csv,2430000000,665600000,504000000,2430000000,25085,5375.160794226373,47.546,32.78245477376919,42.9516,/home/Thor/Workspace/jyjeong/Isaac-GR00T/thor_measurements/libero10_combo_trt_20260430_090849/summary.csv,cpufreq_2.430GHz_gpufreq_504MHz_emcfreq_665MHz,267.35550991943126
2601000000,665600000,504000000,2601000000,cpufreq_2.601GHz_gpufreq_504MHz_emcfreq_665MHz,2601000000.0,1,1023.5629224759928,13.00464,8.08189828182879,8.66976,126.048835771,1,665600000,504000000,1140.2140038054356,1,20.08992,8.927174019383974,11.03424,1,locked_combo,thor_measurements/libero10_combo_trt_20260430_090849/cpufreq_2.601GHz_gpufreq_504MHz_emcfreq_665MHz/nvtx_ranges.csv,thor_measurements/libero10_combo_trt_20260430_090849/cpufreq_2.601GHz_gpufreq_504MHz_emcfreq_665MHz/phase_metrics.csv,thor_measurements/libero10_combo_trt_20260430_090849/cpufreq_2.601GHz_gpufreq_504MHz_emcfreq_665MHz/phase_summary.csv,thor_measurements/libero10_combo_trt_20260430_090849/cpufreq_2.601GHz_gpufreq_504MHz_emcfreq_665MHz/telemetry_raw.csv,2601000000,665600000,504000000,2601000000,19707,4187.853031532597,47.494,32.72970223778353,43.182,/home/Thor/Workspace/jyjeong/Isaac-GR00T/thor_measurements/libero10_combo_trt_20260430_090849/summary.csv,cpufreq_2.601GHz_gpufreq_504MHz_emcfreq_665MHz,267.12967024666665
-1,2750000000,504000000,-1,cpufreq_default_gpufreq_504MHz_emcfreq_2.750GHz,374704503.31772053,1,608.8629623009839,11.03424,6.777545273224043,7.8816,90.038790342,1,2750000000,504000000,873.9315678974676,1,20.08992,9.434704808743168,13.7816,1,locked_combo,thor_measurements/libero10_combo_trt_20260430_090849/cpufreq_default_gpufreq_504MHz_emcfreq_2.750GHz/nvtx_ranges.csv,thor_measurements/libero10_combo_trt_20260430_090849/cpufreq_default_gpufreq_504MHz_emcfreq_2.750GHz/phase_metrics.csv,thor_measurements/libero10_combo_trt_20260430_090849/cpufreq_default_gpufreq_504MHz_emcfreq_2.750GHz/phase_summary.csv,thor_measurements/libero10_combo_trt_20260430_090849/cpufreq_default_gpufreq_504MHz_emcfreq_2.750GHz/telemetry_raw.csv,-1,2750000000,504000000,-1,5856,2963.4137135237925,72.398,33.30743237704918,50.525,/home/Thor/Workspace/jyjeong/Isaac-GR00T/thor_measurements/libero10_combo_trt_20260430_090849/summary.csv,cpufreq_default_gpufreq_504MHz_emcfreq_2.750GHz,140.05343333566432
648000000,2750000000,504000000,648000000,cpufreq_648MHz_gpufreq_504MHz_emcfreq_2.750GHz,648000000.0,1,699.0595164995455,7.8816,6.257050714572999,7.48144,111.468069869,1,2750000000,504000000,968.5526458469471,1,20.08992,8.633673092907896,13.7872,1,locked_combo,thor_measurements/libero10_combo_trt_20260430_090849/cpufreq_648MHz_gpufreq_504MHz_emcfreq_2.750GHz/nvtx_ranges.csv,thor_measurements/libero10_combo_trt_20260430_090849/cpufreq_648MHz_gpufreq_504MHz_emcfreq_2.750GHz/phase_metrics.csv,thor_measurements/libero10_combo_trt_20260430_090849/cpufreq_648MHz_gpufreq_504MHz_emcfreq_2.750GHz/phase_summary.csv,thor_measurements/libero10_combo_trt_20260430_090849/cpufreq_648MHz_gpufreq_504MHz_emcfreq_2.750GHz/telemetry_raw.csv,648000000,2750000000,504000000,648000000,14918,3452.0560151440977,71.262,30.94857366939268,49.430299999999995,/home/Thor/Workspace/jyjeong/Isaac-GR00T/thor_measurements/libero10_combo_trt_20260430_090849/summary.csv,cpufreq_648MHz_gpufreq_504MHz_emcfreq_2.750GHz,138.37676714864864
972000000,2750000000,504000000,972000000,cpufreq_972MHz_gpufreq_504MHz_emcfreq_2.750GHz,972000000.0,1,640.9211231410868,8.27568,6.539845347814843,7.48448,97.821268456,1,2750000000,504000000,912.9112953806608,1,20.08992,9.305196079648306,14.18112,1,locked_combo,thor_measurements/libero10_combo_trt_20260430_090849/cpufreq_972MHz_gpufreq_504MHz_emcfreq_2.750GHz/nvtx_ranges.csv,thor_measurements/libero10_combo_trt_20260430_090849/cpufreq_972MHz_gpufreq_504MHz_emcfreq_2.750GHz/phase_metrics.csv,thor_measurements/libero10_combo_trt_20260430_090849/cpufreq_972MHz_gpufreq_504MHz_emcfreq_2.750GHz/phase_summary.csv,thor_measurements/libero10_combo_trt_20260430_090849/cpufreq_972MHz_gpufreq_504MHz_emcfreq_2.750GHz/telemetry_raw.csv,972000000,2750000000,504000000,972000000,15468,3146.879132125787,71.626,32.15901124903026,51.34439999999999,/home/Thor/Workspace/jyjeong/Isaac-GR00T/thor_measurements/libero10_combo_trt_20260430_090849/summary.csv,cpufreq_972MHz_gpufreq_504MHz_emcfreq_2.750GHz,127.27936692715232
1242000000,2750000000,504000000,1242000000,cpufreq_1.242GHz_gpufreq_504MHz_emcfreq_2.750GHz,1242000000.0,1,636.5210155394931,8.66976,6.68127115184232,7.48448,95.110630636,1,2750000000,504000000,930.8940961000584,1,20.08992,9.75739569895173,14.56912,1,locked_combo,thor_measurements/libero10_combo_trt_20260430_090849/cpufreq_1.242GHz_gpufreq_504MHz_emcfreq_2.750GHz/nvtx_ranges.csv,thor_measurements/libero10_combo_trt_20260430_090849/cpufreq_1.242GHz_gpufreq_504MHz_emcfreq_2.750GHz/phase_metrics.csv,thor_measurements/libero10_combo_trt_20260430_090849/cpufreq_1.242GHz_gpufreq_504MHz_emcfreq_2.750GHz/phase_summary.csv,thor_measurements/libero10_combo_trt_20260430_090849/cpufreq_1.242GHz_gpufreq_504MHz_emcfreq_2.750GHz/telemetry_raw.csv,1242000000,2750000000,504000000,1242000000,15931,3137.4096087837765,71.904,32.961847216119516,52.855999999999995,/home/Thor/Workspace/jyjeong/Isaac-GR00T/thor_measurements/libero10_combo_trt_20260430_090849/summary.csv,cpufreq_1.242GHz_gpufreq_504MHz_emcfreq_2.750GHz,124.00816963354036
1566000000,2750000000,504000000,1566000000,cpufreq_1.566GHz_gpufreq_504MHz_emcfreq_2.750GHz,1566000000.0,1,607.737120548189,9.06384,6.852240143715542,7.8752,88.568812081,1,2750000000,504000000,880.8815205927101,1,20.08992,9.922224706684013,14.57504,1,locked_combo,thor_measurements/libero10_combo_trt_20260430_090849/cpufreq_1.566GHz_gpufreq_504MHz_emcfreq_2.750GHz/nvtx_ranges.csv,thor_measurements/libero10_combo_trt_20260430_090849/cpufreq_1.566GHz_gpufreq_504MHz_emcfreq_2.750GHz/phase_metrics.csv,thor_measurements/libero10_combo_trt_20260430_090849/cpufreq_1.566GHz_gpufreq_504MHz_emcfreq_2.750GHz/phase_summary.csv,thor_measurements/libero10_combo_trt_20260430_090849/cpufreq_1.566GHz_gpufreq_504MHz_emcfreq_2.750GHz/telemetry_raw.csv,1566000000,2750000000,504000000,1566000000,16143,2957.6279806302405,72.754,33.381994672613516,53.80559999999999,/home/Thor/Workspace/jyjeong/Isaac-GR00T/thor_measurements/libero10_combo_trt_20260430_090849/summary.csv,cpufreq_1.566GHz_gpufreq_504MHz_emcfreq_2.750GHz,121.50294992156861
1836000000,2750000000,504000000,1836000000,cpufreq_1.836GHz_gpufreq_504MHz_emcfreq_2.750GHz,1836000000.0,1,594.1200407717614,9.852,7.172334963204168,8.26896,82.700645616,1,2750000000,504000000,829.4629184136496,1,20.08992,10.041810589384564,14.56912,1,locked_combo,thor_measurements/libero10_combo_trt_20260430_090849/cpufreq_1.836GHz_gpufreq_504MHz_emcfreq_2.750GHz/nvtx_ranges.csv,thor_measurements/libero10_combo_trt_20260430_090849/cpufreq_1.836GHz_gpufreq_504MHz_emcfreq_2.750GHz/phase_metrics.csv,thor_measurements/libero10_combo_trt_20260430_090849/cpufreq_1.836GHz_gpufreq_504MHz_emcfreq_2.750GHz/phase_summary.csv,thor_measurements/libero10_combo_trt_20260430_090849/cpufreq_1.836GHz_gpufreq_504MHz_emcfreq_2.750GHz/telemetry_raw.csv,1836000000,2750000000,504000000,1836000000,15355,2800.8936456845845,72.802,33.84957525236079,54.189800000000005,/home/Thor/Workspace/jyjeong/Isaac-GR00T/thor_measurements/libero10_combo_trt_20260430_090849/summary.csv,cpufreq_1.836GHz_gpufreq_504MHz_emcfreq_2.750GHz,120.47274788965517
2160000000,2750000000,504000000,2160000000,cpufreq_2.160GHz_gpufreq_504MHz_emcfreq_2.750GHz,2160000000.0,1,630.679931892801,11.03424,7.719988525075645,8.66272,81.59819468,1,2750000000,504000000,842.4537708948535,1,20.08992,10.330619898281078,14.56912,1,locked_combo,thor_measurements/libero10_combo_trt_20260430_090849/cpufreq_2.160GHz_gpufreq_504MHz_emcfreq_2.750GHz/nvtx_ranges.csv,thor_measurements/libero10_combo_trt_20260430_090849/cpufreq_2.160GHz_gpufreq_504MHz_emcfreq_2.750GHz/phase_metrics.csv,thor_measurements/libero10_combo_trt_20260430_090849/cpufreq_2.160GHz_gpufreq_504MHz_emcfreq_2.750GHz/phase_summary.csv,thor_measurements/libero10_combo_trt_20260430_090849/cpufreq_2.160GHz_gpufreq_504MHz_emcfreq_2.750GHz/telemetry_raw.csv,2160000000,2750000000,504000000,2160000000,15533,2842.9351381941215,73.402,34.82202111633297,55.34,/home/Thor/Workspace/jyjeong/Isaac-GR00T/thor_measurements/libero10_combo_trt_20260430_090849/summary.csv,cpufreq_2.160GHz_gpufreq_504MHz_emcfreq_2.750GHz,120.50096439333335
2430000000,2750000000,504000000,2430000000,cpufreq_2.430GHz_gpufreq_504MHz_emcfreq_2.750GHz,2430000000.0,1,671.3600200136547,12.21648,8.208277739261492,9.05648,81.75680182,1,2750000000,504000000,848.6939930769765,1,20.08992,10.41517998492841,14.56912,1,locked_combo,thor_measurements/libero10_combo_trt_20260430_090849/cpufreq_2.430GHz_gpufreq_504MHz_emcfreq_2.750GHz/nvtx_ranges.csv,thor_measurements/libero10_combo_trt_20260430_090849/cpufreq_2.430GHz_gpufreq_504MHz_emcfreq_2.750GHz/phase_metrics.csv,thor_measurements/libero10_combo_trt_20260430_090849/cpufreq_2.430GHz_gpufreq_504MHz_emcfreq_2.750GHz/phase_summary.csv,thor_measurements/libero10_combo_trt_20260430_090849/cpufreq_2.430GHz_gpufreq_504MHz_emcfreq_2.750GHz/telemetry_raw.csv,2430000000,2750000000,504000000,2430000000,15924,2895.810274573218,74.76,35.41050326551118,55.89170000000001,/home/Thor/Workspace/jyjeong/Isaac-GR00T/thor_measurements/libero10_combo_trt_20260430_090849/summary.csv,cpufreq_2.430GHz_gpufreq_504MHz_emcfreq_2.750GHz,120.18799586092715
2601000000,2750000000,504000000,2601000000,cpufreq_2.601GHz_gpufreq_504MHz_emcfreq_2.750GHz,2601000000.0,1,681.0726080433836,13.7928,8.667733969441043,9.45024,78.458176061,1,2750000000,504000000,823.9617551840566,1,20.08992,10.523985868093613,14.96288,1,locked_combo,thor_measurements/libero10_combo_trt_20260430_090849/cpufreq_2.601GHz_gpufreq_504MHz_emcfreq_2.750GHz/nvtx_ranges.csv,thor_measurements/libero10_combo_trt_20260430_090849/cpufreq_2.601GHz_gpufreq_504MHz_emcfreq_2.750GHz/phase_metrics.csv,thor_measurements/libero10_combo_trt_20260430_090849/cpufreq_2.601GHz_gpufreq_504MHz_emcfreq_2.750GHz/phase_summary.csv,thor_measurements/libero10_combo_trt_20260430_090849/cpufreq_2.601GHz_gpufreq_504MHz_emcfreq_2.750GHz/telemetry_raw.csv,2601000000,2750000000,504000000,2601000000,15511,2833.060518896458,75.006,36.109017342531104,56.584,/home/Thor/Workspace/jyjeong/Isaac-GR00T/thor_measurements/libero10_combo_trt_20260430_090849/summary.csv,cpufreq_2.601GHz_gpufreq_504MHz_emcfreq_2.750GHz,119.40529762162161
-1,3200000000,504000000,-1,cpufreq_default_gpufreq_504MHz_emcfreq_3.200GHz,387392961.0878763,1,659.7748714006457,11.42832,7.147741578496833,7.8816,93.589522968,1,3200000000,504000000,914.877866913488,1,20.08992,9.8421147885636,13.7872,1,locked_combo,thor_measurements/libero10_combo_trt_20260430_090849/cpufreq_default_gpufreq_504MHz_emcfreq_3.200GHz/nvtx_ranges.csv,thor_measurements/libero10_combo_trt_20260430_090849/cpufreq_default_gpufreq_504MHz_emcfreq_3.200GHz/phase_metrics.csv,thor_measurements/libero10_combo_trt_20260430_090849/cpufreq_default_gpufreq_504MHz_emcfreq_3.200GHz/phase_summary.csv,thor_measurements/libero10_combo_trt_20260430_090849/cpufreq_default_gpufreq_504MHz_emcfreq_3.200GHz/telemetry_raw.csv,-1,3200000000,504000000,-1,5841,3122.9124522336633,73.996,34.3354863893169,51.15,/home/Thor/Workspace/jyjeong/Isaac-GR00T/thor_measurements/libero10_combo_trt_20260430_090849/summary.csv,cpufreq_default_gpufreq_504MHz_emcfreq_3.200GHz,139.07003622818792
648000000,3200000000,504000000,648000000,cpufreq_648MHz_gpufreq_504MHz_emcfreq_3.200GHz,648000000.0,1,731.5850600128124,8.26896,6.5643950561189985,7.8752,111.199197921,1,3200000000,504000000,976.2233170621256,1,20.08992,8.720188375929682,14.1696,1,locked_combo,thor_measurements/libero10_combo_trt_20260430_090849/cpufreq_648MHz_gpufreq_504MHz_emcfreq_3.200GHz/nvtx_ranges.csv,thor_measurements/libero10_combo_trt_20260430_090849/cpufreq_648MHz_gpufreq_504MHz_emcfreq_3.200GHz/phase_metrics.csv,thor_measurements/libero10_combo_trt_20260430_090849/cpufreq_648MHz_gpufreq_504MHz_emcfreq_3.200GHz/phase_summary.csv,thor_measurements/libero10_combo_trt_20260430_090849/cpufreq_648MHz_gpufreq_504MHz_emcfreq_3.200GHz/telemetry_raw.csv,648000000,3200000000,504000000,648000000,14790,3490.7095952209133,73.172,31.355534279918864,50.2451,/home/Thor/Workspace/jyjeong/Isaac-GR00T/thor_measurements/libero10_combo_trt_20260430_090849/summary.csv,cpufreq_648MHz_gpufreq_504MHz_emcfreq_3.200GHz,136.96437921768708
972000000,3200000000,504000000,972000000,cpufreq_972MHz_gpufreq_504MHz_emcfreq_3.200GHz,972000000.0,1,643.095586908892,8.66976,6.786989803089571,7.8752,94.540648345,1,3200000000,504000000,874.7744675160925,1,20.08992,9.205481604455349,14.17536,1,locked_combo,thor_measurements/libero10_combo_trt_20260430_090849/cpufreq_972MHz_gpufreq_504MHz_emcfreq_3.200GHz/nvtx_ranges.csv,thor_measurements/libero10_combo_trt_20260430_090849/cpufreq_972MHz_gpufreq_504MHz_emcfreq_3.200GHz/phase_metrics.csv,thor_measurements/libero10_combo_trt_20260430_090849/cpufreq_972MHz_gpufreq_504MHz_emcfreq_3.200GHz/phase_summary.csv,thor_measurements/libero10_combo_trt_20260430_090849/cpufreq_972MHz_gpufreq_504MHz_emcfreq_3.200GHz/telemetry_raw.csv,972000000,3200000000,504000000,972000000,15083,3062.2530632088706,73.324,32.37085433932242,51.8494,/home/Thor/Workspace/jyjeong/Isaac-GR00T/thor_measurements/libero10_combo_trt_20260430_090849/summary.csv,cpufreq_972MHz_gpufreq_504MHz_emcfreq_3.200GHz,126.94209152112677
1242000000,3200000000,504000000,1242000000,cpufreq_1.242GHz_gpufreq_504MHz_emcfreq_3.200GHz,1242000000.0,1,605.5734043668524,9.06384,6.9497923095526,7.8784,86.936413236,1,3200000000,504000000,833.1298471778915,1,20.08992,9.534898970845088,14.56912,1,locked_combo,thor_measurements/libero10_combo_trt_20260430_090849/cpufreq_1.242GHz_gpufreq_504MHz_emcfreq_3.200GHz/nvtx_ranges.csv,thor_measurements/libero10_combo_trt_20260430_090849/cpufreq_1.242GHz_gpufreq_504MHz_emcfreq_3.200GHz/phase_metrics.csv,thor_measurements/libero10_combo_trt_20260430_090849/cpufreq_1.242GHz_gpufreq_504MHz_emcfreq_3.200GHz/phase_summary.csv,thor_measurements/libero10_combo_trt_20260430_090849/cpufreq_1.242GHz_gpufreq_504MHz_emcfreq_3.200GHz/telemetry_raw.csv,1242000000,3200000000,504000000,1242000000,14886,2876.820014621684,73.602,33.03676622329706,53.662,/home/Thor/Workspace/jyjeong/Isaac-GR00T/thor_measurements/libero10_combo_trt_20260430_090849/summary.csv,cpufreq_1.242GHz_gpufreq_504MHz_emcfreq_3.200GHz,123.15342363571428
1566000000,3200000000,504000000,1566000000,cpufreq_1.566GHz_gpufreq_504MHz_emcfreq_3.200GHz,1566000000.0,1,625.147827082851,9.45792,7.237636785622594,8.26896,86.250434933,1,3200000000,504000000,874.9501049447307,1,20.08992,10.1210359127086,14.56912,1,locked_combo,thor_measurements/libero10_combo_trt_20260430_090849/cpufreq_1.566GHz_gpufreq_504MHz_emcfreq_3.200GHz/nvtx_ranges.csv,thor_measurements/libero10_combo_trt_20260430_090849/cpufreq_1.566GHz_gpufreq_504MHz_emcfreq_3.200GHz/phase_metrics.csv,thor_measurements/libero10_combo_trt_20260430_090849/cpufreq_1.566GHz_gpufreq_504MHz_emcfreq_3.200GHz/phase_summary.csv,thor_measurements/libero10_combo_trt_20260430_090849/cpufreq_1.566GHz_gpufreq_504MHz_emcfreq_3.200GHz/telemetry_raw.csv,1566000000,3200000000,504000000,1566000000,15580,2945.378282942638,74.106,34.14221758664955,54.7882,/home/Thor/Workspace/jyjeong/Isaac-GR00T/thor_measurements/libero10_combo_trt_20260430_090849/summary.csv,cpufreq_1.566GHz_gpufreq_504MHz_emcfreq_3.200GHz,120.2614676516129
1836000000,3200000000,504000000,1836000000,cpufreq_1.836GHz_gpufreq_504MHz_emcfreq_3.200GHz,1836000000.0,1,776.9782946516069,10.24608,7.659686957984961,8.66272,101.294143579,1,3200000000,504000000,1097.4199905961063,1,20.08992,10.80883684282484,14.569119999999998,1,locked_combo,thor_measurements/libero10_combo_trt_20260430_090849/cpufreq_1.836GHz_gpufreq_504MHz_emcfreq_3.200GHz/nvtx_ranges.csv,thor_measurements/libero10_combo_trt_20260430_090849/cpufreq_1.836GHz_gpufreq_504MHz_emcfreq_3.200GHz/phase_metrics.csv,thor_measurements/libero10_combo_trt_20260430_090849/cpufreq_1.836GHz_gpufreq_504MHz_emcfreq_3.200GHz/phase_summary.csv,thor_measurements/libero10_combo_trt_20260430_090849/cpufreq_1.836GHz_gpufreq_504MHz_emcfreq_3.200GHz/telemetry_raw.csv,1836000000,3200000000,504000000,1836000000,19017,3605.095550816902,74.258,35.58342935268444,55.86040000000001,/home/Thor/Workspace/jyjeong/Isaac-GR00T/thor_measurements/libero10_combo_trt_20260430_090849/summary.csv,cpufreq_1.836GHz_gpufreq_504MHz_emcfreq_3.200GHz,120.02443252403847
2160000000,3200000000,504000000,2160000000,cpufreq_2.160GHz_gpufreq_504MHz_emcfreq_3.200GHz,2160000000.0,1,637.8592028352294,11.42832,8.03666762688434,9.05648,79.318216102,1,3200000000,504000000,819.9002709252763,1,20.08992,10.344377328681457,14.96288,1,locked_combo,thor_measurements/libero10_combo_trt_20260430_090849/cpufreq_2.160GHz_gpufreq_504MHz_emcfreq_3.200GHz/nvtx_ranges.csv,thor_measurements/libero10_combo_trt_20260430_090849/cpufreq_2.160GHz_gpufreq_504MHz_emcfreq_3.200GHz/phase_metrics.csv,thor_measurements/libero10_combo_trt_20260430_090849/cpufreq_2.160GHz_gpufreq_504MHz_emcfreq_3.200GHz/phase_summary.csv,thor_measurements/libero10_combo_trt_20260430_090849/cpufreq_2.160GHz_gpufreq_504MHz_emcfreq_3.200GHz/telemetry_raw.csv,2160000000,3200000000,504000000,2160000000,15191,2797.070431534224,75.182,35.26200908432625,55.923,/home/Thor/Workspace/jyjeong/Isaac-GR00T/thor_measurements/libero10_combo_trt_20260430_090849/summary.csv,cpufreq_2.160GHz_gpufreq_504MHz_emcfreq_3.200GHz,119.34244311643836
2430000000,3200000000,504000000,2430000000,cpufreq_2.430GHz_gpufreq_504MHz_emcfreq_3.200GHz,2430000000.0,1,671.1236230268128,12.61056,8.519747149297952,9.45024,78.660778147,1,3200000000,504000000,820.947139626751,1,20.08992,10.441133716346773,14.96288,1,locked_combo,thor_measurements/libero10_combo_trt_20260430_090849/cpufreq_2.430GHz_gpufreq_504MHz_emcfreq_3.200GHz/nvtx_ranges.csv,thor_measurements/libero10_combo_trt_20260430_090849/cpufreq_2.430GHz_gpufreq_504MHz_emcfreq_3.200GHz/phase_metrics.csv,thor_measurements/libero10_combo_trt_20260430_090849/cpufreq_2.430GHz_gpufreq_504MHz_emcfreq_3.200GHz/phase_summary.csv,thor_measurements/libero10_combo_trt_20260430_090849/cpufreq_2.430GHz_gpufreq_504MHz_emcfreq_3.200GHz/telemetry_raw.csv,2430000000,3200000000,504000000,2430000000,15526,2827.5911372727046,75.898,35.92570462450084,56.687,/home/Thor/Workspace/jyjeong/Isaac-GR00T/thor_measurements/libero10_combo_trt_20260430_090849/summary.csv,cpufreq_2.430GHz_gpufreq_504MHz_emcfreq_3.200GHz,118.82386849659865
2601000000,3200000000,504000000,2601000000,cpufreq_2.601GHz_gpufreq_504MHz_emcfreq_3.200GHz,2601000000.0,1,908.3629015429758,14.18112,9.111279841229454,9.844,99.600433539,1,3200000000,504000000,1107.6495393569965,1,20.08992,11.12373977100402,14.9568,1,locked_combo,thor_measurements/libero10_combo_trt_20260430_090849/cpufreq_2.601GHz_gpufreq_504MHz_emcfreq_3.200GHz/nvtx_ranges.csv,thor_measurements/libero10_combo_trt_20260430_090849/cpufreq_2.601GHz_gpufreq_504MHz_emcfreq_3.200GHz/phase_metrics.csv,thor_measurements/libero10_combo_trt_20260430_090849/cpufreq_2.601GHz_gpufreq_504MHz_emcfreq_3.200GHz/phase_summary.csv,thor_measurements/libero10_combo_trt_20260430_090849/cpufreq_2.601GHz_gpufreq_504MHz_emcfreq_3.200GHz/telemetry_raw.csv,2601000000,3200000000,504000000,2601000000,19651,3740.800081654984,77.076,37.544811765304566,58.274,/home/Thor/Workspace/jyjeong/Isaac-GR00T/thor_measurements/libero10_combo_trt_20260430_090849/summary.csv,cpufreq_2.601GHz_gpufreq_504MHz_emcfreq_3.200GHz,118.41353261502347
-1,4266000000,504000000,-1,cpufreq_default_gpufreq_504MHz_emcfreq_4.266GHz,359957887.26449484,1,857.7219161998423,11.03424,7.353856696212731,8.27568,117.675293354,1,4266000000,504000000,1204.818851704786,1,20.08992,10.128443147998926,13.7816,1,locked_combo,thor_measurements/libero10_combo_trt_20260430_090849/cpufreq_default_gpufreq_504MHz_emcfreq_4.266GHz/nvtx_ranges.csv,thor_measurements/libero10_combo_trt_20260430_090849/cpufreq_default_gpufreq_504MHz_emcfreq_4.266GHz/phase_metrics.csv,thor_measurements/libero10_combo_trt_20260430_090849/cpufreq_default_gpufreq_504MHz_emcfreq_4.266GHz/phase_summary.csv,thor_measurements/libero10_combo_trt_20260430_090849/cpufreq_default_gpufreq_504MHz_emcfreq_4.266GHz/telemetry_raw.csv,-1,4266000000,504000000,-1,7446,4066.768221561424,74.792,35.37886757990868,55.6455,/home/Thor/Workspace/jyjeong/Isaac-GR00T/thor_measurements/libero10_combo_trt_20260430_090849/summary.csv,cpufreq_default_gpufreq_504MHz_emcfreq_4.266GHz,140.15328078095237
648000000,4266000000,504000000,648000000,cpufreq_648MHz_gpufreq_504MHz_emcfreq_4.266GHz,648000000.0,1,746.4377306947417,8.27568,6.73101727278807,7.8752,110.651496664,1,4266000000,504000000,960.3630172232788,1,20.08992,8.634105509262355,13.7872,1,locked_combo,thor_measurements/libero10_combo_trt_20260430_090849/cpufreq_648MHz_gpufreq_504MHz_emcfreq_4.266GHz/nvtx_ranges.csv,thor_measurements/libero10_combo_trt_20260430_090849/cpufreq_648MHz_gpufreq_504MHz_emcfreq_4.266GHz/phase_metrics.csv,thor_measurements/libero10_combo_trt_20260430_090849/cpufreq_648MHz_gpufreq_504MHz_emcfreq_4.266GHz/phase_summary.csv,thor_measurements/libero10_combo_trt_20260430_090849/cpufreq_648MHz_gpufreq_504MHz_emcfreq_4.266GHz/telemetry_raw.csv,648000000,4266000000,504000000,648000000,14953,3508.2601891411605,74.31,31.73125754029292,50.9376,/home/Thor/Workspace/jyjeong/Isaac-GR00T/thor_measurements/libero10_combo_trt_20260430_090849/summary.csv,cpufreq_648MHz_gpufreq_504MHz_emcfreq_4.266GHz,136.48918997260273
972000000,4266000000,504000000,972000000,cpufreq_972MHz_gpufreq_504MHz_emcfreq_4.266GHz,972000000.0,1,662.2863486621111,9.06384,7.00040791476408,8.26896,94.472134683,1,4266000000,504000000,884.9536292055536,1,20.08992,9.356499217788366,14.56912,1,locked_combo,thor_measurements/libero10_combo_trt_20260430_090849/cpufreq_972MHz_gpufreq_504MHz_emcfreq_4.266GHz/nvtx_ranges.csv,thor_measurements/libero10_combo_trt_20260430_090849/cpufreq_972MHz_gpufreq_504MHz_emcfreq_4.266GHz/phase_metrics.csv,thor_measurements/libero10_combo_trt_20260430_090849/cpufreq_972MHz_gpufreq_504MHz_emcfreq_4.266GHz/phase_summary.csv,thor_measurements/libero10_combo_trt_20260430_090849/cpufreq_972MHz_gpufreq_504MHz_emcfreq_4.266GHz/telemetry_raw.csv,972000000,4266000000,504000000,972000000,15111,3118.442198877617,74.872,33.03289008007412,52.623999999999995,/home/Thor/Workspace/jyjeong/Isaac-GR00T/thor_measurements/libero10_combo_trt_20260430_090849/summary.csv,cpufreq_972MHz_gpufreq_504MHz_emcfreq_4.266GHz,126.41211693835618
1242000000,4266000000,504000000,1242000000,cpufreq_1.242GHz_gpufreq_504MHz_emcfreq_4.266GHz,1242000000.0,1,630.4603564622705,9.06384,7.169881776531089,8.26896,87.771076711,1,4266000000,504000000,852.952752251608,1,20.08992,9.672149997996392,14.56912,1,locked_combo,thor_measurements/libero10_combo_trt_20260430_090849/cpufreq_1.242GHz_gpufreq_504MHz_emcfreq_4.266GHz/nvtx_ranges.csv,thor_measurements/libero10_combo_trt_20260430_090849/cpufreq_1.242GHz_gpufreq_504MHz_emcfreq_4.266GHz/phase_metrics.csv,thor_measurements/libero10_combo_trt_20260430_090849/cpufreq_1.242GHz_gpufreq_504MHz_emcfreq_4.266GHz/phase_summary.csv,thor_measurements/libero10_combo_trt_20260430_090849/cpufreq_1.242GHz_gpufreq_504MHz_emcfreq_4.266GHz/telemetry_raw.csv,1242000000,4266000000,504000000,1242000000,14973,2957.594931224882,75.444,33.59717878848594,54.172799999999995,/home/Thor/Workspace/jyjeong/Isaac-GR00T/thor_measurements/libero10_combo_trt_20260430_090849/summary.csv,cpufreq_1.242GHz_gpufreq_504MHz_emcfreq_4.266GHz,122.90740670344826
1566000000,4266000000,504000000,1566000000,cpufreq_1.566GHz_gpufreq_504MHz_emcfreq_4.266GHz,1566000000.0,1,620.479822895594,9.45792,7.359251651244624,8.26896,84.193520654,1,4266000000,504000000,838.4370659741181,1,20.08992,9.94390800990486,14.56912,1,locked_combo,thor_measurements/libero10_combo_trt_20260430_090849/cpufreq_1.566GHz_gpufreq_504MHz_emcfreq_4.266GHz/nvtx_ranges.csv,thor_measurements/libero10_combo_trt_20260430_090849/cpufreq_1.566GHz_gpufreq_504MHz_emcfreq_4.266GHz/phase_metrics.csv,thor_measurements/libero10_combo_trt_20260430_090849/cpufreq_1.566GHz_gpufreq_504MHz_emcfreq_4.266GHz/phase_summary.csv,thor_measurements/libero10_combo_trt_20260430_090849/cpufreq_1.566GHz_gpufreq_504MHz_emcfreq_4.266GHz/telemetry_raw.csv,1566000000,4266000000,504000000,1566000000,15346,2881.5261885833097,74.874,34.198942916720966,55.1525,/home/Thor/Workspace/jyjeong/Isaac-GR00T/thor_measurements/libero10_combo_trt_20260430_090849/summary.csv,cpufreq_1.566GHz_gpufreq_504MHz_emcfreq_4.266GHz,120.0134441862069
1836000000,4266000000,504000000,1836000000,cpufreq_1.836GHz_gpufreq_504MHz_emcfreq_4.266GHz,1836000000.0,1,632.213738048161,10.24608,7.714886337357259,8.66272,81.928956573,1,4266000000,504000000,829.010497474481,1,20.08992,10.143807540619902,14.9568,1,locked_combo,thor_measurements/libero10_combo_trt_20260430_090849/cpufreq_1.836GHz_gpufreq_504MHz_emcfreq_4.266GHz/nvtx_ranges.csv,thor_measurements/libero10_combo_trt_20260430_090849/cpufreq_1.836GHz_gpufreq_504MHz_emcfreq_4.266GHz/phase_metrics.csv,thor_measurements/libero10_combo_trt_20260430_090849/cpufreq_1.836GHz_gpufreq_504MHz_emcfreq_4.266GHz/phase_summary.csv,thor_measurements/libero10_combo_trt_20260430_090849/cpufreq_1.836GHz_gpufreq_504MHz_emcfreq_4.266GHz/telemetry_raw.csv,1836000000,4266000000,504000000,1836000000,15325,2853.3521450153125,76.238,34.9124122675367,55.91879999999999,/home/Thor/Workspace/jyjeong/Isaac-GR00T/thor_measurements/libero10_combo_trt_20260430_090849/summary.csv,cpufreq_1.836GHz_gpufreq_504MHz_emcfreq_4.266GHz,119.31087324137931
2160000000,4266000000,504000000,2160000000,cpufreq_2.160GHz_gpufreq_504MHz_emcfreq_4.266GHz,2160000000.0,1,643.3245628872934,11.8224,8.235209659232128,9.4464,78.054369243,1,4266000000,504000000,811.3044198748552,1,20.08992,10.40596605664203,14.9568,1,locked_combo,thor_measurements/libero10_combo_trt_20260430_090849/cpufreq_2.160GHz_gpufreq_504MHz_emcfreq_4.266GHz/nvtx_ranges.csv,thor_measurements/libero10_combo_trt_20260430_090849/cpufreq_2.160GHz_gpufreq_504MHz_emcfreq_4.266GHz/phase_metrics.csv,thor_measurements/libero10_combo_trt_20260430_090849/cpufreq_2.160GHz_gpufreq_504MHz_emcfreq_4.266GHz/phase_summary.csv,thor_measurements/libero10_combo_trt_20260430_090849/cpufreq_2.160GHz_gpufreq_504MHz_emcfreq_4.266GHz/telemetry_raw.csv,2160000000,4266000000,504000000,2160000000,15289,2792.9502622933965,76.086,35.8045488913598,56.74000000000001,/home/Thor/Workspace/jyjeong/Isaac-GR00T/thor_measurements/libero10_combo_trt_20260430_090849/summary.csv,cpufreq_2.160GHz_gpufreq_504MHz_emcfreq_4.266GHz,118.4791032
2430000000,4266000000,504000000,2430000000,cpufreq_2.430GHz_gpufreq_504MHz_emcfreq_4.266GHz,2430000000.0,1,664.2240582674717,13.00464,8.683036538486908,9.84,76.453821823,1,4266000000,504000000,792.3203317020552,1,20.08992,10.361613561110744,14.9568,1,locked_combo,thor_measurements/libero10_combo_trt_20260430_090849/cpufreq_2.430GHz_gpufreq_504MHz_emcfreq_4.266GHz/nvtx_ranges.csv,thor_measurements/libero10_combo_trt_20260430_090849/cpufreq_2.430GHz_gpufreq_504MHz_emcfreq_4.266GHz/phase_metrics.csv,thor_measurements/libero10_combo_trt_20260430_090849/cpufreq_2.430GHz_gpufreq_504MHz_emcfreq_4.266GHz/phase_summary.csv,thor_measurements/libero10_combo_trt_20260430_090849/cpufreq_2.430GHz_gpufreq_504MHz_emcfreq_4.266GHz/telemetry_raw.csv,2430000000,4266000000,504000000,2430000000,15161,2768.2392257782826,76.952,36.2018232306576,57.23,/home/Thor/Workspace/jyjeong/Isaac-GR00T/thor_measurements/libero10_combo_trt_20260430_090849/summary.csv,cpufreq_2.430GHz_gpufreq_504MHz_emcfreq_4.266GHz,118.27518945
2601000000,4266000000,504000000,2601000000,cpufreq_2.601GHz_gpufreq_504MHz_emcfreq_4.266GHz,2601000000.0,1,700.4889378776634,13.7872,9.160841205394592,10.237759999999998,76.374174954,1,4266000000,504000000,799.013146715113,1,20.08992,10.479135440407822,14.9568,1,locked_combo,thor_measurements/libero10_combo_trt_20260430_090849/cpufreq_2.601GHz_gpufreq_504MHz_emcfreq_4.266GHz/nvtx_ranges.csv,thor_measurements/libero10_combo_trt_20260430_090849/cpufreq_2.601GHz_gpufreq_504MHz_emcfreq_4.266GHz/phase_metrics.csv,thor_measurements/libero10_combo_trt_20260430_090849/cpufreq_2.601GHz_gpufreq_504MHz_emcfreq_4.266GHz/phase_summary.csv,thor_measurements/libero10_combo_trt_20260430_090849/cpufreq_2.601GHz_gpufreq_504MHz_emcfreq_4.266GHz/telemetry_raw.csv,2601000000,4266000000,504000000,2601000000,15497,2815.6523586275707,77.552,36.87162341098277,57.837600000000016,/home/Thor/Workspace/jyjeong/Isaac-GR00T/thor_measurements/libero10_combo_trt_20260430_090849/summary.csv,cpufreq_2.601GHz_gpufreq_504MHz_emcfreq_4.266GHz,118.5091063028169
-1,-1,702000000,-1,cpufreq_default_gpufreq_702MHz_emcfreq_default,411649621.44718874,1,741.2386380675144,13.00464,8.823064298870547,9.852,84.596922193,1,-1,702000000,878.5406332926016,1,22.83808,9.980823242397914,14.9568,1,locked_combo,thor_measurements/libero10_combo_trt_20260430_090849/cpufreq_default_gpufreq_702MHz_emcfreq_default/nvtx_ranges.csv,thor_measurements/libero10_combo_trt_20260430_090849/cpufreq_default_gpufreq_702MHz_emcfreq_default/phase_metrics.csv,thor_measurements/libero10_combo_trt_20260430_090849/cpufreq_default_gpufreq_702MHz_emcfreq_default/phase_summary.csv,thor_measurements/libero10_combo_trt_20260430_090849/cpufreq_default_gpufreq_702MHz_emcfreq_default/telemetry_raw.csv,-1,-1,702000000,-1,5755,3034.5995764401073,79.644,36.1185122502172,59.494600000000005,/home/Thor/Workspace/jyjeong/Isaac-GR00T/thor_measurements/libero10_combo_trt_20260430_090849/summary.csv,cpufreq_default_gpufreq_702MHz_emcfreq_default,118.54710383216783
648000000,-1,702000000,648000000,cpufreq_648MHz_gpufreq_702MHz_emcfreq_default,648000000.0,1,858.4345525956269,10.23776,8.079462610595304,9.84,106.262549858,1,-1,702000000,983.114164933928,1,22.84736,9.25164018569088,15.3504,1,locked_combo,thor_measurements/libero10_combo_trt_20260430_090849/cpufreq_648MHz_gpufreq_702MHz_emcfreq_default/nvtx_ranges.csv,thor_measurements/libero10_combo_trt_20260430_090849/cpufreq_648MHz_gpufreq_702MHz_emcfreq_default/phase_metrics.csv,thor_measurements/libero10_combo_trt_20260430_090849/cpufreq_648MHz_gpufreq_702MHz_emcfreq_default/phase_summary.csv,thor_measurements/libero10_combo_trt_20260430_090849/cpufreq_648MHz_gpufreq_702MHz_emcfreq_default/telemetry_raw.csv,648000000,-1,702000000,648000000,14648,3548.943465115,79.64,33.45011878754779,58.3833,/home/Thor/Workspace/jyjeong/Isaac-GR00T/thor_measurements/libero10_combo_trt_20260430_090849/summary.csv,cpufreq_648MHz_gpufreq_702MHz_emcfreq_default,115.58225135135136
972000000,-1,702000000,972000000,cpufreq_972MHz_gpufreq_702MHz_emcfreq_default,972000000.0,1,907.4693421498196,10.62288,8.588398134775277,10.2336,105.7405197,1,-1,702000000,1112.1999307237054,1,22.84736,10.53878477585906,15.744,1,locked_combo,thor_measurements/libero10_combo_trt_20260430_090849/cpufreq_972MHz_gpufreq_702MHz_emcfreq_default/nvtx_ranges.csv,thor_measurements/libero10_combo_trt_20260430_090849/cpufreq_972MHz_gpufreq_702MHz_emcfreq_default/phase_metrics.csv,thor_measurements/libero10_combo_trt_20260430_090849/cpufreq_972MHz_gpufreq_702MHz_emcfreq_default/phase_summary.csv,thor_measurements/libero10_combo_trt_20260430_090849/cpufreq_972MHz_gpufreq_702MHz_emcfreq_default/telemetry_raw.csv,972000000,-1,702000000,972000000,17199,3788.4690384125984,79.854,35.840650502936214,62.4028,/home/Thor/Workspace/jyjeong/Isaac-GR00T/thor_measurements/libero10_combo_trt_20260430_090849/summary.csv,cpufreq_972MHz_gpufreq_702MHz_emcfreq_default,103.66929187437186
1242000000,-1,702000000,1242000000,cpufreq_1.242GHz_gpufreq_702MHz_emcfreq_default,1242000000.0,1,718.0495042710472,10.64016,8.583202915176463,10.2336,83.844538887,1,-1,702000000,854.596994227113,1,22.84736,10.246785321546664,16.1376,1,locked_combo,thor_measurements/libero10_combo_trt_20260430_090849/cpufreq_1.242GHz_gpufreq_702MHz_emcfreq_default/nvtx_ranges.csv,thor_measurements/libero10_combo_trt_20260430_090849/cpufreq_1.242GHz_gpufreq_702MHz_emcfreq_default/phase_metrics.csv,thor_measurements/libero10_combo_trt_20260430_090849/cpufreq_1.242GHz_gpufreq_702MHz_emcfreq_default/phase_summary.csv,thor_measurements/libero10_combo_trt_20260430_090849/cpufreq_1.242GHz_gpufreq_702MHz_emcfreq_default/telemetry_raw.csv,1242000000,-1,702000000,1242000000,14819,2966.6218791844844,79.382,35.422217153654096,63.3092,/home/Thor/Workspace/jyjeong/Isaac-GR00T/thor_measurements/libero10_combo_trt_20260430_090849/summary.csv,cpufreq_1.242GHz_gpufreq_702MHz_emcfreq_default,99.31208836986302
1566000000,-1,702000000,1566000000,cpufreq_1.566GHz_gpufreq_702MHz_emcfreq_default,1566000000.0,1,714.4959798558743,11.03424,8.865157754843864,10.6272,80.730163606,1,-1,702000000,859.7004321969399,1,22.84736,10.680636793395031,16.1376,1,locked_combo,thor_measurements/libero10_combo_trt_20260430_090849/cpufreq_1.566GHz_gpufreq_702MHz_emcfreq_default/nvtx_ranges.csv,thor_measurements/libero10_combo_trt_20260430_090849/cpufreq_1.566GHz_gpufreq_702MHz_emcfreq_default/phase_metrics.csv,thor_measurements/libero10_combo_trt_20260430_090849/cpufreq_1.566GHz_gpufreq_702MHz_emcfreq_default/phase_summary.csv,thor_measurements/libero10_combo_trt_20260430_090849/cpufreq_1.566GHz_gpufreq_702MHz_emcfreq_default/telemetry_raw.csv,1566000000,-1,702000000,1566000000,15019,2931.890572317985,80.386,36.29775803981624,64.3408,/home/Thor/Workspace/jyjeong/Isaac-GR00T/thor_measurements/libero10_combo_trt_20260430_090849/summary.csv,cpufreq_1.566GHz_gpufreq_702MHz_emcfreq_default,97.01663121568627
1836000000,-1,702000000,1836000000,cpufreq_1.836GHz_gpufreq_702MHz_emcfreq_default,1836000000.0,1,708.301573195549,11.8224,9.22499714741884,10.63152,76.854356648,1,-1,702000000,837.4795166876573,1,22.84736,10.911689132517298,16.5312,1,locked_combo,thor_measurements/libero10_combo_trt_20260430_090849/cpufreq_1.836GHz_gpufreq_702MHz_emcfreq_default/nvtx_ranges.csv,thor_measurements/libero10_combo_trt_20260430_090849/cpufreq_1.836GHz_gpufreq_702MHz_emcfreq_default/phase_metrics.csv,thor_measurements/libero10_combo_trt_20260430_090849/cpufreq_1.836GHz_gpufreq_702MHz_emcfreq_default/phase_summary.csv,thor_measurements/libero10_combo_trt_20260430_090849/cpufreq_1.836GHz_gpufreq_702MHz_emcfreq_default/telemetry_raw.csv,1836000000,-1,702000000,1836000000,15032,2846.6819538533955,80.242,37.01429031399681,65.47540000000001,/home/Thor/Workspace/jyjeong/Isaac-GR00T/thor_measurements/libero10_combo_trt_20260430_090849/summary.csv,cpufreq_1.836GHz_gpufreq_702MHz_emcfreq_default,95.96461637499999
2160000000,-1,702000000,2160000000,cpufreq_2.160GHz_gpufreq_702MHz_emcfreq_default,2160000000.0,1,715.119170209383,13.39872,9.67087304206682,11.4144,73.95081801,1,-1,702000000,808.7789627328049,1,22.83808,10.920314199918844,16.5312,1,locked_combo,thor_measurements/libero10_combo_trt_20260430_090849/cpufreq_2.160GHz_gpufreq_702MHz_emcfreq_default/nvtx_ranges.csv,thor_measurements/libero10_combo_trt_20260430_090849/cpufreq_2.160GHz_gpufreq_702MHz_emcfreq_default/phase_metrics.csv,thor_measurements/libero10_combo_trt_20260430_090849/cpufreq_2.160GHz_gpufreq_702MHz_emcfreq_default/phase_summary.csv,thor_measurements/libero10_combo_trt_20260430_090849/cpufreq_2.160GHz_gpufreq_702MHz_emcfreq_default/telemetry_raw.csv,2160000000,-1,702000000,2160000000,14786,2776.153774362173,80.986,37.411815365886646,65.904,/home/Thor/Workspace/jyjeong/Isaac-GR00T/thor_measurements/libero10_combo_trt_20260430_090849/summary.csv,cpufreq_2.160GHz_gpufreq_702MHz_emcfreq_default,94.64068442857143
2430000000,-1,702000000,2430000000,cpufreq_2.430GHz_gpufreq_702MHz_emcfreq_default,2430000000.0,1,722.6591038869269,14.58096,10.207084748603352,11.808,70.929854153,1,-1,702000000,781.067158401373,1,22.83808,11.008418949720667,16.5312,1,locked_combo,thor_measurements/libero10_combo_trt_20260430_090849/cpufreq_2.430GHz_gpufreq_702MHz_emcfreq_default/nvtx_ranges.csv,thor_measurements/libero10_combo_trt_20260430_090849/cpufreq_2.430GHz_gpufreq_702MHz_emcfreq_default/phase_metrics.csv,thor_measurements/libero10_combo_trt_20260430_090849/cpufreq_2.430GHz_gpufreq_702MHz_emcfreq_default/phase_summary.csv,thor_measurements/libero10_combo_trt_20260430_090849/cpufreq_2.430GHz_gpufreq_702MHz_emcfreq_default/telemetry_raw.csv,2430000000,-1,702000000,2430000000,14320,2710.8377204619123,81.396,38.140262011173185,67.2842,/home/Thor/Workspace/jyjeong/Isaac-GR00T/thor_measurements/libero10_combo_trt_20260430_090849/summary.csv,cpufreq_2.430GHz_gpufreq_702MHz_emcfreq_default,93.9539146971831
2601000000,-1,702000000,2601000000,cpufreq_2.601GHz_gpufreq_702MHz_emcfreq_default,2601000000.0,1,770.9512242960484,15.7568,10.649190587605409,12.2016,72.400060849,1,-1,702000000,803.4557980455992,1,22.83808,11.093488421898009,16.5312,1,locked_combo,thor_measurements/libero10_combo_trt_20260430_090849/cpufreq_2.601GHz_gpufreq_702MHz_emcfreq_default/nvtx_ranges.csv,thor_measurements/libero10_combo_trt_20260430_090849/cpufreq_2.601GHz_gpufreq_702MHz_emcfreq_default/phase_metrics.csv,thor_measurements/libero10_combo_trt_20260430_090849/cpufreq_2.601GHz_gpufreq_702MHz_emcfreq_default/phase_summary.csv,thor_measurements/libero10_combo_trt_20260430_090849/cpufreq_2.601GHz_gpufreq_702MHz_emcfreq_default/telemetry_raw.csv,2601000000,-1,702000000,2601000000,14942,2811.241119172776,81.602,38.62277339044304,67.686,/home/Thor/Workspace/jyjeong/Isaac-GR00T/thor_measurements/libero10_combo_trt_20260430_090849/summary.csv,cpufreq_2.601GHz_gpufreq_702MHz_emcfreq_default,93.56890670068026
-1,665600000,702000000,-1,cpufreq_default_gpufreq_702MHz_emcfreq_665MHz,383831883.93765175,1,839.7013186134575,11.8224,6.452966136858928,7.48752,130.861843149,1,665600000,702000000,1209.6723435542287,1,22.83808,9.18833927066686,11.42832,1,locked_combo,thor_measurements/libero10_combo_trt_20260430_090849/cpufreq_default_gpufreq_702MHz_emcfreq_665MHz/nvtx_ranges.csv,thor_measurements/libero10_combo_trt_20260430_090849/cpufreq_default_gpufreq_702MHz_emcfreq_665MHz/phase_metrics.csv,thor_measurements/libero10_combo_trt_20260430_090849/cpufreq_default_gpufreq_702MHz_emcfreq_665MHz/phase_summary.csv,thor_measurements/libero10_combo_trt_20260430_090849/cpufreq_default_gpufreq_702MHz_emcfreq_665MHz/telemetry_raw.csv,-1,665600000,702000000,-1,6883,4140.786734910333,45.66,31.7071875635624,41.9138,/home/Thor/Workspace/jyjeong/Isaac-GR00T/thor_measurements/libero10_combo_trt_20260430_090849/summary.csv,cpufreq_default_gpufreq_702MHz_emcfreq_665MHz,281.35292332191784
648000000,665600000,702000000,648000000,cpufreq_648MHz_gpufreq_702MHz_emcfreq_665MHz,648000000.0,1,901.3745720263178,7.09632,5.891012783694034,6.30528,152.290107914,1,665600000,702000000,1285.6110613677674,1,22.84736,8.276874897515171,11.42832,1,locked_combo,thor_measurements/libero10_combo_trt_20260430_090849/cpufreq_648MHz_gpufreq_702MHz_emcfreq_665MHz/nvtx_ranges.csv,thor_measurements/libero10_combo_trt_20260430_090849/cpufreq_648MHz_gpufreq_702MHz_emcfreq_665MHz/phase_metrics.csv,thor_measurements/libero10_combo_trt_20260430_090849/cpufreq_648MHz_gpufreq_702MHz_emcfreq_665MHz/phase_summary.csv,thor_measurements/libero10_combo_trt_20260430_090849/cpufreq_648MHz_gpufreq_702MHz_emcfreq_665MHz/telemetry_raw.csv,648000000,665600000,702000000,648000000,17466,4551.598446947352,45.12,29.489490667582732,40.7,/home/Thor/Workspace/jyjeong/Isaac-GR00T/thor_measurements/libero10_combo_trt_20260430_090849/summary.csv,cpufreq_648MHz_gpufreq_702MHz_emcfreq_665MHz,276.42803693055555
972000000,665600000,702000000,972000000,cpufreq_972MHz_gpufreq_702MHz_emcfreq_665MHz,972000000.0,1,829.0651254649632,7.49056,6.065624825558382,6.69936,135.89820375,1,665600000,702000000,1203.142186796652,1,22.84736,8.69507819734238,11.42832,1,locked_combo,thor_measurements/libero10_combo_trt_20260430_090849/cpufreq_972MHz_gpufreq_702MHz_emcfreq_665MHz/nvtx_ranges.csv,thor_measurements/libero10_combo_trt_20260430_090849/cpufreq_972MHz_gpufreq_702MHz_emcfreq_665MHz/phase_metrics.csv,thor_measurements/libero10_combo_trt_20260430_090849/cpufreq_972MHz_gpufreq_702MHz_emcfreq_665MHz/phase_summary.csv,thor_measurements/libero10_combo_trt_20260430_090849/cpufreq_972MHz_gpufreq_702MHz_emcfreq_665MHz/telemetry_raw.csv,972000000,665600000,702000000,972000000,17685,4164.094492976056,44.518,30.1805871642635,41.942,/home/Thor/Workspace/jyjeong/Isaac-GR00T/thor_measurements/libero10_combo_trt_20260430_090849/summary.csv,cpufreq_972MHz_gpufreq_702MHz_emcfreq_665MHz,266.6476074444444
1242000000,665600000,702000000,1242000000,cpufreq_1.242GHz_gpufreq_702MHz_emcfreq_665MHz,1242000000.0,1,804.7697846586206,7.49056,6.161966706307307,6.69936,129.886344625,1,665600000,702000000,1173.2472102036786,1,22.84736,8.891452870241734,11.42832,1,locked_combo,thor_measurements/libero10_combo_trt_20260430_090849/cpufreq_1.242GHz_gpufreq_702MHz_emcfreq_665MHz/nvtx_ranges.csv,thor_measurements/libero10_combo_trt_20260430_090849/cpufreq_1.242GHz_gpufreq_702MHz_emcfreq_665MHz/phase_metrics.csv,thor_measurements/libero10_combo_trt_20260430_090849/cpufreq_1.242GHz_gpufreq_702MHz_emcfreq_665MHz/phase_summary.csv,thor_measurements/libero10_combo_trt_20260430_090849/cpufreq_1.242GHz_gpufreq_702MHz_emcfreq_665MHz/telemetry_raw.csv,1242000000,665600000,702000000,1242000000,17995,4028.9673786317826,45.132,30.56750097249236,42.4772,/home/Thor/Workspace/jyjeong/Isaac-GR00T/thor_measurements/libero10_combo_trt_20260430_090849/summary.csv,cpufreq_1.242GHz_gpufreq_702MHz_emcfreq_665MHz,261.25604986111114
1566000000,665600000,702000000,1566000000,cpufreq_1.566GHz_gpufreq_702MHz_emcfreq_665MHz,1566000000.0,1,798.3588625563061,8.27904,6.342385518196422,6.70208,125.142368656,1,665600000,702000000,1153.2094361084671,1,22.84736,9.060117910596578,11.8224,1,locked_combo,thor_measurements/libero10_combo_trt_20260430_090849/cpufreq_1.566GHz_gpufreq_702MHz_emcfreq_665MHz/nvtx_ranges.csv,thor_measurements/libero10_combo_trt_20260430_090849/cpufreq_1.566GHz_gpufreq_702MHz_emcfreq_665MHz/phase_metrics.csv,thor_measurements/libero10_combo_trt_20260430_090849/cpufreq_1.566GHz_gpufreq_702MHz_emcfreq_665MHz/phase_summary.csv,thor_measurements/libero10_combo_trt_20260430_090849/cpufreq_1.566GHz_gpufreq_702MHz_emcfreq_665MHz/telemetry_raw.csv,1566000000,665600000,702000000,1566000000,18053,3939.188390890329,45.482,30.92926870880186,42.89240000000001,/home/Thor/Workspace/jyjeong/Isaac-GR00T/thor_measurements/libero10_combo_trt_20260430_090849/summary.csv,cpufreq_1.566GHz_gpufreq_702MHz_emcfreq_665MHz,260.26216199305554
1836000000,665600000,702000000,1836000000,cpufreq_1.836GHz_gpufreq_702MHz_emcfreq_665MHz,1836000000.0,1,831.8229597660585,8.67328,6.617639773469833,7.09344,124.819232105,1,665600000,702000000,1153.2175733931308,1,22.84736,9.045044678719233,11.8224,1,locked_combo,thor_measurements/libero10_combo_trt_20260430_090849/cpufreq_1.836GHz_gpufreq_702MHz_emcfreq_665MHz/nvtx_ranges.csv,thor_measurements/libero10_combo_trt_20260430_090849/cpufreq_1.836GHz_gpufreq_702MHz_emcfreq_665MHz/phase_metrics.csv,thor_measurements/libero10_combo_trt_20260430_090849/cpufreq_1.836GHz_gpufreq_702MHz_emcfreq_665MHz/phase_summary.csv,thor_measurements/libero10_combo_trt_20260430_090849/cpufreq_1.836GHz_gpufreq_702MHz_emcfreq_665MHz/telemetry_raw.csv,1836000000,665600000,702000000,1836000000,18364,3968.0302924599273,46.028,31.17271814419516,43.3477,/home/Thor/Workspace/jyjeong/Isaac-GR00T/thor_measurements/libero10_combo_trt_20260430_090849/summary.csv,cpufreq_1.836GHz_gpufreq_702MHz_emcfreq_665MHz,258.34976511805553
2160000000,665600000,702000000,2160000000,cpufreq_2.160GHz_gpufreq_702MHz_emcfreq_665MHz,2160000000.0,1,872.3845067049912,10.24608,7.097258535542491,7.49056,122.243985829,1,665600000,702000000,1144.0367829844922,1,22.84736,9.240335281667557,11.8224,1,locked_combo,thor_measurements/libero10_combo_trt_20260430_090849/cpufreq_2.160GHz_gpufreq_702MHz_emcfreq_665MHz/nvtx_ranges.csv,thor_measurements/libero10_combo_trt_20260430_090849/cpufreq_2.160GHz_gpufreq_702MHz_emcfreq_665MHz/phase_metrics.csv,thor_measurements/libero10_combo_trt_20260430_090849/cpufreq_2.160GHz_gpufreq_702MHz_emcfreq_665MHz/phase_summary.csv,thor_measurements/libero10_combo_trt_20260430_090849/cpufreq_2.160GHz_gpufreq_702MHz_emcfreq_665MHz/telemetry_raw.csv,2160000000,665600000,702000000,2160000000,18710,3969.280909191505,46.722,31.940544949225018,44.078199999999995,/home/Thor/Workspace/jyjeong/Isaac-GR00T/thor_measurements/libero10_combo_trt_20260430_090849/summary.csv,cpufreq_2.160GHz_gpufreq_702MHz_emcfreq_665MHz,257.0924256965517
2430000000,665600000,702000000,2430000000,cpufreq_2.430GHz_gpufreq_702MHz_emcfreq_665MHz,2430000000.0,1,916.367505166819,11.8224,7.570881442664686,8.27568,120.38130106,1,665600000,702000000,1131.8530025394814,1,22.84736,9.293757615360136,11.8224,1,locked_combo,thor_measurements/libero10_combo_trt_20260430_090849/cpufreq_2.430GHz_gpufreq_702MHz_emcfreq_665MHz/nvtx_ranges.csv,thor_measurements/libero10_combo_trt_20260430_090849/cpufreq_2.430GHz_gpufreq_702MHz_emcfreq_665MHz/phase_metrics.csv,thor_measurements/libero10_combo_trt_20260430_090849/cpufreq_2.430GHz_gpufreq_702MHz_emcfreq_665MHz/phase_summary.csv,thor_measurements/libero10_combo_trt_20260430_090849/cpufreq_2.430GHz_gpufreq_702MHz_emcfreq_665MHz/telemetry_raw.csv,2430000000,665600000,702000000,2430000000,18854,3977.6803751238663,47.16,32.522207276970406,44.6207,/home/Thor/Workspace/jyjeong/Isaac-GR00T/thor_measurements/libero10_combo_trt_20260430_090849/summary.csv,cpufreq_2.430GHz_gpufreq_702MHz_emcfreq_665MHz,257.3101615138889
2601000000,665600000,702000000,2601000000,cpufreq_2.601GHz_gpufreq_702MHz_emcfreq_665MHz,2601000000.0,1,975.8703534283012,12.61056,7.993737504110316,8.66976,121.459748889,1,665600000,702000000,1140.3612231098398,1,22.84736,9.259289499867409,11.8224,1,locked_combo,thor_measurements/libero10_combo_trt_20260430_090849/cpufreq_2.601GHz_gpufreq_702MHz_emcfreq_665MHz/nvtx_ranges.csv,thor_measurements/libero10_combo_trt_20260430_090849/cpufreq_2.601GHz_gpufreq_702MHz_emcfreq_665MHz/phase_metrics.csv,thor_measurements/libero10_combo_trt_20260430_090849/cpufreq_2.601GHz_gpufreq_702MHz_emcfreq_665MHz/phase_summary.csv,thor_measurements/libero10_combo_trt_20260430_090849/cpufreq_2.601GHz_gpufreq_702MHz_emcfreq_665MHz/telemetry_raw.csv,2601000000,665600000,702000000,2601000000,18855,4066.429628428405,48.246,32.89729270750464,45.1372,/home/Thor/Workspace/jyjeong/Isaac-GR00T/thor_measurements/libero10_combo_trt_20260430_090849/summary.csv,cpufreq_2.601GHz_gpufreq_702MHz_emcfreq_665MHz,255.6248921448276
-1,2750000000,702000000,-1,cpufreq_default_gpufreq_702MHz_emcfreq_2.750GHz,392687114.269684,1,579.9244601184976,10.64016,6.866998227043202,7.881599999999999,85.33951323,1,2750000000,702000000,879.0765448500091,1,22.84736,10.612879027492053,14.97504,1,locked_combo,thor_measurements/libero10_combo_trt_20260430_090849/cpufreq_default_gpufreq_702MHz_emcfreq_2.750GHz/nvtx_ranges.csv,thor_measurements/libero10_combo_trt_20260430_090849/cpufreq_default_gpufreq_702MHz_emcfreq_2.750GHz/phase_metrics.csv,thor_measurements/libero10_combo_trt_20260430_090849/cpufreq_default_gpufreq_702MHz_emcfreq_2.750GHz/phase_summary.csv,thor_measurements/libero10_combo_trt_20260430_090849/cpufreq_default_gpufreq_702MHz_emcfreq_2.750GHz/telemetry_raw.csv,-1,2750000000,702000000,-1,5347,2863.9418781074874,75.126,35.07249822330279,56.9418,/home/Thor/Workspace/jyjeong/Isaac-GR00T/thor_measurements/libero10_combo_trt_20260430_090849/summary.csv,cpufreq_default_gpufreq_702MHz_emcfreq_2.750GHz,120.26186035172414
648000000,2750000000,702000000,648000000,cpufreq_648MHz_gpufreq_702MHz_emcfreq_2.750GHz,648000000.0,1,666.7283116636338,7.8752,6.260078539484857,7.48144,106.237281353,1,2750000000,702000000,962.6226085023416,1,22.84736,9.010075471270875,14.96288,1,locked_combo,thor_measurements/libero10_combo_trt_20260430_090849/cpufreq_648MHz_gpufreq_702MHz_emcfreq_2.750GHz/nvtx_ranges.csv,thor_measurements/libero10_combo_trt_20260430_090849/cpufreq_648MHz_gpufreq_702MHz_emcfreq_2.750GHz/phase_metrics.csv,thor_measurements/libero10_combo_trt_20260430_090849/cpufreq_648MHz_gpufreq_702MHz_emcfreq_2.750GHz/phase_summary.csv,thor_measurements/libero10_combo_trt_20260430_090849/cpufreq_648MHz_gpufreq_702MHz_emcfreq_2.750GHz/telemetry_raw.csv,648000000,2750000000,702000000,648000000,14132,3314.371819611926,75.348,31.13983102179451,53.23760000000001,/home/Thor/Workspace/jyjeong/Isaac-GR00T/thor_measurements/libero10_combo_trt_20260430_090849/summary.csv,cpufreq_648MHz_gpufreq_702MHz_emcfreq_2.750GHz,120.26659296551723
972000000,2750000000,702000000,972000000,cpufreq_972MHz_gpufreq_702MHz_emcfreq_2.750GHz,972000000.0,1,728.2426664785437,8.27568,6.64901156048887,7.48144,109.477130703,1,2750000000,702000000,1136.317682856475,1,22.84736,10.39226275255358,15.356640000000002,1,locked_combo,thor_measurements/libero10_combo_trt_20260430_090849/cpufreq_972MHz_gpufreq_702MHz_emcfreq_2.750GHz/nvtx_ranges.csv,thor_measurements/libero10_combo_trt_20260430_090849/cpufreq_972MHz_gpufreq_702MHz_emcfreq_2.750GHz/phase_metrics.csv,thor_measurements/libero10_combo_trt_20260430_090849/cpufreq_972MHz_gpufreq_702MHz_emcfreq_2.750GHz/phase_summary.csv,thor_measurements/libero10_combo_trt_20260430_090849/cpufreq_972MHz_gpufreq_702MHz_emcfreq_2.750GHz/telemetry_raw.csv,972000000,2750000000,702000000,972000000,16937,3662.822849292684,75.34,33.478831197968944,56.76280000000003,/home/Thor/Workspace/jyjeong/Isaac-GR00T/thor_measurements/libero10_combo_trt_20260430_090849/summary.csv,cpufreq_972MHz_gpufreq_702MHz_emcfreq_2.750GHz,109.82117108955224
1242000000,2750000000,702000000,1242000000,cpufreq_1.242GHz_gpufreq_702MHz_emcfreq_2.750GHz,1242000000.0,1,568.064868171949,8.66976,6.664190607037712,7.8752,85.033054191,1,2750000000,702000000,853.9803693203298,1,22.84736,9.98192054955839,15.7504,1,locked_combo,thor_measurements/libero10_combo_trt_20260430_090849/cpufreq_1.242GHz_gpufreq_702MHz_emcfreq_2.750GHz/nvtx_ranges.csv,thor_measurements/libero10_combo_trt_20260430_090849/cpufreq_1.242GHz_gpufreq_702MHz_emcfreq_2.750GHz/phase_metrics.csv,thor_measurements/libero10_combo_trt_20260430_090849/cpufreq_1.242GHz_gpufreq_702MHz_emcfreq_2.750GHz/phase_summary.csv,thor_measurements/libero10_combo_trt_20260430_090849/cpufreq_1.242GHz_gpufreq_702MHz_emcfreq_2.750GHz/telemetry_raw.csv,1242000000,2750000000,702000000,1242000000,14266,2810.0711593669835,75.266,32.905764054395064,57.967,/home/Thor/Workspace/jyjeong/Isaac-GR00T/thor_measurements/libero10_combo_trt_20260430_090849/summary.csv,cpufreq_1.242GHz_gpufreq_702MHz_emcfreq_2.750GHz,105.01670195804196
1566000000,2750000000,702000000,1566000000,cpufreq_1.566GHz_gpufreq_702MHz_emcfreq_2.750GHz,1566000000.0,1,554.4058359838291,9.06384,6.870290518084066,7.8752,80.488881755,1,2750000000,702000000,838.3399606733723,1,22.84736,10.35604619466555,15.7504,1,locked_combo,thor_measurements/libero10_combo_trt_20260430_090849/cpufreq_1.566GHz_gpufreq_702MHz_emcfreq_2.750GHz/nvtx_ranges.csv,thor_measurements/libero10_combo_trt_20260430_090849/cpufreq_1.566GHz_gpufreq_702MHz_emcfreq_2.750GHz/phase_metrics.csv,thor_measurements/libero10_combo_trt_20260430_090849/cpufreq_1.566GHz_gpufreq_702MHz_emcfreq_2.750GHz/phase_summary.csv,thor_measurements/libero10_combo_trt_20260430_090849/cpufreq_1.566GHz_gpufreq_702MHz_emcfreq_2.750GHz/telemetry_raw.csv,1566000000,2750000000,702000000,1566000000,14322,2722.078890674586,75.37,33.642117022762186,59.90380000000001,/home/Thor/Workspace/jyjeong/Isaac-GR00T/thor_measurements/libero10_combo_trt_20260430_090849/summary.csv,cpufreq_1.566GHz_gpufreq_702MHz_emcfreq_2.750GHz,101.87092782068966
1836000000,2750000000,702000000,1836000000,cpufreq_1.836GHz_gpufreq_702MHz_emcfreq_2.750GHz,1836000000.0,1,561.4475981098599,9.852,7.244272968848443,8.26896,77.316741882,1,2750000000,702000000,830.2064424888763,1,22.84736,10.734013099054952,16.14416,1,locked_combo,thor_measurements/libero10_combo_trt_20260430_090849/cpufreq_1.836GHz_gpufreq_702MHz_emcfreq_2.750GHz/nvtx_ranges.csv,thor_measurements/libero10_combo_trt_20260430_090849/cpufreq_1.836GHz_gpufreq_702MHz_emcfreq_2.750GHz/phase_metrics.csv,thor_measurements/libero10_combo_trt_20260430_090849/cpufreq_1.836GHz_gpufreq_702MHz_emcfreq_2.750GHz/phase_summary.csv,thor_measurements/libero10_combo_trt_20260430_090849/cpufreq_1.836GHz_gpufreq_702MHz_emcfreq_2.750GHz/telemetry_raw.csv,1836000000,2750000000,702000000,1836000000,14285,2676.680989761706,75.622,34.51435351767588,60.548,/home/Thor/Workspace/jyjeong/Isaac-GR00T/thor_measurements/libero10_combo_trt_20260430_090849/summary.csv,cpufreq_1.836GHz_gpufreq_702MHz_emcfreq_2.750GHz,100.13489922297298
2160000000,2750000000,702000000,2160000000,cpufreq_2.160GHz_gpufreq_702MHz_emcfreq_2.750GHz,2160000000.0,1,617.2003453992223,11.03424,7.727767190951075,8.66272,79.582819739,1,2750000000,702000000,877.786148937484,1,22.84736,10.937443094839704,16.14416,1,locked_combo,thor_measurements/libero10_combo_trt_20260430_090849/cpufreq_2.160GHz_gpufreq_702MHz_emcfreq_2.750GHz/nvtx_ranges.csv,thor_measurements/libero10_combo_trt_20260430_090849/cpufreq_2.160GHz_gpufreq_702MHz_emcfreq_2.750GHz/phase_metrics.csv,thor_measurements/libero10_combo_trt_20260430_090849/cpufreq_2.160GHz_gpufreq_702MHz_emcfreq_2.750GHz/phase_summary.csv,thor_measurements/libero10_combo_trt_20260430_090849/cpufreq_2.160GHz_gpufreq_702MHz_emcfreq_2.750GHz/telemetry_raw.csv,2160000000,2750000000,702000000,2160000000,14941,2830.44716901469,76.846,35.29273850478549,61.652,/home/Thor/Workspace/jyjeong/Isaac-GR00T/thor_measurements/libero10_combo_trt_20260430_090849/summary.csv,cpufreq_2.160GHz_gpufreq_702MHz_emcfreq_2.750GHz,99.156266925
2430000000,2750000000,702000000,2430000000,cpufreq_2.430GHz_gpufreq_702MHz_emcfreq_2.750GHz,2430000000.0,1,602.5030274834986,12.21648,8.208490024639211,9.4464,73.297061701,1,2750000000,702000000,803.5922238875704,1,22.84736,10.975754294966562,16.14416,1,locked_combo,thor_measurements/libero10_combo_trt_20260430_090849/cpufreq_2.430GHz_gpufreq_702MHz_emcfreq_2.750GHz/nvtx_ranges.csv,thor_measurements/libero10_combo_trt_20260430_090849/cpufreq_2.430GHz_gpufreq_702MHz_emcfreq_2.750GHz/phase_metrics.csv,thor_measurements/libero10_combo_trt_20260430_090849/cpufreq_2.430GHz_gpufreq_702MHz_emcfreq_2.750GHz/phase_summary.csv,thor_measurements/libero10_combo_trt_20260430_090849/cpufreq_2.430GHz_gpufreq_702MHz_emcfreq_2.750GHz/telemetry_raw.csv,2430000000,2750000000,702000000,2430000000,14205,2637.536067882926,77.178,35.87696557550158,62.294,/home/Thor/Workspace/jyjeong/Isaac-GR00T/thor_measurements/libero10_combo_trt_20260430_090849/summary.csv,cpufreq_2.430GHz_gpufreq_702MHz_emcfreq_2.750GHz,98.72830223611112
2601000000,2750000000,702000000,2601000000,cpufreq_2.601GHz_gpufreq_702MHz_emcfreq_2.750GHz,2601000000.0,1,636.1626598596408,13.7928,8.709297106496049,9.844,72.89808054,1,2750000000,702000000,808.1024060370559,1,22.84736,11.05742975176561,16.14416,1,locked_combo,thor_measurements/libero10_combo_trt_20260430_090849/cpufreq_2.601GHz_gpufreq_702MHz_emcfreq_2.750GHz/nvtx_ranges.csv,thor_measurements/libero10_combo_trt_20260430_090849/cpufreq_2.601GHz_gpufreq_702MHz_emcfreq_2.750GHz/phase_metrics.csv,thor_measurements/libero10_combo_trt_20260430_090849/cpufreq_2.601GHz_gpufreq_702MHz_emcfreq_2.750GHz/phase_summary.csv,thor_measurements/libero10_combo_trt_20260430_090849/cpufreq_2.601GHz_gpufreq_702MHz_emcfreq_2.750GHz/telemetry_raw.csv,2601000000,2750000000,702000000,2601000000,14301,2676.9748374113437,77.298,36.52892804698972,62.972,/home/Thor/Workspace/jyjeong/Isaac-GR00T/thor_measurements/libero10_combo_trt_20260430_090849/summary.csv,cpufreq_2.601GHz_gpufreq_702MHz_emcfreq_2.750GHz,97.9981393265306
-1,3200000000,702000000,-1,cpufreq_default_gpufreq_702MHz_emcfreq_3.200GHz,369901876.4449702,1,613.1797028379348,11.42832,7.157625291682348,7.8848,86.291152137,1,3200000000,702000000,890.2548675206516,1,22.84736,10.356525946556266,14.962879999999998,1,locked_combo,thor_measurements/libero10_combo_trt_20260430_090849/cpufreq_default_gpufreq_702MHz_emcfreq_3.200GHz/nvtx_ranges.csv,thor_measurements/libero10_combo_trt_20260430_090849/cpufreq_default_gpufreq_702MHz_emcfreq_3.200GHz/phase_metrics.csv,thor_measurements/libero10_combo_trt_20260430_090849/cpufreq_default_gpufreq_702MHz_emcfreq_3.200GHz/phase_summary.csv,thor_measurements/libero10_combo_trt_20260430_090849/cpufreq_default_gpufreq_702MHz_emcfreq_3.200GHz/telemetry_raw.csv,-1,3200000000,702000000,-1,5314,2921.766777686956,82.376,34.868695521264584,56.97600000000002,/home/Thor/Workspace/jyjeong/Isaac-GR00T/thor_measurements/libero10_combo_trt_20260430_090849/summary.csv,cpufreq_default_gpufreq_702MHz_emcfreq_3.200GHz,116.78091495945945
648000000,3200000000,702000000,648000000,cpufreq_648MHz_gpufreq_702MHz_emcfreq_3.200GHz,648000000.0,1,690.0326878363761,8.26896,6.543231249113852,7.8752,105.178167195,1,3200000000,702000000,996.6288426886348,1,22.84736,9.445319892244434,15.35664,1,locked_combo,thor_measurements/libero10_combo_trt_20260430_090849/cpufreq_648MHz_gpufreq_702MHz_emcfreq_3.200GHz/nvtx_ranges.csv,thor_measurements/libero10_combo_trt_20260430_090849/cpufreq_648MHz_gpufreq_702MHz_emcfreq_3.200GHz/phase_metrics.csv,thor_measurements/libero10_combo_trt_20260430_090849/cpufreq_648MHz_gpufreq_702MHz_emcfreq_3.200GHz/phase_summary.csv,thor_measurements/libero10_combo_trt_20260430_090849/cpufreq_648MHz_gpufreq_702MHz_emcfreq_3.200GHz/telemetry_raw.csv,648000000,3200000000,702000000,648000000,14106,3364.861512212663,80.786,31.951996030058133,55.16,/home/Thor/Workspace/jyjeong/Isaac-GR00T/thor_measurements/libero10_combo_trt_20260430_090849/summary.csv,cpufreq_648MHz_gpufreq_702MHz_emcfreq_3.200GHz,118.08512604166668
972000000,3200000000,702000000,972000000,cpufreq_972MHz_gpufreq_702MHz_emcfreq_3.200GHz,972000000.0,1,626.1115739890882,8.66976,6.791549005978034,7.8752,92.063555889,1,3200000000,702000000,898.1937334212449,1,22.84736,9.735536805227303,15.35664,1,locked_combo,thor_measurements/libero10_combo_trt_20260430_090849/cpufreq_972MHz_gpufreq_702MHz_emcfreq_3.200GHz/nvtx_ranges.csv,thor_measurements/libero10_combo_trt_20260430_090849/cpufreq_972MHz_gpufreq_702MHz_emcfreq_3.200GHz/phase_metrics.csv,thor_measurements/libero10_combo_trt_20260430_090849/cpufreq_972MHz_gpufreq_702MHz_emcfreq_3.200GHz/phase_summary.csv,thor_measurements/libero10_combo_trt_20260430_090849/cpufreq_972MHz_gpufreq_702MHz_emcfreq_3.200GHz/telemetry_raw.csv,972000000,3200000000,702000000,972000000,14386,3022.1667324673385,81.146,32.76050034756013,57.133,/home/Thor/Workspace/jyjeong/Isaac-GR00T/thor_measurements/libero10_combo_trt_20260430_090849/summary.csv,cpufreq_972MHz_gpufreq_702MHz_emcfreq_3.200GHz,106.06241364864866
1242000000,3200000000,702000000,1242000000,cpufreq_1.242GHz_gpufreq_702MHz_emcfreq_3.200GHz,1242000000.0,1,598.1931160138831,8.66976,6.9875783052749725,8.26896,85.330893886,1,3200000000,702000000,879.6583201382358,1,22.84736,10.224536767676767,15.7504,1,locked_combo,thor_measurements/libero10_combo_trt_20260430_090849/cpufreq_1.242GHz_gpufreq_702MHz_emcfreq_3.200GHz/nvtx_ranges.csv,thor_measurements/libero10_combo_trt_20260430_090849/cpufreq_1.242GHz_gpufreq_702MHz_emcfreq_3.200GHz/phase_metrics.csv,thor_measurements/libero10_combo_trt_20260430_090849/cpufreq_1.242GHz_gpufreq_702MHz_emcfreq_3.200GHz/phase_summary.csv,thor_measurements/libero10_combo_trt_20260430_090849/cpufreq_1.242GHz_gpufreq_702MHz_emcfreq_3.200GHz/telemetry_raw.csv,1242000000,3200000000,702000000,1242000000,14256,2887.543432568431,81.712,33.65272081930416,59.36,/home/Thor/Workspace/jyjeong/Isaac-GR00T/thor_measurements/libero10_combo_trt_20260430_090849/summary.csv,cpufreq_1.242GHz_gpufreq_702MHz_emcfreq_3.200GHz,102.4198364117647
1566000000,3200000000,702000000,1566000000,cpufreq_1.566GHz_gpufreq_702MHz_emcfreq_3.200GHz,1566000000.0,1,564.1283555004305,9.45792,7.203119087018545,8.26896,78.161384255,1,3200000000,702000000,821.3236577865513,1,22.84736,10.465152559201142,16.1376,1,locked_combo,thor_measurements/libero10_combo_trt_20260430_090849/cpufreq_1.566GHz_gpufreq_702MHz_emcfreq_3.200GHz/nvtx_ranges.csv,thor_measurements/libero10_combo_trt_20260430_090849/cpufreq_1.566GHz_gpufreq_702MHz_emcfreq_3.200GHz/phase_metrics.csv,thor_measurements/libero10_combo_trt_20260430_090849/cpufreq_1.566GHz_gpufreq_702MHz_emcfreq_3.200GHz/phase_summary.csv,thor_measurements/libero10_combo_trt_20260430_090849/cpufreq_1.566GHz_gpufreq_702MHz_emcfreq_3.200GHz/telemetry_raw.csv,1566000000,3200000000,702000000,1566000000,14020,2683.2930525527577,81.688,34.14396790299572,60.9263,/home/Thor/Workspace/jyjeong/Isaac-GR00T/thor_measurements/libero10_combo_trt_20260430_090849/summary.csv,cpufreq_1.566GHz_gpufreq_702MHz_emcfreq_3.200GHz,99.34256949305556
1836000000,3200000000,702000000,1836000000,cpufreq_1.836GHz_gpufreq_702MHz_emcfreq_3.200GHz,1836000000.0,1,571.2610977579084,9.852,7.551088350515464,8.66272,75.602171345,1,3200000000,702000000,808.068399991246,1,22.84736,10.707988144329898,16.14416,1,locked_combo,thor_measurements/libero10_combo_trt_20260430_090849/cpufreq_1.836GHz_gpufreq_702MHz_emcfreq_3.200GHz/nvtx_ranges.csv,thor_measurements/libero10_combo_trt_20260430_090849/cpufreq_1.836GHz_gpufreq_702MHz_emcfreq_3.200GHz/phase_metrics.csv,thor_measurements/libero10_combo_trt_20260430_090849/cpufreq_1.836GHz_gpufreq_702MHz_emcfreq_3.200GHz/phase_summary.csv,thor_measurements/libero10_combo_trt_20260430_090849/cpufreq_1.836GHz_gpufreq_702MHz_emcfreq_3.200GHz/telemetry_raw.csv,1836000000,3200000000,702000000,1836000000,13968,2641.7501368548756,81.258,34.85419430126002,61.75789999999999,/home/Thor/Workspace/jyjeong/Isaac-GR00T/thor_measurements/libero10_combo_trt_20260430_090849/summary.csv,cpufreq_1.836GHz_gpufreq_702MHz_emcfreq_3.200GHz,97.62585117482517
2160000000,3200000000,702000000,2160000000,cpufreq_2.160GHz_gpufreq_702MHz_emcfreq_3.200GHz,2160000000.0,1,601.6065863383466,11.42832,8.102299135635457,9.4464,74.102694312,1,3200000000,702000000,819.2947623085406,1,22.84736,11.041159974368105,16.5312,1,locked_combo,thor_measurements/libero10_combo_trt_20260430_090849/cpufreq_2.160GHz_gpufreq_702MHz_emcfreq_3.200GHz/nvtx_ranges.csv,thor_measurements/libero10_combo_trt_20260430_090849/cpufreq_2.160GHz_gpufreq_702MHz_emcfreq_3.200GHz/phase_metrics.csv,thor_measurements/libero10_combo_trt_20260430_090849/cpufreq_2.160GHz_gpufreq_702MHz_emcfreq_3.200GHz/phase_summary.csv,thor_measurements/libero10_combo_trt_20260430_090849/cpufreq_2.160GHz_gpufreq_702MHz_emcfreq_3.200GHz/telemetry_raw.csv,2160000000,3200000000,702000000,2160000000,14045,2674.1414529147874,83.06,35.94950160199359,62.8356,/home/Thor/Workspace/jyjeong/Isaac-GR00T/thor_measurements/libero10_combo_trt_20260430_090849/summary.csv,cpufreq_2.160GHz_gpufreq_702MHz_emcfreq_3.200GHz,96.29948044666666
2430000000,3200000000,702000000,2430000000,cpufreq_2.430GHz_gpufreq_702MHz_emcfreq_3.200GHz,2430000000.0,1,633.9346921877078,12.61056,8.603999877206446,9.84,73.547374336,1,3200000000,702000000,828.3900784711684,1,22.84736,11.235619864648015,16.5312,1,locked_combo,thor_measurements/libero10_combo_trt_20260430_090849/cpufreq_2.430GHz_gpufreq_702MHz_emcfreq_3.200GHz/nvtx_ranges.csv,thor_measurements/libero10_combo_trt_20260430_090849/cpufreq_2.430GHz_gpufreq_702MHz_emcfreq_3.200GHz/phase_metrics.csv,thor_measurements/libero10_combo_trt_20260430_090849/cpufreq_2.430GHz_gpufreq_702MHz_emcfreq_3.200GHz/phase_summary.csv,thor_measurements/libero10_combo_trt_20260430_090849/cpufreq_2.430GHz_gpufreq_702MHz_emcfreq_3.200GHz/telemetry_raw.csv,2430000000,3200000000,702000000,2430000000,14333,2714.373008827123,83.214,36.72446033628689,63.8996,/home/Thor/Workspace/jyjeong/Isaac-GR00T/thor_measurements/libero10_combo_trt_20260430_090849/summary.csv,cpufreq_2.430GHz_gpufreq_702MHz_emcfreq_3.200GHz,95.69773824025974
2601000000,3200000000,702000000,2601000000,cpufreq_2.601GHz_gpufreq_702MHz_emcfreq_3.200GHz,2601000000.0,1,651.2126224031572,13.7872,8.98599964130587,10.23776,72.349458432,1,3200000000,702000000,799.4467493986974,1,22.84736,11.018462311895757,16.14416,1,locked_combo,thor_measurements/libero10_combo_trt_20260430_090849/cpufreq_2.601GHz_gpufreq_702MHz_emcfreq_3.200GHz/nvtx_ranges.csv,thor_measurements/libero10_combo_trt_20260430_090849/cpufreq_2.601GHz_gpufreq_702MHz_emcfreq_3.200GHz/phase_metrics.csv,thor_measurements/libero10_combo_trt_20260430_090849/cpufreq_2.601GHz_gpufreq_702MHz_emcfreq_3.200GHz/phase_summary.csv,thor_measurements/libero10_combo_trt_20260430_090849/cpufreq_2.601GHz_gpufreq_702MHz_emcfreq_3.200GHz/telemetry_raw.csv,2601000000,3200000000,702000000,2601000000,14274,2675.4475198442374,85.932,36.77772789687543,64.45,/home/Thor/Workspace/jyjeong/Isaac-GR00T/thor_measurements/libero10_combo_trt_20260430_090849/summary.csv,cpufreq_2.601GHz_gpufreq_702MHz_emcfreq_3.200GHz,95.55543956551725
-1,4266000000,702000000,-1,cpufreq_default_gpufreq_702MHz_emcfreq_4.266GHz,384105560.7690272,1,612.2105561928322,11.42832,7.335885248441974,8.27568,84.240984037,1,4266000000,702000000,862.3952033744724,1,22.84736,9.4405337375779,14.96288,1,locked_combo,thor_measurements/libero10_combo_trt_20260430_090849/cpufreq_default_gpufreq_702MHz_emcfreq_4.266GHz/nvtx_ranges.csv,thor_measurements/libero10_combo_trt_20260430_090849/cpufreq_default_gpufreq_702MHz_emcfreq_4.266GHz/phase_metrics.csv,thor_measurements/libero10_combo_trt_20260430_090849/cpufreq_default_gpufreq_702MHz_emcfreq_4.266GHz/phase_summary.csv,thor_measurements/libero10_combo_trt_20260430_090849/cpufreq_default_gpufreq_702MHz_emcfreq_4.266GHz/telemetry_raw.csv,-1,4266000000,702000000,-1,5937,2874.8063681523204,83.846,33.706346976587504,56.66759999999999,/home/Thor/Workspace/jyjeong/Isaac-GR00T/thor_measurements/libero10_combo_trt_20260430_090849/summary.csv,cpufreq_default_gpufreq_702MHz_emcfreq_4.266GHz,116.98632840140846
648000000,4266000000,702000000,648000000,cpufreq_648MHz_gpufreq_702MHz_emcfreq_4.266GHz,648000000.0,1,717.4902317212827,8.26896,6.708774722838138,7.8752,106.563500608,1,4266000000,702000000,978.5698346473076,1,22.84736,9.096730388026607,14.96288,1,locked_combo,thor_measurements/libero10_combo_trt_20260430_090849/cpufreq_648MHz_gpufreq_702MHz_emcfreq_4.266GHz/nvtx_ranges.csv,thor_measurements/libero10_combo_trt_20260430_090849/cpufreq_648MHz_gpufreq_702MHz_emcfreq_4.266GHz/phase_metrics.csv,thor_measurements/libero10_combo_trt_20260430_090849/cpufreq_648MHz_gpufreq_702MHz_emcfreq_4.266GHz/phase_summary.csv,thor_measurements/libero10_combo_trt_20260430_090849/cpufreq_648MHz_gpufreq_702MHz_emcfreq_4.266GHz/telemetry_raw.csv,648000000,4266000000,702000000,648000000,14432,3409.7419735974804,83.586,31.908858370288247,55.753800000000005,/home/Thor/Workspace/jyjeong/Isaac-GR00T/thor_measurements/libero10_combo_trt_20260430_090849/summary.csv,cpufreq_648MHz_gpufreq_702MHz_emcfreq_4.266GHz,118.35109651677853
972000000,4266000000,702000000,972000000,cpufreq_972MHz_gpufreq_702MHz_emcfreq_4.266GHz,972000000.0,1,629.7322097673583,8.67328,7.004473621560921,8.26896,89.643465887,1,4266000000,702000000,884.9594206777674,1,22.84736,9.808527725996631,15.7504,1,locked_combo,thor_measurements/libero10_combo_trt_20260430_090849/cpufreq_972MHz_gpufreq_702MHz_emcfreq_4.266GHz/nvtx_ranges.csv,thor_measurements/libero10_combo_trt_20260430_090849/cpufreq_972MHz_gpufreq_702MHz_emcfreq_4.266GHz/phase_metrics.csv,thor_measurements/libero10_combo_trt_20260430_090849/cpufreq_972MHz_gpufreq_702MHz_emcfreq_4.266GHz/phase_summary.csv,thor_measurements/libero10_combo_trt_20260430_090849/cpufreq_972MHz_gpufreq_702MHz_emcfreq_4.266GHz/telemetry_raw.csv,972000000,4266000000,702000000,972000000,14248,2995.3755128723537,83.686,33.24223147108366,57.4032,/home/Thor/Workspace/jyjeong/Isaac-GR00T/thor_measurements/libero10_combo_trt_20260430_090849/summary.csv,cpufreq_972MHz_gpufreq_702MHz_emcfreq_4.266GHz,105.3707844829932
1242000000,4266000000,702000000,1242000000,cpufreq_1.242GHz_gpufreq_702MHz_emcfreq_4.266GHz,1242000000.0,1,591.0003412054518,9.06384,7.193369514410356,8.6592,81.826180797,1,4266000000,702000000,839.0242834256708,1,22.84736,10.142393088750628,16.1376,1,locked_combo,thor_measurements/libero10_combo_trt_20260430_090849/cpufreq_1.242GHz_gpufreq_702MHz_emcfreq_4.266GHz/nvtx_ranges.csv,thor_measurements/libero10_combo_trt_20260430_090849/cpufreq_1.242GHz_gpufreq_702MHz_emcfreq_4.266GHz/phase_metrics.csv,thor_measurements/libero10_combo_trt_20260430_090849/cpufreq_1.242GHz_gpufreq_702MHz_emcfreq_4.266GHz/phase_summary.csv,thor_measurements/libero10_combo_trt_20260430_090849/cpufreq_1.242GHz_gpufreq_702MHz_emcfreq_4.266GHz/telemetry_raw.csv,1242000000,4266000000,702000000,1242000000,13983,2797.596030816819,84.02,33.93279653865408,60.3076,/home/Thor/Workspace/jyjeong/Isaac-GR00T/thor_measurements/libero10_combo_trt_20260430_090849/summary.csv,cpufreq_1.242GHz_gpufreq_702MHz_emcfreq_4.266GHz,101.05357185416666
1566000000,4266000000,702000000,1566000000,cpufreq_1.566GHz_gpufreq_702MHz_emcfreq_4.266GHz,1566000000.0,1,584.8808878170003,9.45792,7.410398297753202,8.66272,78.771168406,1,4266000000,702000000,824.4194306441086,1,22.84736,10.411137050465458,16.14416,1,locked_combo,thor_measurements/libero10_combo_trt_20260430_090849/cpufreq_1.566GHz_gpufreq_702MHz_emcfreq_4.266GHz/nvtx_ranges.csv,thor_measurements/libero10_combo_trt_20260430_090849/cpufreq_1.566GHz_gpufreq_702MHz_emcfreq_4.266GHz/phase_metrics.csv,thor_measurements/libero10_combo_trt_20260430_090849/cpufreq_1.566GHz_gpufreq_702MHz_emcfreq_4.266GHz/phase_summary.csv,thor_measurements/libero10_combo_trt_20260430_090849/cpufreq_1.566GHz_gpufreq_702MHz_emcfreq_4.266GHz/telemetry_raw.csv,1566000000,4266000000,702000000,1566000000,14287,2730.0617044919363,83.992,34.46824777770001,61.57800000000002,/home/Thor/Workspace/jyjeong/Isaac-GR00T/thor_measurements/libero10_combo_trt_20260430_090849/summary.csv,cpufreq_1.566GHz_gpufreq_702MHz_emcfreq_4.266GHz,98.16037181944445
1836000000,4266000000,702000000,1836000000,cpufreq_1.836GHz_gpufreq_702MHz_emcfreq_4.266GHz,1836000000.0,1,591.4116481035065,10.24608,7.75272933176046,9.05648,76.141656157,1,4266000000,702000000,823.9256455992902,1,22.84736,10.79461349247103,16.14416,1,locked_combo,thor_measurements/libero10_combo_trt_20260430_090849/cpufreq_1.836GHz_gpufreq_702MHz_emcfreq_4.266GHz/nvtx_ranges.csv,thor_measurements/libero10_combo_trt_20260430_090849/cpufreq_1.836GHz_gpufreq_702MHz_emcfreq_4.266GHz/phase_metrics.csv,thor_measurements/libero10_combo_trt_20260430_090849/cpufreq_1.836GHz_gpufreq_702MHz_emcfreq_4.266GHz/phase_summary.csv,thor_measurements/libero10_combo_trt_20260430_090849/cpufreq_1.836GHz_gpufreq_702MHz_emcfreq_4.266GHz/telemetry_raw.csv,1836000000,4266000000,702000000,1836000000,14411,2707.1668395259935,84.782,35.39190465616543,62.741,/home/Thor/Workspace/jyjeong/Isaac-GR00T/thor_measurements/libero10_combo_trt_20260430_090849/summary.csv,cpufreq_1.836GHz_gpufreq_702MHz_emcfreq_4.266GHz,96.04140737162162
2160000000,4266000000,702000000,2160000000,cpufreq_2.160GHz_gpufreq_702MHz_emcfreq_4.266GHz,2160000000.0,1,776.8537799884207,11.8224,8.41272716991801,9.45024,92.209499261,1,4266000000,702000000,1084.1427258233132,1,22.84736,11.734981717839975,16.14416,1,locked_combo,thor_measurements/libero10_combo_trt_20260430_090849/cpufreq_2.160GHz_gpufreq_702MHz_emcfreq_4.266GHz/nvtx_ranges.csv,thor_measurements/libero10_combo_trt_20260430_090849/cpufreq_2.160GHz_gpufreq_702MHz_emcfreq_4.266GHz/phase_metrics.csv,thor_measurements/libero10_combo_trt_20260430_090849/cpufreq_2.160GHz_gpufreq_702MHz_emcfreq_4.266GHz/phase_summary.csv,thor_measurements/libero10_combo_trt_20260430_090849/cpufreq_2.160GHz_gpufreq_702MHz_emcfreq_4.266GHz/telemetry_raw.csv,2160000000,4266000000,702000000,2160000000,17685,3465.422390549613,85.094,37.393939949109416,64.8992,/home/Thor/Workspace/jyjeong/Isaac-GR00T/thor_measurements/libero10_combo_trt_20260430_090849/summary.csv,cpufreq_2.160GHz_gpufreq_702MHz_emcfreq_4.266GHz,94.81446696244132
2430000000,4266000000,702000000,2430000000,cpufreq_2.430GHz_gpufreq_702MHz_emcfreq_4.266GHz,2430000000.0,1,778.296249322048,13.00464,8.871287434979159,9.844,87.613375606,1,4266000000,702000000,1030.6182650028245,1,22.84736,11.720870761463043,16.15728,1,locked_combo,thor_measurements/libero10_combo_trt_20260430_090849/cpufreq_2.430GHz_gpufreq_702MHz_emcfreq_4.266GHz/nvtx_ranges.csv,thor_measurements/libero10_combo_trt_20260430_090849/cpufreq_2.430GHz_gpufreq_702MHz_emcfreq_4.266GHz/phase_metrics.csv,thor_measurements/libero10_combo_trt_20260430_090849/cpufreq_2.430GHz_gpufreq_702MHz_emcfreq_4.266GHz/phase_summary.csv,thor_measurements/libero10_combo_trt_20260430_090849/cpufreq_2.430GHz_gpufreq_702MHz_emcfreq_4.266GHz/telemetry_raw.csv,2430000000,4266000000,702000000,2430000000,17033,3333.836010616382,86.72,37.78957870017025,65.34,/home/Thor/Workspace/jyjeong/Isaac-GR00T/thor_measurements/libero10_combo_trt_20260430_090849/summary.csv,cpufreq_2.430GHz_gpufreq_702MHz_emcfreq_4.266GHz,94.16323745049506
2601000000,4266000000,702000000,2601000000,cpufreq_2.601GHz_gpufreq_702MHz_emcfreq_4.266GHz,2601000000.0,1,655.308250171287,14.18112,9.206843724373575,10.23776,71.015404962,1,4266000000,702000000,794.0362847303251,1,22.84736,11.13544361047836,16.14416,1,locked_combo,thor_measurements/libero10_combo_trt_20260430_090849/cpufreq_2.601GHz_gpufreq_702MHz_emcfreq_4.266GHz/nvtx_ranges.csv,thor_measurements/libero10_combo_trt_20260430_090849/cpufreq_2.601GHz_gpufreq_702MHz_emcfreq_4.266GHz/phase_metrics.csv,thor_measurements/libero10_combo_trt_20260430_090849/cpufreq_2.601GHz_gpufreq_702MHz_emcfreq_4.266GHz/phase_summary.csv,thor_measurements/libero10_combo_trt_20260430_090849/cpufreq_2.601GHz_gpufreq_702MHz_emcfreq_4.266GHz/telemetry_raw.csv,2601000000,4266000000,702000000,2601000000,14048,2672.4062969958622,86.036,37.36018550683371,65.41730000000001,/home/Thor/Workspace/jyjeong/Isaac-GR00T/thor_measurements/libero10_combo_trt_20260430_090849/summary.csv,cpufreq_2.601GHz_gpufreq_702MHz_emcfreq_4.266GHz,94.10127203424658
-1,-1,900000000,-1,cpufreq_default_gpufreq_900MHz_emcfreq_default,396023853.01946867,1,704.7410354177873,13.00464,8.919362572159299,9.852,80.310908379,1,-1,900000000,868.6627667483439,1,25.5944,10.774989696748264,15.7504,1,locked_combo,thor_measurements/libero10_combo_trt_20260430_090849/cpufreq_default_gpufreq_900MHz_emcfreq_default/nvtx_ranges.csv,thor_measurements/libero10_combo_trt_20260430_090849/cpufreq_default_gpufreq_900MHz_emcfreq_default/phase_metrics.csv,thor_measurements/libero10_combo_trt_20260430_090849/cpufreq_default_gpufreq_900MHz_emcfreq_default/phase_summary.csv,thor_measurements/libero10_combo_trt_20260430_090849/cpufreq_default_gpufreq_900MHz_emcfreq_default/telemetry_raw.csv,-1,-1,900000000,-1,5474,2917.7354235669363,79.96,37.32408878333943,64.40030000000002,/home/Thor/Workspace/jyjeong/Isaac-GR00T/thor_measurements/libero10_combo_trt_20260430_090849/summary.csv,cpufreq_default_gpufreq_900MHz_emcfreq_default,106.61901698601399
648000000,-1,900000000,648000000,cpufreq_648MHz_gpufreq_900MHz_emcfreq_default,648000000.0,1,859.6826016181781,10.23776,7.990419981027239,9.844,107.506969688,1,-1,900000000,1021.4203342713482,1,25.5944,9.469710811763113,15.7504,1,locked_combo,thor_measurements/libero10_combo_trt_20260430_090849/cpufreq_648MHz_gpufreq_900MHz_emcfreq_default/nvtx_ranges.csv,thor_measurements/libero10_combo_trt_20260430_090849/cpufreq_648MHz_gpufreq_900MHz_emcfreq_default/phase_metrics.csv,thor_measurements/libero10_combo_trt_20260430_090849/cpufreq_648MHz_gpufreq_900MHz_emcfreq_default/phase_summary.csv,thor_measurements/libero10_combo_trt_20260430_090849/cpufreq_648MHz_gpufreq_900MHz_emcfreq_default/telemetry_raw.csv,648000000,-1,900000000,648000000,14758,3605.8491549481746,80.104,33.55819311559832,59.01469999999999,/home/Thor/Workspace/jyjeong/Isaac-GR00T/thor_measurements/libero10_combo_trt_20260430_090849/summary.csv,cpufreq_648MHz_gpufreq_900MHz_emcfreq_default,111.99462203289474
972000000,-1,900000000,972000000,cpufreq_972MHz_gpufreq_900MHz_emcfreq_default,972000000.0,1,743.2400467766438,10.63152,8.384370696154114,10.23776,88.744666179,1,-1,900000000,909.1012765112994,1,25.5944,10.260466202100284,16.53792,1,locked_combo,thor_measurements/libero10_combo_trt_20260430_090849/cpufreq_972MHz_gpufreq_900MHz_emcfreq_default/nvtx_ranges.csv,thor_measurements/libero10_combo_trt_20260430_090849/cpufreq_972MHz_gpufreq_900MHz_emcfreq_default/phase_metrics.csv,thor_measurements/libero10_combo_trt_20260430_090849/cpufreq_972MHz_gpufreq_900MHz_emcfreq_default/phase_summary.csv,thor_measurements/libero10_combo_trt_20260430_090849/cpufreq_972MHz_gpufreq_900MHz_emcfreq_default/telemetry_raw.csv,972000000,-1,900000000,972000000,14379,3115.114671122551,79.956,35.129990959037485,64.008,/home/Thor/Workspace/jyjeong/Isaac-GR00T/thor_measurements/libero10_combo_trt_20260430_090849/summary.csv,cpufreq_972MHz_gpufreq_900MHz_emcfreq_default,96.10317062913907
1242000000,-1,900000000,1242000000,cpufreq_1.242GHz_gpufreq_900MHz_emcfreq_default,1242000000.0,1,675.2391803569686,10.64016,8.52250645381984,10.23776,79.39383386,1,-1,900000000,827.2292584357729,1,25.5944,10.456950513112885,16.9248,1,locked_combo,thor_measurements/libero10_combo_trt_20260430_090849/cpufreq_1.242GHz_gpufreq_900MHz_emcfreq_default/nvtx_ranges.csv,thor_measurements/libero10_combo_trt_20260430_090849/cpufreq_1.242GHz_gpufreq_900MHz_emcfreq_default/phase_metrics.csv,thor_measurements/libero10_combo_trt_20260430_090849/cpufreq_1.242GHz_gpufreq_900MHz_emcfreq_default/phase_summary.csv,thor_measurements/libero10_combo_trt_20260430_090849/cpufreq_1.242GHz_gpufreq_900MHz_emcfreq_default/telemetry_raw.csv,1242000000,-1,900000000,1242000000,14032,2817.0229447557904,79.312,35.516465364880276,66.02920000000002,/home/Thor/Workspace/jyjeong/Isaac-GR00T/thor_measurements/libero10_combo_trt_20260430_090849/summary.csv,cpufreq_1.242GHz_gpufreq_900MHz_emcfreq_default,92.22772879710145
1566000000,-1,900000000,1566000000,cpufreq_1.566GHz_gpufreq_900MHz_emcfreq_default,1566000000.0,1,663.5281745832617,11.03424,8.767962705646317,10.6272,75.736556523,1,-1,900000000,818.2906901747227,1,25.5944,10.804417151046144,16.93168,1,locked_combo,thor_measurements/libero10_combo_trt_20260430_090849/cpufreq_1.566GHz_gpufreq_900MHz_emcfreq_default/nvtx_ranges.csv,thor_measurements/libero10_combo_trt_20260430_090849/cpufreq_1.566GHz_gpufreq_900MHz_emcfreq_default/phase_metrics.csv,thor_measurements/libero10_combo_trt_20260430_090849/cpufreq_1.566GHz_gpufreq_900MHz_emcfreq_default/phase_summary.csv,thor_measurements/libero10_combo_trt_20260430_090849/cpufreq_1.566GHz_gpufreq_900MHz_emcfreq_default/telemetry_raw.csv,1566000000,-1,900000000,1566000000,13956,2752.3723133022672,80.31,36.2627901977644,67.9625,/home/Thor/Workspace/jyjeong/Isaac-GR00T/thor_measurements/libero10_combo_trt_20260430_090849/summary.csv,cpufreq_1.566GHz_gpufreq_900MHz_emcfreq_default,89.75812316312057
1836000000,-1,900000000,1836000000,cpufreq_1.836GHz_gpufreq_900MHz_emcfreq_default,1836000000.0,1,693.6061034467745,12.2016,9.179279681986191,11.020799999999998,75.599359749,1,-1,900000000,842.7931274203683,1,25.5944,11.14594185926494,16.93168,1,locked_combo,thor_measurements/libero10_combo_trt_20260430_090849/cpufreq_1.836GHz_gpufreq_900MHz_emcfreq_default/nvtx_ranges.csv,thor_measurements/libero10_combo_trt_20260430_090849/cpufreq_1.836GHz_gpufreq_900MHz_emcfreq_default/phase_metrics.csv,thor_measurements/libero10_combo_trt_20260430_090849/cpufreq_1.836GHz_gpufreq_900MHz_emcfreq_default/phase_summary.csv,thor_measurements/libero10_combo_trt_20260430_090849/cpufreq_1.836GHz_gpufreq_900MHz_emcfreq_default/telemetry_raw.csv,1836000000,-1,900000000,1836000000,14339,2814.5404836488847,80.6,37.131471232303504,69.38680000000001,/home/Thor/Workspace/jyjeong/Isaac-GR00T/thor_measurements/libero10_combo_trt_20260430_090849/summary.csv,cpufreq_1.836GHz_gpufreq_900MHz_emcfreq_default,87.93930122818793
2160000000,-1,900000000,2160000000,cpufreq_2.160GHz_gpufreq_900MHz_emcfreq_default,2160000000.0,1,693.8276538176134,13.39872,9.67062823395798,11.41904,71.786439122,1,-1,900000000,808.9251963719687,1,25.5944,11.261217649063031,17.32544,1,locked_combo,thor_measurements/libero10_combo_trt_20260430_090849/cpufreq_2.160GHz_gpufreq_900MHz_emcfreq_default/nvtx_ranges.csv,thor_measurements/libero10_combo_trt_20260430_090849/cpufreq_2.160GHz_gpufreq_900MHz_emcfreq_default/phase_metrics.csv,thor_measurements/libero10_combo_trt_20260430_090849/cpufreq_2.160GHz_gpufreq_900MHz_emcfreq_default/phase_summary.csv,thor_measurements/libero10_combo_trt_20260430_090849/cpufreq_2.160GHz_gpufreq_900MHz_emcfreq_default/telemetry_raw.csv,2160000000,-1,900000000,2160000000,14088,2720.6493086153578,80.898,37.771673622941506,70.43419999999999,/home/Thor/Workspace/jyjeong/Isaac-GR00T/thor_measurements/libero10_combo_trt_20260430_090849/summary.csv,cpufreq_2.160GHz_gpufreq_900MHz_emcfreq_default,86.09200944444444
2430000000,-1,900000000,2430000000,cpufreq_2.430GHz_gpufreq_900MHz_emcfreq_default,2430000000.0,1,724.7733815502462,14.18688,10.283042220473568,11.8128,70.442007557,1,-1,900000000,827.7980693227188,1,25.5944,11.605406280849849,17.32544,1,locked_combo,thor_measurements/libero10_combo_trt_20260430_090849/cpufreq_2.430GHz_gpufreq_900MHz_emcfreq_default/nvtx_ranges.csv,thor_measurements/libero10_combo_trt_20260430_090849/cpufreq_2.430GHz_gpufreq_900MHz_emcfreq_default/phase_metrics.csv,thor_measurements/libero10_combo_trt_20260430_090849/cpufreq_2.430GHz_gpufreq_900MHz_emcfreq_default/phase_summary.csv,thor_measurements/libero10_combo_trt_20260430_090849/cpufreq_2.430GHz_gpufreq_900MHz_emcfreq_default/telemetry_raw.csv,2430000000,-1,900000000,2430000000,13979,2765.1039497471434,81.778,38.96679032834967,71.76800000000001,/home/Thor/Workspace/jyjeong/Isaac-GR00T/thor_measurements/libero10_combo_trt_20260430_090849/summary.csv,cpufreq_2.430GHz_gpufreq_900MHz_emcfreq_default,85.44595617647059
2601000000,-1,900000000,2601000000,cpufreq_2.601GHz_gpufreq_900MHz_emcfreq_default,2601000000.0,1,719.3416949840931,16.15072,10.642361841780872,12.5952,67.503223029,1,-1,900000000,775.112199864938,1,25.5944,11.43710315423102,17.32544,1,locked_combo,thor_measurements/libero10_combo_trt_20260430_090849/cpufreq_2.601GHz_gpufreq_900MHz_emcfreq_default/nvtx_ranges.csv,thor_measurements/libero10_combo_trt_20260430_090849/cpufreq_2.601GHz_gpufreq_900MHz_emcfreq_default/phase_metrics.csv,thor_measurements/libero10_combo_trt_20260430_090849/cpufreq_2.601GHz_gpufreq_900MHz_emcfreq_default/phase_summary.csv,thor_measurements/libero10_combo_trt_20260430_090849/cpufreq_2.601GHz_gpufreq_900MHz_emcfreq_default/telemetry_raw.csv,2601000000,-1,900000000,2601000000,13791,2649.5053886790206,82.508,39.037188311217456,72.15,/home/Thor/Workspace/jyjeong/Isaac-GR00T/thor_measurements/libero10_combo_trt_20260430_090849/summary.csv,cpufreq_2.601GHz_gpufreq_900MHz_emcfreq_default,85.16047099280576
-1,665600000,900000000,-1,cpufreq_default_gpufreq_900MHz_emcfreq_665MHz,367244359.0752355,1,822.0475268054028,11.8224,6.399498435120687,7.48752,129.292865471,1,665600000,900000000,1233.8005460452482,1,25.5944,9.49351778389762,11.8224,1,locked_combo,thor_measurements/libero10_combo_trt_20260430_090849/cpufreq_default_gpufreq_900MHz_emcfreq_665MHz/nvtx_ranges.csv,thor_measurements/libero10_combo_trt_20260430_090849/cpufreq_default_gpufreq_900MHz_emcfreq_665MHz/phase_metrics.csv,thor_measurements/libero10_combo_trt_20260430_090849/cpufreq_default_gpufreq_900MHz_emcfreq_665MHz/phase_summary.csv,thor_measurements/libero10_combo_trt_20260430_090849/cpufreq_default_gpufreq_900MHz_emcfreq_665MHz/telemetry_raw.csv,-1,665600000,900000000,-1,6173,4122.410615559884,48.778,32.021296614288026,42.32719999999999,/home/Thor/Workspace/jyjeong/Isaac-GR00T/thor_measurements/libero10_combo_trt_20260430_090849/summary.csv,cpufreq_default_gpufreq_900MHz_emcfreq_665MHz,278.2226990140845
648000000,665600000,900000000,648000000,cpufreq_648MHz_gpufreq_900MHz_emcfreq_665MHz,648000000.0,1,877.5539961517006,7.09632,5.8377952119236145,6.30528,149.481352698,1,665600000,900000000,1322.3448611953936,1,25.5944,8.677918407079646,11.8224,1,locked_combo,thor_measurements/libero10_combo_trt_20260430_090849/cpufreq_648MHz_gpufreq_900MHz_emcfreq_665MHz/nvtx_ranges.csv,thor_measurements/libero10_combo_trt_20260430_090849/cpufreq_648MHz_gpufreq_900MHz_emcfreq_665MHz/phase_metrics.csv,thor_measurements/libero10_combo_trt_20260430_090849/cpufreq_648MHz_gpufreq_900MHz_emcfreq_665MHz/phase_summary.csv,thor_measurements/libero10_combo_trt_20260430_090849/cpufreq_648MHz_gpufreq_900MHz_emcfreq_665MHz/telemetry_raw.csv,648000000,665600000,900000000,648000000,17176,4516.107349995042,47.422,29.791894503959018,41.7035,/home/Thor/Workspace/jyjeong/Isaac-GR00T/thor_measurements/libero10_combo_trt_20260430_090849/summary.csv,cpufreq_648MHz_gpufreq_900MHz_emcfreq_665MHz,273.07056862857144
972000000,665600000,900000000,972000000,cpufreq_972MHz_gpufreq_900MHz_emcfreq_665MHz,972000000.0,1,861.3477520766039,7.49056,6.0552931289333545,6.69936,141.471003206,1,665600000,900000000,1310.0275050770333,1,25.5944,9.080399539562151,11.8224,1,locked_combo,thor_measurements/libero10_combo_trt_20260430_090849/cpufreq_972MHz_gpufreq_900MHz_emcfreq_665MHz/nvtx_ranges.csv,thor_measurements/libero10_combo_trt_20260430_090849/cpufreq_972MHz_gpufreq_900MHz_emcfreq_665MHz/phase_metrics.csv,thor_measurements/libero10_combo_trt_20260430_090849/cpufreq_972MHz_gpufreq_900MHz_emcfreq_665MHz/phase_summary.csv,thor_measurements/libero10_combo_trt_20260430_090849/cpufreq_972MHz_gpufreq_900MHz_emcfreq_665MHz/telemetry_raw.csv,972000000,665600000,900000000,972000000,18591,4400.50741951907,47.98,30.603674358560596,42.468,/home/Thor/Workspace/jyjeong/Isaac-GR00T/thor_measurements/libero10_combo_trt_20260430_090849/summary.csv,cpufreq_972MHz_gpufreq_900MHz_emcfreq_665MHz,262.68881486928103
1242000000,665600000,900000000,1242000000,cpufreq_1.242GHz_gpufreq_900MHz_emcfreq_665MHz,1242000000.0,1,808.8513986557552,7.49056,6.163191943400398,6.69936,130.549416369,1,665600000,900000000,1230.155553876027,1,25.6048,9.268959221755471,12.21648,1,locked_combo,thor_measurements/libero10_combo_trt_20260430_090849/cpufreq_1.242GHz_gpufreq_900MHz_emcfreq_665MHz/nvtx_ranges.csv,thor_measurements/libero10_combo_trt_20260430_090849/cpufreq_1.242GHz_gpufreq_900MHz_emcfreq_665MHz/phase_metrics.csv,thor_measurements/libero10_combo_trt_20260430_090849/cpufreq_1.242GHz_gpufreq_900MHz_emcfreq_665MHz/phase_summary.csv,thor_measurements/libero10_combo_trt_20260430_090849/cpufreq_1.242GHz_gpufreq_900MHz_emcfreq_665MHz/telemetry_raw.csv,1242000000,665600000,900000000,1242000000,18092,4105.938676927035,47.974,30.941054499226176,43.144,/home/Thor/Workspace/jyjeong/Isaac-GR00T/thor_measurements/libero10_combo_trt_20260430_090849/summary.csv,cpufreq_1.242GHz_gpufreq_900MHz_emcfreq_665MHz,255.67701839455782
1566000000,665600000,900000000,1566000000,cpufreq_1.566GHz_gpufreq_900MHz_emcfreq_665MHz,1566000000.0,1,820.9381029673681,8.27904,6.302808496492175,6.69936,129.459390521,1,665600000,900000000,1244.6639839932634,1,25.5944,9.453231991365351,12.21648,1,locked_combo,thor_measurements/libero10_combo_trt_20260430_090849/cpufreq_1.566GHz_gpufreq_900MHz_emcfreq_665MHz/nvtx_ranges.csv,thor_measurements/libero10_combo_trt_20260430_090849/cpufreq_1.566GHz_gpufreq_900MHz_emcfreq_665MHz/phase_metrics.csv,thor_measurements/libero10_combo_trt_20260430_090849/cpufreq_1.566GHz_gpufreq_900MHz_emcfreq_665MHz/phase_summary.csv,thor_measurements/libero10_combo_trt_20260430_090849/cpufreq_1.566GHz_gpufreq_900MHz_emcfreq_665MHz/telemetry_raw.csv,1566000000,665600000,900000000,1566000000,18530,4128.969298652911,48.064,31.349007339449543,43.583299999999994,/home/Thor/Workspace/jyjeong/Isaac-GR00T/thor_measurements/libero10_combo_trt_20260430_090849/summary.csv,cpufreq_1.566GHz_gpufreq_900MHz_emcfreq_665MHz,254.0291589144737
1836000000,665600000,900000000,1836000000,cpufreq_1.836GHz_gpufreq_900MHz_emcfreq_665MHz,1836000000.0,1,814.9456765639275,9.06752,6.601304648506152,7.09344,122.759314105,1,665600000,900000000,1179.8589775141954,1,25.5944,9.412862750439366,12.21648,1,locked_combo,thor_measurements/libero10_combo_trt_20260430_090849/cpufreq_1.836GHz_gpufreq_900MHz_emcfreq_665MHz/nvtx_ranges.csv,thor_measurements/libero10_combo_trt_20260430_090849/cpufreq_1.836GHz_gpufreq_900MHz_emcfreq_665MHz/phase_metrics.csv,thor_measurements/libero10_combo_trt_20260430_090849/cpufreq_1.836GHz_gpufreq_900MHz_emcfreq_665MHz/phase_summary.csv,thor_measurements/libero10_combo_trt_20260430_090849/cpufreq_1.836GHz_gpufreq_900MHz_emcfreq_665MHz/telemetry_raw.csv,1836000000,665600000,900000000,1836000000,18208,3951.0442095870144,48.65,31.558691344463973,43.906600000000005,/home/Thor/Workspace/jyjeong/Isaac-GR00T/thor_measurements/libero10_combo_trt_20260430_090849/summary.csv,cpufreq_1.836GHz_gpufreq_900MHz_emcfreq_665MHz,253.63973653146851
2160000000,665600000,900000000,2160000000,cpufreq_2.160GHz_gpufreq_900MHz_emcfreq_665MHz,2160000000.0,1,913.3171727406708,10.24608,7.121423936862604,7.49056,127.627665734,1,665600000,900000000,1252.7670714355531,1,25.5944,9.67821684415518,12.21648,1,locked_combo,thor_measurements/libero10_combo_trt_20260430_090849/cpufreq_2.160GHz_gpufreq_900MHz_emcfreq_665MHz/nvtx_ranges.csv,thor_measurements/libero10_combo_trt_20260430_090849/cpufreq_2.160GHz_gpufreq_900MHz_emcfreq_665MHz/phase_metrics.csv,thor_measurements/libero10_combo_trt_20260430_090849/cpufreq_2.160GHz_gpufreq_900MHz_emcfreq_665MHz/phase_summary.csv,thor_measurements/libero10_combo_trt_20260430_090849/cpufreq_2.160GHz_gpufreq_900MHz_emcfreq_665MHz/telemetry_raw.csv,2160000000,665600000,900000000,2160000000,19513,4215.793606820576,49.584,32.4794521600984,44.7088,/home/Thor/Workspace/jyjeong/Isaac-GR00T/thor_measurements/libero10_combo_trt_20260430_090849/summary.csv,cpufreq_2.160GHz_gpufreq_900MHz_emcfreq_665MHz,253.28939417419357
2430000000,665600000,900000000,2430000000,cpufreq_2.430GHz_gpufreq_900MHz_emcfreq_665MHz,2430000000.0,1,945.740150277444,11.42832,7.592763705056619,8.27568,123.811286202,1,665600000,900000000,1224.5151981270749,1,25.5944,9.732751840526014,12.21648,1,locked_combo,thor_measurements/libero10_combo_trt_20260430_090849/cpufreq_2.430GHz_gpufreq_900MHz_emcfreq_665MHz/nvtx_ranges.csv,thor_measurements/libero10_combo_trt_20260430_090849/cpufreq_2.430GHz_gpufreq_900MHz_emcfreq_665MHz/phase_metrics.csv,thor_measurements/libero10_combo_trt_20260430_090849/cpufreq_2.430GHz_gpufreq_900MHz_emcfreq_665MHz/phase_summary.csv,thor_measurements/libero10_combo_trt_20260430_090849/cpufreq_2.430GHz_gpufreq_900MHz_emcfreq_665MHz/telemetry_raw.csv,2430000000,665600000,900000000,2430000000,19163,4165.659813325595,49.95,33.04653342378542,45.607600000000005,/home/Thor/Workspace/jyjeong/Isaac-GR00T/thor_measurements/libero10_combo_trt_20260430_090849/summary.csv,cpufreq_2.430GHz_gpufreq_900MHz_emcfreq_665MHz,251.0563822171053
2601000000,665600000,900000000,2601000000,cpufreq_2.601GHz_gpufreq_900MHz_emcfreq_665MHz,2601000000.0,1,970.3007282022998,12.61056,8.039033150787295,8.66976,120.073071118,1,665600000,900000000,1190.364032053275,1,25.5944,9.785096429143314,12.21648,1,locked_combo,thor_measurements/libero10_combo_trt_20260430_090849/cpufreq_2.601GHz_gpufreq_900MHz_emcfreq_665MHz/nvtx_ranges.csv,thor_measurements/libero10_combo_trt_20260430_090849/cpufreq_2.601GHz_gpufreq_900MHz_emcfreq_665MHz/phase_metrics.csv,thor_measurements/libero10_combo_trt_20260430_090849/cpufreq_2.601GHz_gpufreq_900MHz_emcfreq_665MHz/phase_summary.csv,thor_measurements/libero10_combo_trt_20260430_090849/cpufreq_2.601GHz_gpufreq_900MHz_emcfreq_665MHz/telemetry_raw.csv,2601000000,665600000,900000000,2601000000,18735,4097.098959738584,51.66,33.548202508673604,45.8672,/home/Thor/Workspace/jyjeong/Isaac-GR00T/thor_measurements/libero10_combo_trt_20260430_090849/summary.csv,cpufreq_2.601GHz_gpufreq_900MHz_emcfreq_665MHz,252.52842678911566
-1,2750000000,900000000,-1,cpufreq_default_gpufreq_900MHz_emcfreq_2.750GHz,373286976.8787648,1,592.7019713461401,11.03424,6.858382912907383,7.8816,87.38269037,1,2750000000,900000000,926.6036291004922,1,25.5944,10.574394490885656,15.35664,1,locked_combo,thor_measurements/libero10_combo_trt_20260430_090849/cpufreq_default_gpufreq_900MHz_emcfreq_2.750GHz/nvtx_ranges.csv,thor_measurements/libero10_combo_trt_20260430_090849/cpufreq_default_gpufreq_900MHz_emcfreq_2.750GHz/phase_metrics.csv,thor_measurements/libero10_combo_trt_20260430_090849/cpufreq_default_gpufreq_900MHz_emcfreq_2.750GHz/phase_summary.csv,thor_measurements/libero10_combo_trt_20260430_090849/cpufreq_default_gpufreq_900MHz_emcfreq_2.750GHz/telemetry_raw.csv,-1,2750000000,900000000,-1,5431,2959.0061602150577,75.57,34.91620696004419,59.257000000000005,/home/Thor/Workspace/jyjeong/Isaac-GR00T/thor_measurements/libero10_combo_trt_20260430_090849/summary.csv,cpufreq_default_gpufreq_900MHz_emcfreq_2.750GHz,113.66973471428571
648000000,2750000000,900000000,648000000,cpufreq_648MHz_gpufreq_900MHz_emcfreq_2.750GHz,648000000.0,1,665.6877820697895,7.8816,6.275242595280028,7.481439999999999,105.6951609,1,2750000000,900000000,1036.3620991865682,1,25.5944,9.72528819443466,15.7504,1,locked_combo,thor_measurements/libero10_combo_trt_20260430_090849/cpufreq_648MHz_gpufreq_900MHz_emcfreq_2.750GHz/nvtx_ranges.csv,thor_measurements/libero10_combo_trt_20260430_090849/cpufreq_648MHz_gpufreq_900MHz_emcfreq_2.750GHz/phase_metrics.csv,thor_measurements/libero10_combo_trt_20260430_090849/cpufreq_648MHz_gpufreq_900MHz_emcfreq_2.750GHz/phase_summary.csv,thor_measurements/libero10_combo_trt_20260430_090849/cpufreq_648MHz_gpufreq_900MHz_emcfreq_2.750GHz/telemetry_raw.csv,648000000,2750000000,900000000,648000000,14195,3384.8849827770514,75.794,31.89902768580486,55.196,/home/Thor/Workspace/jyjeong/Isaac-GR00T/thor_measurements/libero10_combo_trt_20260430_090849/summary.csv,cpufreq_648MHz_gpufreq_900MHz_emcfreq_2.750GHz,117.1185801904762
972000000,2750000000,900000000,972000000,cpufreq_972MHz_gpufreq_900MHz_emcfreq_2.750GHz,972000000.0,1,608.0591519873075,8.27568,6.602733681657543,7.8752,91.895623462,1,2750000000,900000000,951.7943457506544,1,25.5944,10.310280091469751,16.14416,1,locked_combo,thor_measurements/libero10_combo_trt_20260430_090849/cpufreq_972MHz_gpufreq_900MHz_emcfreq_2.750GHz/nvtx_ranges.csv,thor_measurements/libero10_combo_trt_20260430_090849/cpufreq_972MHz_gpufreq_900MHz_emcfreq_2.750GHz/phase_metrics.csv,thor_measurements/libero10_combo_trt_20260430_090849/cpufreq_972MHz_gpufreq_900MHz_emcfreq_2.750GHz/phase_summary.csv,thor_measurements/libero10_combo_trt_20260430_090849/cpufreq_972MHz_gpufreq_900MHz_emcfreq_2.750GHz/telemetry_raw.csv,972000000,2750000000,900000000,972000000,14431,3061.2271530414214,75.638,33.21687062573626,58.596,/home/Thor/Workspace/jyjeong/Isaac-GR00T/thor_measurements/libero10_combo_trt_20260430_090849/summary.csv,cpufreq_972MHz_gpufreq_900MHz_emcfreq_2.750GHz,103.03900180254777
1242000000,2750000000,900000000,1242000000,cpufreq_1.242GHz_gpufreq_900MHz_emcfreq_2.750GHz,1242000000.0,1,554.1216734617778,8.66976,6.733665466734679,7.8752,82.202814229,1,2750000000,900000000,863.2004915439616,1,25.5944,10.480923051810828,16.53792,1,locked_combo,thor_measurements/libero10_combo_trt_20260430_090849/cpufreq_1.242GHz_gpufreq_900MHz_emcfreq_2.750GHz/nvtx_ranges.csv,thor_measurements/libero10_combo_trt_20260430_090849/cpufreq_1.242GHz_gpufreq_900MHz_emcfreq_2.750GHz/phase_metrics.csv,thor_measurements/libero10_combo_trt_20260430_090849/cpufreq_1.242GHz_gpufreq_900MHz_emcfreq_2.750GHz/phase_summary.csv,thor_measurements/libero10_combo_trt_20260430_090849/cpufreq_1.242GHz_gpufreq_900MHz_emcfreq_2.750GHz/telemetry_raw.csv,1242000000,2750000000,900000000,1242000000,13723,2770.066123624739,75.818,33.60843095533047,60.8098,/home/Thor/Workspace/jyjeong/Isaac-GR00T/thor_measurements/libero10_combo_trt_20260430_090849/summary.csv,cpufreq_1.242GHz_gpufreq_900MHz_emcfreq_2.750GHz,98.4813026993007
1566000000,2750000000,900000000,1566000000,cpufreq_1.566GHz_gpufreq_900MHz_emcfreq_2.750GHz,1566000000.0,1,552.2469464556863,9.06384,6.95489326360424,8.2656,79.313691223,1,2750000000,900000000,870.6285205309111,1,25.5944,10.99922607491166,16.55136,1,locked_combo,thor_measurements/libero10_combo_trt_20260430_090849/cpufreq_1.566GHz_gpufreq_900MHz_emcfreq_2.750GHz/nvtx_ranges.csv,thor_measurements/libero10_combo_trt_20260430_090849/cpufreq_1.566GHz_gpufreq_900MHz_emcfreq_2.750GHz/phase_metrics.csv,thor_measurements/libero10_combo_trt_20260430_090849/cpufreq_1.566GHz_gpufreq_900MHz_emcfreq_2.750GHz/phase_summary.csv,thor_measurements/libero10_combo_trt_20260430_090849/cpufreq_1.566GHz_gpufreq_900MHz_emcfreq_2.750GHz/telemetry_raw.csv,1566000000,2750000000,900000000,1566000000,14150,2743.330331234023,76.086,34.51203434628975,62.855899999999984,/home/Thor/Workspace/jyjeong/Isaac-GR00T/thor_measurements/libero10_combo_trt_20260430_090849/summary.csv,cpufreq_1.566GHz_gpufreq_900MHz_emcfreq_2.750GHz,95.54700249333334
1836000000,2750000000,900000000,1836000000,cpufreq_1.836GHz_gpufreq_900MHz_emcfreq_2.750GHz,1836000000.0,1,552.9088468336648,9.852,7.245412911574407,8.26896,76.107985718,1,2750000000,900000000,840.561373770871,1,25.5944,11.010297363048169,16.9248,1,locked_combo,thor_measurements/libero10_combo_trt_20260430_090849/cpufreq_1.836GHz_gpufreq_900MHz_emcfreq_2.750GHz/nvtx_ranges.csv,thor_measurements/libero10_combo_trt_20260430_090849/cpufreq_1.836GHz_gpufreq_900MHz_emcfreq_2.750GHz/phase_metrics.csv,thor_measurements/libero10_combo_trt_20260430_090849/cpufreq_1.836GHz_gpufreq_900MHz_emcfreq_2.750GHz/phase_summary.csv,thor_measurements/libero10_combo_trt_20260430_090849/cpufreq_1.836GHz_gpufreq_900MHz_emcfreq_2.750GHz/telemetry_raw.csv,1836000000,2750000000,900000000,1836000000,13910,2662.540498328348,76.378,34.796650467289716,63.4402,/home/Thor/Workspace/jyjeong/Isaac-GR00T/thor_measurements/libero10_combo_trt_20260430_090849/summary.csv,cpufreq_1.836GHz_gpufreq_900MHz_emcfreq_2.750GHz,94.3819983448276
2160000000,2750000000,900000000,2160000000,cpufreq_2.160GHz_gpufreq_900MHz_emcfreq_2.750GHz,2160000000.0,1,591.70368787237,11.03424,7.801325345113197,9.0528,75.691544537,1,2750000000,900000000,861.2875544011201,1,25.5944,11.358376631695196,16.93168,1,locked_combo,thor_measurements/libero10_combo_trt_20260430_090849/cpufreq_2.160GHz_gpufreq_900MHz_emcfreq_2.750GHz/nvtx_ranges.csv,thor_measurements/libero10_combo_trt_20260430_090849/cpufreq_2.160GHz_gpufreq_900MHz_emcfreq_2.750GHz/phase_metrics.csv,thor_measurements/libero10_combo_trt_20260430_090849/cpufreq_2.160GHz_gpufreq_900MHz_emcfreq_2.750GHz/phase_summary.csv,thor_measurements/libero10_combo_trt_20260430_090849/cpufreq_2.160GHz_gpufreq_900MHz_emcfreq_2.750GHz/telemetry_raw.csv,2160000000,2750000000,900000000,2160000000,14488,2728.920523216071,77.268,35.853493097736056,65.336,/home/Thor/Workspace/jyjeong/Isaac-GR00T/thor_measurements/libero10_combo_trt_20260430_090849/summary.csv,cpufreq_2.160GHz_gpufreq_900MHz_emcfreq_2.750GHz,92.27007396732026
2430000000,2750000000,900000000,2430000000,cpufreq_2.430GHz_gpufreq_900MHz_emcfreq_2.750GHz,2430000000.0,1,629.1611544532882,12.21648,8.346499134902452,9.45024,75.297719302,1,2750000000,900000000,877.6547518770114,1,25.5944,11.665616085537737,16.93856,1,locked_combo,thor_measurements/libero10_combo_trt_20260430_090849/cpufreq_2.430GHz_gpufreq_900MHz_emcfreq_2.750GHz/nvtx_ranges.csv,thor_measurements/libero10_combo_trt_20260430_090849/cpufreq_2.430GHz_gpufreq_900MHz_emcfreq_2.750GHz/phase_metrics.csv,thor_measurements/libero10_combo_trt_20260430_090849/cpufreq_2.430GHz_gpufreq_900MHz_emcfreq_2.750GHz/phase_summary.csv,thor_measurements/libero10_combo_trt_20260430_090849/cpufreq_2.430GHz_gpufreq_900MHz_emcfreq_2.750GHz/telemetry_raw.csv,2430000000,2750000000,900000000,2430000000,14403,2787.498417579766,77.324,36.80955245434979,66.27780000000001,/home/Thor/Workspace/jyjeong/Isaac-GR00T/thor_measurements/libero10_combo_trt_20260430_090849/summary.csv,cpufreq_2.430GHz_gpufreq_900MHz_emcfreq_2.750GHz,91.94979826582279
2601000000,2750000000,900000000,2601000000,cpufreq_2.601GHz_gpufreq_900MHz_emcfreq_2.750GHz,2601000000.0,1,630.0636126962465,13.7928,8.75435531759133,9.848,71.878972229,1,2750000000,900000000,822.6615360520959,1,25.5944,11.44857501471327,16.93168,1,locked_combo,thor_measurements/libero10_combo_trt_20260430_090849/cpufreq_2.601GHz_gpufreq_900MHz_emcfreq_2.750GHz/nvtx_ranges.csv,thor_measurements/libero10_combo_trt_20260430_090849/cpufreq_2.601GHz_gpufreq_900MHz_emcfreq_2.750GHz/phase_metrics.csv,thor_measurements/libero10_combo_trt_20260430_090849/cpufreq_2.601GHz_gpufreq_900MHz_emcfreq_2.750GHz/phase_summary.csv,thor_measurements/libero10_combo_trt_20260430_090849/cpufreq_2.601GHz_gpufreq_900MHz_emcfreq_2.750GHz/telemetry_raw.csv,2601000000,2750000000,900000000,2601000000,13933,2671.965687261058,79.026,37.047462714419005,66.934,/home/Thor/Workspace/jyjeong/Isaac-GR00T/thor_measurements/libero10_combo_trt_20260430_090849/summary.csv,cpufreq_2.601GHz_gpufreq_900MHz_emcfreq_2.750GHz,91.1080796413793
-1,3200000000,900000000,-1,cpufreq_default_gpufreq_900MHz_emcfreq_3.200GHz,400741164.9481732,1,593.755124932431,11.8224,7.20892127213864,8.27568,83.097450561,1,3200000000,900000000,883.647724264509,1,25.98816,10.41397356693963,15.744,1,locked_combo,thor_measurements/libero10_combo_trt_20260430_090849/cpufreq_default_gpufreq_900MHz_emcfreq_3.200GHz/nvtx_ranges.csv,thor_measurements/libero10_combo_trt_20260430_090849/cpufreq_default_gpufreq_900MHz_emcfreq_3.200GHz/phase_metrics.csv,thor_measurements/libero10_combo_trt_20260430_090849/cpufreq_default_gpufreq_900MHz_emcfreq_3.200GHz/phase_summary.csv,thor_measurements/libero10_combo_trt_20260430_090849/cpufreq_default_gpufreq_900MHz_emcfreq_3.200GHz/telemetry_raw.csv,-1,3200000000,900000000,-1,5251,2850.306099347955,82.45,34.80917615692249,58.318,/home/Thor/Workspace/jyjeong/Isaac-GR00T/thor_measurements/libero10_combo_trt_20260430_090849/summary.csv,cpufreq_default_gpufreq_900MHz_emcfreq_3.200GHz,109.54340990780142
648000000,3200000000,900000000,648000000,cpufreq_648MHz_gpufreq_900MHz_emcfreq_3.200GHz,648000000.0,1,715.5583240046307,8.26896,6.63498782176852,7.8752,107.526692644,1,3200000000,900000000,1067.6121670239406,1,25.5944,9.85710340184853,15.7504,1,locked_combo,thor_measurements/libero10_combo_trt_20260430_090849/cpufreq_648MHz_gpufreq_900MHz_emcfreq_3.200GHz/nvtx_ranges.csv,thor_measurements/libero10_combo_trt_20260430_090849/cpufreq_648MHz_gpufreq_900MHz_emcfreq_3.200GHz/phase_metrics.csv,thor_measurements/libero10_combo_trt_20260430_090849/cpufreq_648MHz_gpufreq_900MHz_emcfreq_3.200GHz/phase_summary.csv,thor_measurements/libero10_combo_trt_20260430_090849/cpufreq_648MHz_gpufreq_900MHz_emcfreq_3.200GHz/telemetry_raw.csv,648000000,3200000000,900000000,648000000,14498,3509.600192951873,82.174,32.527606014622705,56.7963,/home/Thor/Workspace/jyjeong/Isaac-GR00T/thor_measurements/libero10_combo_trt_20260430_090849/summary.csv,cpufreq_648MHz_gpufreq_900MHz_emcfreq_3.200GHz,115.59416849044587
972000000,3200000000,900000000,972000000,cpufreq_972MHz_gpufreq_900MHz_emcfreq_3.200GHz,972000000.0,1,602.6612518680912,8.66272,6.854134645976182,8.26896,87.715700229,1,3200000000,900000000,897.9349742565519,1,25.5944,10.177051519307108,16.53792,1,locked_combo,thor_measurements/libero10_combo_trt_20260430_090849/cpufreq_972MHz_gpufreq_900MHz_emcfreq_3.200GHz/nvtx_ranges.csv,thor_measurements/libero10_combo_trt_20260430_090849/cpufreq_972MHz_gpufreq_900MHz_emcfreq_3.200GHz/phase_metrics.csv,thor_measurements/libero10_combo_trt_20260430_090849/cpufreq_972MHz_gpufreq_900MHz_emcfreq_3.200GHz/phase_summary.csv,thor_measurements/libero10_combo_trt_20260430_090849/cpufreq_972MHz_gpufreq_900MHz_emcfreq_3.200GHz/telemetry_raw.csv,972000000,3200000000,900000000,972000000,13855,2938.699904455436,82.776,33.39370725369903,61.50539999999999,/home/Thor/Workspace/jyjeong/Isaac-GR00T/thor_measurements/libero10_combo_trt_20260430_090849/summary.csv,cpufreq_972MHz_gpufreq_900MHz_emcfreq_3.200GHz,98.21699459589041
1242000000,3200000000,900000000,1242000000,cpufreq_1.242GHz_gpufreq_900MHz_emcfreq_3.200GHz,1242000000.0,1,566.4470466615014,9.06384,7.068981448327138,8.26896,80.079696402,1,3200000000,900000000,846.8588840095334,1,25.5944,10.57464687583643,16.75675199999973,1,locked_combo,thor_measurements/libero10_combo_trt_20260430_090849/cpufreq_1.242GHz_gpufreq_900MHz_emcfreq_3.200GHz/nvtx_ranges.csv,thor_measurements/libero10_combo_trt_20260430_090849/cpufreq_1.242GHz_gpufreq_900MHz_emcfreq_3.200GHz/phase_metrics.csv,thor_measurements/libero10_combo_trt_20260430_090849/cpufreq_1.242GHz_gpufreq_900MHz_emcfreq_3.200GHz/phase_summary.csv,thor_measurements/libero10_combo_trt_20260430_090849/cpufreq_1.242GHz_gpufreq_900MHz_emcfreq_3.200GHz/telemetry_raw.csv,1242000000,3200000000,900000000,1242000000,13450,2737.3410730207424,82.982,34.14412133828996,62.2031,/home/Thor/Workspace/jyjeong/Isaac-GR00T/thor_measurements/libero10_combo_trt_20260430_090849/summary.csv,cpufreq_1.242GHz_gpufreq_900MHz_emcfreq_3.200GHz,95.20280993617021
1566000000,3200000000,900000000,1566000000,cpufreq_1.566GHz_gpufreq_900MHz_emcfreq_3.200GHz,1566000000.0,1,570.2764196789426,9.06384,7.284668975839213,8.66272,78.119924326,1,3200000000,900000000,864.6718372108364,1,25.5944,11.032021609293706,16.93168,1,locked_combo,thor_measurements/libero10_combo_trt_20260430_090849/cpufreq_1.566GHz_gpufreq_900MHz_emcfreq_3.200GHz/nvtx_ranges.csv,thor_measurements/libero10_combo_trt_20260430_090849/cpufreq_1.566GHz_gpufreq_900MHz_emcfreq_3.200GHz/phase_metrics.csv,thor_measurements/libero10_combo_trt_20260430_090849/cpufreq_1.566GHz_gpufreq_900MHz_emcfreq_3.200GHz/phase_summary.csv,thor_measurements/libero10_combo_trt_20260430_090849/cpufreq_1.566GHz_gpufreq_900MHz_emcfreq_3.200GHz/telemetry_raw.csv,1566000000,3200000000,900000000,1566000000,14031,2740.915018434785,82.572,34.89971163851472,64.74000000000001,/home/Thor/Workspace/jyjeong/Isaac-GR00T/thor_measurements/libero10_combo_trt_20260430_090849/summary.csv,cpufreq_1.566GHz_gpufreq_900MHz_emcfreq_3.200GHz,91.43078344
1836000000,3200000000,900000000,1836000000,cpufreq_1.836GHz_gpufreq_900MHz_emcfreq_3.200GHz,1836000000.0,1,569.2163143474656,10.24608,7.610994590234768,9.0528,74.592133499,1,3200000000,900000000,838.0786769649345,1,25.5944,11.179874935906668,17.32544,1,locked_combo,thor_measurements/libero10_combo_trt_20260430_090849/cpufreq_1.836GHz_gpufreq_900MHz_emcfreq_3.200GHz/nvtx_ranges.csv,thor_measurements/libero10_combo_trt_20260430_090849/cpufreq_1.836GHz_gpufreq_900MHz_emcfreq_3.200GHz/phase_metrics.csv,thor_measurements/libero10_combo_trt_20260430_090849/cpufreq_1.836GHz_gpufreq_900MHz_emcfreq_3.200GHz/phase_summary.csv,thor_measurements/libero10_combo_trt_20260430_090849/cpufreq_1.836GHz_gpufreq_900MHz_emcfreq_3.200GHz/telemetry_raw.csv,1836000000,3200000000,900000000,1836000000,13886,2661.646001178199,83.09,35.46624211435979,65.806,/home/Thor/Workspace/jyjeong/Isaac-GR00T/thor_measurements/libero10_combo_trt_20260430_090849/summary.csv,cpufreq_1.836GHz_gpufreq_900MHz_emcfreq_3.200GHz,89.83142234246574
2160000000,3200000000,900000000,2160000000,cpufreq_2.160GHz_gpufreq_900MHz_emcfreq_3.200GHz,2160000000.0,1,575.4323017874417,11.42832,8.130426734086853,9.45024,70.656578725,1,3200000000,900000000,806.171932965015,1,25.5944,11.393908851873883,17.32544,1,locked_combo,thor_measurements/libero10_combo_trt_20260430_090849/cpufreq_2.160GHz_gpufreq_900MHz_emcfreq_3.200GHz/nvtx_ranges.csv,thor_measurements/libero10_combo_trt_20260430_090849/cpufreq_2.160GHz_gpufreq_900MHz_emcfreq_3.200GHz/phase_metrics.csv,thor_measurements/libero10_combo_trt_20260430_090849/cpufreq_2.160GHz_gpufreq_900MHz_emcfreq_3.200GHz/phase_summary.csv,thor_measurements/libero10_combo_trt_20260430_090849/cpufreq_2.160GHz_gpufreq_900MHz_emcfreq_3.200GHz/telemetry_raw.csv,2160000000,3200000000,900000000,2160000000,13448,2578.5912113365807,82.522,36.35799583581201,67.2859,/home/Thor/Workspace/jyjeong/Isaac-GR00T/thor_measurements/libero10_combo_trt_20260430_090849/summary.csv,cpufreq_2.160GHz_gpufreq_900MHz_emcfreq_3.200GHz,88.51659759859155
2430000000,3200000000,900000000,2430000000,cpufreq_2.430GHz_gpufreq_900MHz_emcfreq_3.200GHz,2430000000.0,1,619.2390226851384,12.61056,8.658426634264885,9.844,71.364260001,1,3200000000,900000000,831.2445036903358,1,25.5944,11.61718306911586,17.32544,1,locked_combo,thor_measurements/libero10_combo_trt_20260430_090849/cpufreq_2.430GHz_gpufreq_900MHz_emcfreq_3.200GHz/nvtx_ranges.csv,thor_measurements/libero10_combo_trt_20260430_090849/cpufreq_2.430GHz_gpufreq_900MHz_emcfreq_3.200GHz/phase_metrics.csv,thor_measurements/libero10_combo_trt_20260430_090849/cpufreq_2.430GHz_gpufreq_900MHz_emcfreq_3.200GHz/phase_summary.csv,thor_measurements/libero10_combo_trt_20260430_090849/cpufreq_2.430GHz_gpufreq_900MHz_emcfreq_3.200GHz/telemetry_raw.csv,2430000000,3200000000,900000000,2430000000,13991,2665.7506060464257,84.876,37.105521406618536,68.316,/home/Thor/Workspace/jyjeong/Isaac-GR00T/thor_measurements/libero10_combo_trt_20260430_090849/summary.csv,cpufreq_2.430GHz_gpufreq_900MHz_emcfreq_3.200GHz,87.50349867114093
2601000000,3200000000,900000000,2601000000,cpufreq_2.601GHz_gpufreq_900MHz_emcfreq_3.200GHz,2601000000.0,1,669.3965184231259,14.18112,9.122122767678164,10.24608,73.220769912,1,3200000000,900000000,861.5226049337527,1,25.5944,11.738148625146886,17.32544,1,locked_combo,thor_measurements/libero10_combo_trt_20260430_090849/cpufreq_2.601GHz_gpufreq_900MHz_emcfreq_3.200GHz/nvtx_ranges.csv,thor_measurements/libero10_combo_trt_20260430_090849/cpufreq_2.601GHz_gpufreq_900MHz_emcfreq_3.200GHz/phase_metrics.csv,thor_measurements/libero10_combo_trt_20260430_090849/cpufreq_2.601GHz_gpufreq_900MHz_emcfreq_3.200GHz/phase_summary.csv,thor_measurements/libero10_combo_trt_20260430_090849/cpufreq_2.601GHz_gpufreq_900MHz_emcfreq_3.200GHz/telemetry_raw.csv,2601000000,3200000000,900000000,2601000000,14467,2783.690753865746,85.436,37.73915255408861,69.0168,/home/Thor/Workspace/jyjeong/Isaac-GR00T/thor_measurements/libero10_combo_trt_20260430_090849/summary.csv,cpufreq_2.601GHz_gpufreq_900MHz_emcfreq_3.200GHz,87.16435713461539
-1,4266000000,900000000,-1,cpufreq_default_gpufreq_900MHz_emcfreq_4.266GHz,380980636.8330464,1,612.0490926120389,11.03424,7.399548012048192,8.27568,83.222562943,1,4266000000,900000000,901.0122838774512,1,25.5944,10.692079186746987,15.7504,1,locked_combo,thor_measurements/libero10_combo_trt_20260430_090849/cpufreq_default_gpufreq_900MHz_emcfreq_4.266GHz/nvtx_ranges.csv,thor_measurements/libero10_combo_trt_20260430_090849/cpufreq_default_gpufreq_900MHz_emcfreq_4.266GHz/phase_metrics.csv,thor_measurements/libero10_combo_trt_20260430_090849/cpufreq_default_gpufreq_900MHz_emcfreq_4.266GHz/phase_summary.csv,thor_measurements/libero10_combo_trt_20260430_090849/cpufreq_default_gpufreq_900MHz_emcfreq_4.266GHz/telemetry_raw.csv,-1,4266000000,900000000,-1,5312,2912.2597757859985,85.15,35.80474585843373,61.2661,/home/Thor/Workspace/jyjeong/Isaac-GR00T/thor_measurements/libero10_combo_trt_20260430_090849/summary.csv,cpufreq_default_gpufreq_900MHz_emcfreq_4.266GHz,108.05029369863014
648000000,4266000000,900000000,648000000,cpufreq_648MHz_gpufreq_900MHz_emcfreq_4.266GHz,648000000.0,1,709.5458368116412,8.6592,6.754528411096209,8.2656,104.736316654,1,4266000000,900000000,1020.0617960098122,1,25.5944,9.672527219594834,15.7632,1,locked_combo,thor_measurements/libero10_combo_trt_20260430_090849/cpufreq_648MHz_gpufreq_900MHz_emcfreq_4.266GHz/nvtx_ranges.csv,thor_measurements/libero10_combo_trt_20260430_090849/cpufreq_648MHz_gpufreq_900MHz_emcfreq_4.266GHz/phase_metrics.csv,thor_measurements/libero10_combo_trt_20260430_090849/cpufreq_648MHz_gpufreq_900MHz_emcfreq_4.266GHz/phase_summary.csv,thor_measurements/libero10_combo_trt_20260430_090849/cpufreq_648MHz_gpufreq_900MHz_emcfreq_4.266GHz/telemetry_raw.csv,648000000,4266000000,900000000,648000000,14167,3429.111359892371,85.182,32.62435900331757,57.7594,/home/Thor/Workspace/jyjeong/Isaac-GR00T/thor_measurements/libero10_combo_trt_20260430_090849/summary.csv,cpufreq_648MHz_gpufreq_900MHz_emcfreq_4.266GHz,115.46406617123287
972000000,4266000000,900000000,972000000,cpufreq_972MHz_gpufreq_900MHz_emcfreq_4.266GHz,972000000.0,1,622.1936408882297,8.66976,7.0386362987291164,8.26896,88.107285642,1,4266000000,900000000,893.5974356776906,1,25.5944,10.064702887334,16.5312,1,locked_combo,thor_measurements/libero10_combo_trt_20260430_090849/cpufreq_972MHz_gpufreq_900MHz_emcfreq_4.266GHz/nvtx_ranges.csv,thor_measurements/libero10_combo_trt_20260430_090849/cpufreq_972MHz_gpufreq_900MHz_emcfreq_4.266GHz/phase_metrics.csv,thor_measurements/libero10_combo_trt_20260430_090849/cpufreq_972MHz_gpufreq_900MHz_emcfreq_4.266GHz/phase_summary.csv,thor_measurements/libero10_combo_trt_20260430_090849/cpufreq_972MHz_gpufreq_900MHz_emcfreq_4.266GHz/telemetry_raw.csv,972000000,4266000000,900000000,972000000,14006,2970.9383483703764,85.118,33.50699086105954,61.674,/home/Thor/Workspace/jyjeong/Isaac-GR00T/thor_measurements/libero10_combo_trt_20260430_090849/summary.csv,cpufreq_972MHz_gpufreq_900MHz_emcfreq_4.266GHz,97.26179370833333
1242000000,4266000000,900000000,1242000000,cpufreq_1.242GHz_gpufreq_900MHz_emcfreq_4.266GHz,1242000000.0,1,579.1538425064036,9.06384,7.245592805290228,8.66272,79.765086827,1,4266000000,900000000,847.1092446177938,1,25.5944,10.584255271124173,16.9248,1,locked_combo,thor_measurements/libero10_combo_trt_20260430_090849/cpufreq_1.242GHz_gpufreq_900MHz_emcfreq_4.266GHz/nvtx_ranges.csv,thor_measurements/libero10_combo_trt_20260430_090849/cpufreq_1.242GHz_gpufreq_900MHz_emcfreq_4.266GHz/phase_metrics.csv,thor_measurements/libero10_combo_trt_20260430_090849/cpufreq_1.242GHz_gpufreq_900MHz_emcfreq_4.266GHz/phase_summary.csv,thor_measurements/libero10_combo_trt_20260430_090849/cpufreq_1.242GHz_gpufreq_900MHz_emcfreq_4.266GHz/telemetry_raw.csv,1242000000,4266000000,900000000,1242000000,13610,2763.7582848525417,85.036,34.50015576781778,63.286199999999994,/home/Thor/Workspace/jyjeong/Isaac-GR00T/thor_measurements/libero10_combo_trt_20260430_090849/summary.csv,cpufreq_1.242GHz_gpufreq_900MHz_emcfreq_4.266GHz,93.65132759154929
1566000000,4266000000,900000000,1566000000,cpufreq_1.566GHz_gpufreq_900MHz_emcfreq_4.266GHz,1566000000.0,1,558.8746308472221,9.45792,7.451197527724382,8.66624,74.83647496,1,4266000000,900000000,817.8570107663423,1,25.5944,10.884251805411798,17.3184,1,locked_combo,thor_measurements/libero10_combo_trt_20260430_090849/cpufreq_1.566GHz_gpufreq_900MHz_emcfreq_4.266GHz/nvtx_ranges.csv,thor_measurements/libero10_combo_trt_20260430_090849/cpufreq_1.566GHz_gpufreq_900MHz_emcfreq_4.266GHz/phase_metrics.csv,thor_measurements/libero10_combo_trt_20260430_090849/cpufreq_1.566GHz_gpufreq_900MHz_emcfreq_4.266GHz/phase_summary.csv,thor_measurements/libero10_combo_trt_20260430_090849/cpufreq_1.566GHz_gpufreq_900MHz_emcfreq_4.266GHz/telemetry_raw.csv,1566000000,4266000000,900000000,1566000000,13526,2638.373851630941,85.97,35.066017300014785,65.333,/home/Thor/Workspace/jyjeong/Isaac-GR00T/thor_measurements/libero10_combo_trt_20260430_090849/summary.csv,cpufreq_1.566GHz_gpufreq_900MHz_emcfreq_4.266GHz,89.72749827142857
1836000000,4266000000,900000000,1836000000,cpufreq_1.836GHz_gpufreq_900MHz_emcfreq_4.266GHz,1836000000.0,1,574.2018267870732,10.24608,7.810450027838828,9.06016,73.338451572,1,4266000000,900000000,822.9208479798596,1,25.5944,11.168183677655678,16.94544,1,locked_combo,thor_measurements/libero10_combo_trt_20260430_090849/cpufreq_1.836GHz_gpufreq_900MHz_emcfreq_4.266GHz/nvtx_ranges.csv,thor_measurements/libero10_combo_trt_20260430_090849/cpufreq_1.836GHz_gpufreq_900MHz_emcfreq_4.266GHz/phase_metrics.csv,thor_measurements/libero10_combo_trt_20260430_090849/cpufreq_1.836GHz_gpufreq_900MHz_emcfreq_4.266GHz/phase_summary.csv,thor_measurements/libero10_combo_trt_20260430_090849/cpufreq_1.836GHz_gpufreq_900MHz_emcfreq_4.266GHz/telemetry_raw.csv,1836000000,4266000000,900000000,1836000000,13650,2647.0325912129797,85.944,35.84401816849817,66.48,/home/Thor/Workspace/jyjeong/Isaac-GR00T/thor_measurements/libero10_combo_trt_20260430_090849/summary.csv,cpufreq_1.836GHz_gpufreq_900MHz_emcfreq_4.266GHz,88.88177532638889
2160000000,4266000000,900000000,2160000000,cpufreq_2.160GHz_gpufreq_900MHz_emcfreq_4.266GHz,2160000000.0,1,614.5716333194167,11.8224,8.367145628964437,9.84,73.266465995,1,4266000000,900000000,848.8026085419052,1,25.5944,11.530971032713277,17.3184,1,locked_combo,thor_measurements/libero10_combo_trt_20260430_090849/cpufreq_2.160GHz_gpufreq_900MHz_emcfreq_4.266GHz/nvtx_ranges.csv,thor_measurements/libero10_combo_trt_20260430_090849/cpufreq_2.160GHz_gpufreq_900MHz_emcfreq_4.266GHz/phase_metrics.csv,thor_measurements/libero10_combo_trt_20260430_090849/cpufreq_2.160GHz_gpufreq_900MHz_emcfreq_4.266GHz/phase_summary.csv,thor_measurements/libero10_combo_trt_20260430_090849/cpufreq_2.160GHz_gpufreq_900MHz_emcfreq_4.266GHz/telemetry_raw.csv,2160000000,4266000000,900000000,2160000000,14031,2721.2181743747547,86.664,36.864244743781626,68.733,/home/Thor/Workspace/jyjeong/Isaac-GR00T/thor_measurements/libero10_combo_trt_20260430_090849/summary.csv,cpufreq_2.160GHz_gpufreq_900MHz_emcfreq_4.266GHz,87.03189363157894
2430000000,4266000000,900000000,2430000000,cpufreq_2.430GHz_gpufreq_900MHz_emcfreq_4.266GHz,2430000000.0,1,629.2829290446011,12.99936,8.81614207311828,10.2336,71.202403964,1,4266000000,900000000,825.9625342673032,1,25.5944,11.516397820788532,17.32544,1,locked_combo,thor_measurements/libero10_combo_trt_20260430_090849/cpufreq_2.430GHz_gpufreq_900MHz_emcfreq_4.266GHz/nvtx_ranges.csv,thor_measurements/libero10_combo_trt_20260430_090849/cpufreq_2.430GHz_gpufreq_900MHz_emcfreq_4.266GHz/phase_metrics.csv,thor_measurements/libero10_combo_trt_20260430_090849/cpufreq_2.430GHz_gpufreq_900MHz_emcfreq_4.266GHz/phase_summary.csv,thor_measurements/libero10_combo_trt_20260430_090849/cpufreq_2.430GHz_gpufreq_900MHz_emcfreq_4.266GHz/telemetry_raw.csv,2430000000,4266000000,900000000,2430000000,13950,2683.318321579674,87.578,37.29307010752688,69.56519999999998,/home/Thor/Workspace/jyjeong/Isaac-GR00T/thor_measurements/libero10_combo_trt_20260430_090849/summary.csv,cpufreq_2.430GHz_gpufreq_900MHz_emcfreq_4.266GHz,85.98266421621622
2601000000,4266000000,900000000,2601000000,cpufreq_2.601GHz_gpufreq_900MHz_emcfreq_4.266GHz,2601000000.0,1,647.8214022981755,14.17536,9.331438998822144,10.63152,69.327779927,1,4266000000,900000000,812.535150738582,1,25.5944,11.806894087161366,17.32544,1,locked_combo,thor_measurements/libero10_combo_trt_20260430_090849/cpufreq_2.601GHz_gpufreq_900MHz_emcfreq_4.266GHz/nvtx_ranges.csv,thor_measurements/libero10_combo_trt_20260430_090849/cpufreq_2.601GHz_gpufreq_900MHz_emcfreq_4.266GHz/phase_metrics.csv,thor_measurements/libero10_combo_trt_20260430_090849/cpufreq_2.601GHz_gpufreq_900MHz_emcfreq_4.266GHz/phase_summary.csv,thor_measurements/libero10_combo_trt_20260430_090849/cpufreq_2.601GHz_gpufreq_900MHz_emcfreq_4.266GHz/telemetry_raw.csv,2601000000,4266000000,900000000,2601000000,13584,2660.1932298267566,86.972,38.243782243816256,70.3619,/home/Thor/Workspace/jyjeong/Isaac-GR00T/thor_measurements/libero10_combo_trt_20260430_090849/summary.csv,cpufreq_2.601GHz_gpufreq_900MHz_emcfreq_4.266GHz,85.73098688356164
-1,-1,1107000000,-1,cpufreq_default_gpufreq_1.107GHz_emcfreq_default,393484869.186782,1,736.1648438434391,13.00464,8.742107885228481,10.2336,84.317102561,1,-1,1107000000,931.1261517567276,1,28.74448,11.11627468650372,16.53792,1,locked_combo,thor_measurements/libero10_combo_trt_20260430_090849/cpufreq_default_gpufreq_1.107GHz_emcfreq_default/nvtx_ranges.csv,thor_measurements/libero10_combo_trt_20260430_090849/cpufreq_default_gpufreq_1.107GHz_emcfreq_default/phase_metrics.csv,thor_measurements/libero10_combo_trt_20260430_090849/cpufreq_default_gpufreq_1.107GHz_emcfreq_default/phase_summary.csv,thor_measurements/libero10_combo_trt_20260430_090849/cpufreq_default_gpufreq_1.107GHz_emcfreq_default/telemetry_raw.csv,-1,-1,1107000000,-1,5646,3078.6706219743996,80.838,37.616901168969186,65.67999999999999,/home/Thor/Workspace/jyjeong/Isaac-GR00T/thor_measurements/libero10_combo_trt_20260430_090849/summary.csv,cpufreq_default_gpufreq_1.107GHz_emcfreq_default,102.01011391836735
648000000,-1,1107000000,648000000,cpufreq_648MHz_gpufreq_1.107GHz_emcfreq_default,648000000.0,1,832.789957647382,10.23776,8.045309995105237,9.844,103.655243403,1,-1,1107000000,1047.6270094404974,1,28.74448,10.059418837843507,16.53792,1,locked_combo,thor_measurements/libero10_combo_trt_20260430_090849/cpufreq_648MHz_gpufreq_1.107GHz_emcfreq_default/nvtx_ranges.csv,thor_measurements/libero10_combo_trt_20260430_090849/cpufreq_648MHz_gpufreq_1.107GHz_emcfreq_default/phase_metrics.csv,thor_measurements/libero10_combo_trt_20260430_090849/cpufreq_648MHz_gpufreq_1.107GHz_emcfreq_default/phase_summary.csv,thor_measurements/libero10_combo_trt_20260430_090849/cpufreq_648MHz_gpufreq_1.107GHz_emcfreq_default/telemetry_raw.csv,648000000,-1,1107000000,648000000,14301,3546.3034067175877,80.812,34.212555205929654,60.696,/home/Thor/Workspace/jyjeong/Isaac-GR00T/thor_measurements/libero10_combo_trt_20260430_090849/summary.csv,cpufreq_648MHz_gpufreq_1.107GHz_emcfreq_default,110.5096331958042
972000000,-1,1107000000,972000000,cpufreq_972MHz_gpufreq_1.107GHz_emcfreq_default,972000000.0,1,896.6669843592213,10.63584,8.63488665998467,10.23776,104.025542464,1,-1,1107000000,1180.4810097609118,1,28.74448,11.389556955368198,16.93168,1,locked_combo,thor_measurements/libero10_combo_trt_20260430_090849/cpufreq_972MHz_gpufreq_1.107GHz_emcfreq_default/nvtx_ranges.csv,thor_measurements/libero10_combo_trt_20260430_090849/cpufreq_972MHz_gpufreq_1.107GHz_emcfreq_default/phase_metrics.csv,thor_measurements/libero10_combo_trt_20260430_090849/cpufreq_972MHz_gpufreq_1.107GHz_emcfreq_default/phase_summary.csv,thor_measurements/libero10_combo_trt_20260430_090849/cpufreq_972MHz_gpufreq_1.107GHz_emcfreq_default/telemetry_raw.csv,972000000,-1,1107000000,972000000,16961,3825.737012324656,81.09,36.81344507988915,67.712,/home/Thor/Workspace/jyjeong/Isaac-GR00T/thor_measurements/libero10_combo_trt_20260430_090849/summary.csv,cpufreq_972MHz_gpufreq_1.107GHz_emcfreq_default,92.35596114634146
1242000000,-1,1107000000,1242000000,cpufreq_1.242GHz_gpufreq_1.107GHz_emcfreq_default,1242000000.0,1,674.912337634698,11.02976,8.565061788036875,10.24192,78.878408798,1,-1,1107000000,858.1246821122654,1,28.74448,10.88127253340956,17.33248,1,locked_combo,thor_measurements/libero10_combo_trt_20260430_090849/cpufreq_1.242GHz_gpufreq_1.107GHz_emcfreq_default/nvtx_ranges.csv,thor_measurements/libero10_combo_trt_20260430_090849/cpufreq_1.242GHz_gpufreq_1.107GHz_emcfreq_default/phase_metrics.csv,thor_measurements/libero10_combo_trt_20260430_090849/cpufreq_1.242GHz_gpufreq_1.107GHz_emcfreq_default/phase_summary.csv,thor_measurements/libero10_combo_trt_20260430_090849/cpufreq_1.242GHz_gpufreq_1.107GHz_emcfreq_default/telemetry_raw.csv,1242000000,-1,1107000000,1242000000,13993,2845.809896414774,80.554,36.051173300936185,68.70479999999999,/home/Thor/Workspace/jyjeong/Isaac-GR00T/thor_measurements/libero10_combo_trt_20260430_090849/summary.csv,cpufreq_1.242GHz_gpufreq_1.107GHz_emcfreq_default,88.14714069285714
1566000000,-1,1107000000,1566000000,cpufreq_1.566GHz_gpufreq_1.107GHz_emcfreq_default,1566000000.0,1,674.602363336516,11.03424,8.831916173765388,10.63152,76.287241405,1,-1,1107000000,867.3047585839039,1,28.74448,11.310586693080516,17.7192,1,locked_combo,thor_measurements/libero10_combo_trt_20260430_090849/cpufreq_1.566GHz_gpufreq_1.107GHz_emcfreq_default/nvtx_ranges.csv,thor_measurements/libero10_combo_trt_20260430_090849/cpufreq_1.566GHz_gpufreq_1.107GHz_emcfreq_default/phase_metrics.csv,thor_measurements/libero10_combo_trt_20260430_090849/cpufreq_1.566GHz_gpufreq_1.107GHz_emcfreq_default/phase_summary.csv,thor_measurements/libero10_combo_trt_20260430_090849/cpufreq_1.566GHz_gpufreq_1.107GHz_emcfreq_default/telemetry_raw.csv,1566000000,-1,1107000000,1566000000,14134,2828.09221031717,82.936,36.87608009056176,70.748,/home/Thor/Workspace/jyjeong/Isaac-GR00T/thor_measurements/libero10_combo_trt_20260430_090849/summary.csv,cpufreq_1.566GHz_gpufreq_1.107GHz_emcfreq_default,85.24891685714286
1836000000,-1,1107000000,1836000000,cpufreq_1.836GHz_gpufreq_1.107GHz_emcfreq_default,1836000000.0,1,673.6435956683,11.8224,9.222037773933105,11.02528,72.947164187,1,-1,1107000000,852.6061029657772,1,28.74448,11.650265051903114,18.1056,1,locked_combo,thor_measurements/libero10_combo_trt_20260430_090849/cpufreq_1.836GHz_gpufreq_1.107GHz_emcfreq_default/nvtx_ranges.csv,thor_measurements/libero10_combo_trt_20260430_090849/cpufreq_1.836GHz_gpufreq_1.107GHz_emcfreq_default/phase_metrics.csv,thor_measurements/libero10_combo_trt_20260430_090849/cpufreq_1.836GHz_gpufreq_1.107GHz_emcfreq_default/phase_summary.csv,thor_measurements/libero10_combo_trt_20260430_090849/cpufreq_1.836GHz_gpufreq_1.107GHz_emcfreq_default/telemetry_raw.csv,1836000000,-1,1107000000,1836000000,13872,2766.1445670221196,82.446,37.72910928489043,72.20540000000001,/home/Thor/Workspace/jyjeong/Isaac-GR00T/thor_measurements/libero10_combo_trt_20260430_090849/summary.csv,cpufreq_1.836GHz_gpufreq_1.107GHz_emcfreq_default,83.4283850135135
2160000000,-1,1107000000,2160000000,cpufreq_2.160GHz_gpufreq_1.107GHz_emcfreq_default,2160000000.0,1,722.3926117181859,13.39872,9.743982025351722,11.41904,74.004467929,1,-1,1107000000,881.001289851674,1,28.74448,11.819957977434182,18.11296,1,locked_combo,thor_measurements/libero10_combo_trt_20260430_090849/cpufreq_2.160GHz_gpufreq_1.107GHz_emcfreq_default/nvtx_ranges.csv,thor_measurements/libero10_combo_trt_20260430_090849/cpufreq_2.160GHz_gpufreq_1.107GHz_emcfreq_default/phase_metrics.csv,thor_measurements/libero10_combo_trt_20260430_090849/cpufreq_2.160GHz_gpufreq_1.107GHz_emcfreq_default/phase_summary.csv,thor_measurements/libero10_combo_trt_20260430_090849/cpufreq_2.160GHz_gpufreq_1.107GHz_emcfreq_default/telemetry_raw.csv,2160000000,-1,1107000000,2160000000,14358,2869.355197014158,83.084,38.50176305892186,73.684,/home/Thor/Workspace/jyjeong/Isaac-GR00T/thor_measurements/libero10_combo_trt_20260430_090849/summary.csv,cpufreq_2.160GHz_gpufreq_1.107GHz_emcfreq_default,81.73400608387097
2430000000,-1,1107000000,2430000000,cpufreq_2.430GHz_gpufreq_1.107GHz_emcfreq_default,2430000000.0,1,708.1863267422434,14.96896,10.246110498742048,12.2016,68.876866093,1,-1,1107000000,826.522480570187,1,28.74448,11.842957288737605,18.11296,1,locked_combo,thor_measurements/libero10_combo_trt_20260430_090849/cpufreq_2.430GHz_gpufreq_1.107GHz_emcfreq_default/nvtx_ranges.csv,thor_measurements/libero10_combo_trt_20260430_090849/cpufreq_2.430GHz_gpufreq_1.107GHz_emcfreq_default/phase_metrics.csv,thor_measurements/libero10_combo_trt_20260430_090849/cpufreq_2.430GHz_gpufreq_1.107GHz_emcfreq_default/phase_summary.csv,thor_measurements/libero10_combo_trt_20260430_090849/cpufreq_2.430GHz_gpufreq_1.107GHz_emcfreq_default/telemetry_raw.csv,2430000000,-1,1107000000,2430000000,13514,2717.019185411859,82.65,39.03469409501258,74.36890000000001,/home/Thor/Workspace/jyjeong/Isaac-GR00T/thor_measurements/libero10_combo_trt_20260430_090849/summary.csv,cpufreq_2.430GHz_gpufreq_1.107GHz_emcfreq_default,81.1949163219178
2601000000,-1,1107000000,2601000000,cpufreq_2.601GHz_gpufreq_1.107GHz_emcfreq_default,2601000000.0,1,735.8804583092569,15.7568,10.71126616892347,12.60032,68.384625662,1,-1,1107000000,829.9689731477544,1,28.74448,11.923520574549263,18.4992,1,locked_combo,thor_measurements/libero10_combo_trt_20260430_090849/cpufreq_2.601GHz_gpufreq_1.107GHz_emcfreq_default/nvtx_ranges.csv,thor_measurements/libero10_combo_trt_20260430_090849/cpufreq_2.601GHz_gpufreq_1.107GHz_emcfreq_default/phase_metrics.csv,thor_measurements/libero10_combo_trt_20260430_090849/cpufreq_2.601GHz_gpufreq_1.107GHz_emcfreq_default/phase_summary.csv,thor_measurements/libero10_combo_trt_20260430_090849/cpufreq_2.601GHz_gpufreq_1.107GHz_emcfreq_default/telemetry_raw.csv,2601000000,-1,1107000000,2601000000,13367,2747.375188582324,83.382,39.61564614348769,75.63640000000001,/home/Thor/Workspace/jyjeong/Isaac-GR00T/thor_measurements/libero10_combo_trt_20260430_090849/summary.csv,cpufreq_2.601GHz_gpufreq_1.107GHz_emcfreq_default,80.52549441216216
-1,665600000,1107000000,-1,cpufreq_default_gpufreq_1.107GHz_emcfreq_665MHz,372703097.6037405,1,856.3371356665072,11.8224,6.4251624079485685,7.48752,134.288941174,1,665600000,1107000000,1341.9384226384736,1,28.74448,9.855728673290471,12.61056,1,locked_combo,thor_measurements/libero10_combo_trt_20260430_090849/cpufreq_default_gpufreq_1.107GHz_emcfreq_665MHz/nvtx_ranges.csv,thor_measurements/libero10_combo_trt_20260430_090849/cpufreq_default_gpufreq_1.107GHz_emcfreq_665MHz/phase_metrics.csv,thor_measurements/libero10_combo_trt_20260430_090849/cpufreq_default_gpufreq_1.107GHz_emcfreq_665MHz/phase_summary.csv,thor_measurements/libero10_combo_trt_20260430_090849/cpufreq_default_gpufreq_1.107GHz_emcfreq_665MHz/telemetry_raw.csv,-1,665600000,1107000000,-1,6844,4350.645264906538,51.918,32.38804441846873,43.7342,/home/Thor/Workspace/jyjeong/Isaac-GR00T/thor_measurements/libero10_combo_trt_20260430_090849/summary.csv,cpufreq_default_gpufreq_1.107GHz_emcfreq_665MHz,275.18110643835615
648000000,665600000,1107000000,648000000,cpufreq_648MHz_gpufreq_1.107GHz_emcfreq_665MHz,648000000.0,1,898.9613672963202,7.09632,5.902835280757098,6.30528,151.429465824,1,665600000,1107000000,1404.7199573175544,1,28.74448,9.084248052767425,12.61056,1,locked_combo,thor_measurements/libero10_combo_trt_20260430_090849/cpufreq_648MHz_gpufreq_1.107GHz_emcfreq_665MHz/nvtx_ranges.csv,thor_measurements/libero10_combo_trt_20260430_090849/cpufreq_648MHz_gpufreq_1.107GHz_emcfreq_665MHz/phase_metrics.csv,thor_measurements/libero10_combo_trt_20260430_090849/cpufreq_648MHz_gpufreq_1.107GHz_emcfreq_665MHz/phase_summary.csv,thor_measurements/libero10_combo_trt_20260430_090849/cpufreq_648MHz_gpufreq_1.107GHz_emcfreq_665MHz/telemetry_raw.csv,648000000,665600000,1107000000,648000000,17435,4654.220406913266,50.872,30.267492056208777,42.09179999999999,/home/Thor/Workspace/jyjeong/Isaac-GR00T/thor_measurements/libero10_combo_trt_20260430_090849/summary.csv,cpufreq_648MHz_gpufreq_1.107GHz_emcfreq_665MHz,269.6932111849315
972000000,665600000,1107000000,972000000,cpufreq_972MHz_gpufreq_1.107GHz_emcfreq_665MHz,972000000.0,1,814.8445950421495,7.49056,6.073737586520947,6.69936,133.414178578,1,665600000,1107000000,1289.2273663661451,1,28.74448,9.490071867030968,12.61056,1,locked_combo,thor_measurements/libero10_combo_trt_20260430_090849/cpufreq_972MHz_gpufreq_1.107GHz_emcfreq_665MHz/nvtx_ranges.csv,thor_measurements/libero10_combo_trt_20260430_090849/cpufreq_972MHz_gpufreq_1.107GHz_emcfreq_665MHz/phase_metrics.csv,thor_measurements/libero10_combo_trt_20260430_090849/cpufreq_972MHz_gpufreq_1.107GHz_emcfreq_665MHz/phase_summary.csv,thor_measurements/libero10_combo_trt_20260430_090849/cpufreq_972MHz_gpufreq_1.107GHz_emcfreq_665MHz/telemetry_raw.csv,972000000,665600000,1107000000,972000000,17568,4208.263188075848,51.09,31.04487704918033,43.314,/home/Thor/Workspace/jyjeong/Isaac-GR00T/thor_measurements/libero10_combo_trt_20260430_090849/summary.csv,cpufreq_972MHz_gpufreq_1.107GHz_emcfreq_665MHz,258.92986947552447
1242000000,665600000,1107000000,1242000000,cpufreq_1.242GHz_gpufreq_1.107GHz_emcfreq_665MHz,1242000000.0,1,798.9487692607388,7.8848,6.173904210526316,6.69936,128.594258673,1,665600000,1107000000,1264.2002243970778,1,28.74448,9.657908171275649,12.61056,1,locked_combo,thor_measurements/libero10_combo_trt_20260430_090849/cpufreq_1.242GHz_gpufreq_1.107GHz_emcfreq_665MHz/nvtx_ranges.csv,thor_measurements/libero10_combo_trt_20260430_090849/cpufreq_1.242GHz_gpufreq_1.107GHz_emcfreq_665MHz/phase_metrics.csv,thor_measurements/libero10_combo_trt_20260430_090849/cpufreq_1.242GHz_gpufreq_1.107GHz_emcfreq_665MHz/phase_summary.csv,thor_measurements/libero10_combo_trt_20260430_090849/cpufreq_1.242GHz_gpufreq_1.107GHz_emcfreq_665MHz/telemetry_raw.csv,1242000000,665600000,1107000000,1242000000,17936,4102.848461788359,51.214,31.37360860838537,44.110499999999995,/home/Thor/Workspace/jyjeong/Isaac-GR00T/thor_measurements/libero10_combo_trt_20260430_090849/summary.csv,cpufreq_1.242GHz_gpufreq_1.107GHz_emcfreq_665MHz,252.96966638461538
1566000000,665600000,1107000000,1566000000,cpufreq_1.566GHz_gpufreq_1.107GHz_emcfreq_665MHz,1566000000.0,1,816.4230459952606,8.27904,6.375995636048152,7.09344,127.342594888,1,665600000,1107000000,1287.621755371718,1,28.74448,9.927049612840255,12.61056,1,locked_combo,thor_measurements/libero10_combo_trt_20260430_090849/cpufreq_1.566GHz_gpufreq_1.107GHz_emcfreq_665MHz/nvtx_ranges.csv,thor_measurements/libero10_combo_trt_20260430_090849/cpufreq_1.566GHz_gpufreq_1.107GHz_emcfreq_665MHz/phase_metrics.csv,thor_measurements/libero10_combo_trt_20260430_090849/cpufreq_1.566GHz_gpufreq_1.107GHz_emcfreq_665MHz/phase_summary.csv,thor_measurements/libero10_combo_trt_20260430_090849/cpufreq_1.566GHz_gpufreq_1.107GHz_emcfreq_665MHz/telemetry_raw.csv,1566000000,665600000,1107000000,1566000000,18442,4139.891931454657,50.832,31.927328163973534,44.5519,/home/Thor/Workspace/jyjeong/Isaac-GR00T/thor_measurements/libero10_combo_trt_20260430_090849/summary.csv,cpufreq_1.566GHz_gpufreq_1.107GHz_emcfreq_665MHz,250.30440911333335
1836000000,665600000,1107000000,1836000000,cpufreq_1.836GHz_gpufreq_1.107GHz_emcfreq_665MHz,1836000000.0,1,818.7590760362916,9.06384,6.669365023644562,7.09344,122.068469328,1,665600000,1107000000,1242.544380152422,1,28.74448,10.024212312768062,12.61056,1,locked_combo,thor_measurements/libero10_combo_trt_20260430_090849/cpufreq_1.836GHz_gpufreq_1.107GHz_emcfreq_665MHz/nvtx_ranges.csv,thor_measurements/libero10_combo_trt_20260430_090849/cpufreq_1.836GHz_gpufreq_1.107GHz_emcfreq_665MHz/phase_metrics.csv,thor_measurements/libero10_combo_trt_20260430_090849/cpufreq_1.836GHz_gpufreq_1.107GHz_emcfreq_665MHz/phase_summary.csv,thor_measurements/libero10_combo_trt_20260430_090849/cpufreq_1.836GHz_gpufreq_1.107GHz_emcfreq_665MHz/telemetry_raw.csv,1836000000,665600000,1107000000,1836000000,18186,4016.690675012454,52.012,32.340455185307384,45.022,/home/Thor/Workspace/jyjeong/Isaac-GR00T/thor_measurements/libero10_combo_trt_20260430_090849/summary.csv,cpufreq_1.836GHz_gpufreq_1.107GHz_emcfreq_665MHz,250.12680424827587
2160000000,665600000,1107000000,2160000000,cpufreq_2.160GHz_gpufreq_1.107GHz_emcfreq_665MHz,2160000000.0,1,839.6160613159861,10.24608,7.1346409970642,7.878399999999999,117.074278116,1,665600000,1107000000,1192.371540234548,1,28.74448,10.036230760538414,13.00464,1,locked_combo,thor_measurements/libero10_combo_trt_20260430_090849/cpufreq_2.160GHz_gpufreq_1.107GHz_emcfreq_665MHz/nvtx_ranges.csv,thor_measurements/libero10_combo_trt_20260430_090849/cpufreq_2.160GHz_gpufreq_1.107GHz_emcfreq_665MHz/phase_metrics.csv,thor_measurements/libero10_combo_trt_20260430_090849/cpufreq_2.160GHz_gpufreq_1.107GHz_emcfreq_665MHz/phase_summary.csv,thor_measurements/libero10_combo_trt_20260430_090849/cpufreq_2.160GHz_gpufreq_1.107GHz_emcfreq_665MHz/telemetry_raw.csv,2160000000,665600000,1107000000,2160000000,18053,3912.77569367103,51.618,32.85175571927104,45.738800000000005,/home/Thor/Workspace/jyjeong/Isaac-GR00T/thor_measurements/libero10_combo_trt_20260430_090849/summary.csv,cpufreq_2.160GHz_gpufreq_1.107GHz_emcfreq_665MHz,248.47698745652173
2430000000,665600000,1107000000,2430000000,cpufreq_2.430GHz_gpufreq_1.107GHz_emcfreq_665MHz,2430000000.0,1,996.932919745586,11.8224,7.651806311963656,8.27232,129.622555488,1,665600000,1107000000,1358.708296739204,1,28.74448,10.340207361938416,13.00464,1,locked_combo,thor_measurements/libero10_combo_trt_20260430_090849/cpufreq_2.430GHz_gpufreq_1.107GHz_emcfreq_665MHz/nvtx_ranges.csv,thor_measurements/libero10_combo_trt_20260430_090849/cpufreq_2.430GHz_gpufreq_1.107GHz_emcfreq_665MHz/phase_metrics.csv,thor_measurements/libero10_combo_trt_20260430_090849/cpufreq_2.430GHz_gpufreq_1.107GHz_emcfreq_665MHz/phase_summary.csv,thor_measurements/libero10_combo_trt_20260430_090849/cpufreq_2.430GHz_gpufreq_1.107GHz_emcfreq_665MHz/telemetry_raw.csv,2430000000,665600000,1107000000,2430000000,19810,4455.690544361779,52.016,33.764878748107016,46.2951,/home/Thor/Workspace/jyjeong/Isaac-GR00T/thor_measurements/libero10_combo_trt_20260430_090849/summary.csv,cpufreq_2.430GHz_gpufreq_1.107GHz_emcfreq_665MHz,247.62240745731708
2601000000,665600000,1107000000,2601000000,cpufreq_2.601GHz_gpufreq_1.107GHz_emcfreq_665MHz,2601000000.0,1,961.1792854786268,13.00464,8.126506363636365,8.66976,117.620433547,1,665600000,1107000000,1224.2208484041528,1,28.74448,10.24241062937063,12.99936,1,locked_combo,thor_measurements/libero10_combo_trt_20260430_090849/cpufreq_2.601GHz_gpufreq_1.107GHz_emcfreq_665MHz/nvtx_ranges.csv,thor_measurements/libero10_combo_trt_20260430_090849/cpufreq_2.601GHz_gpufreq_1.107GHz_emcfreq_665MHz/phase_metrics.csv,thor_measurements/libero10_combo_trt_20260430_090849/cpufreq_2.601GHz_gpufreq_1.107GHz_emcfreq_665MHz/phase_summary.csv,thor_measurements/libero10_combo_trt_20260430_090849/cpufreq_2.601GHz_gpufreq_1.107GHz_emcfreq_665MHz/telemetry_raw.csv,2601000000,665600000,1107000000,2601000000,18304,4090.0374482277143,53.148,34.14040603146853,46.99,/home/Thor/Workspace/jyjeong/Isaac-GR00T/thor_measurements/libero10_combo_trt_20260430_090849/summary.csv,cpufreq_2.601GHz_gpufreq_1.107GHz_emcfreq_665MHz,248.9008278413793
-1,2750000000,1107000000,-1,cpufreq_default_gpufreq_1.107GHz_emcfreq_2.750GHz,353054972.8752261,1,709.8915574701326,10.64016,6.915680962025316,7.8816,102.707471872,1,2750000000,1107000000,1197.097543802385,1,28.74448,11.789239265822784,16.15728,1,locked_combo,thor_measurements/libero10_combo_trt_20260430_090849/cpufreq_default_gpufreq_1.107GHz_emcfreq_2.750GHz/nvtx_ranges.csv,thor_measurements/libero10_combo_trt_20260430_090849/cpufreq_default_gpufreq_1.107GHz_emcfreq_2.750GHz/phase_metrics.csv,thor_measurements/libero10_combo_trt_20260430_090849/cpufreq_default_gpufreq_1.107GHz_emcfreq_2.750GHz/phase_summary.csv,thor_measurements/libero10_combo_trt_20260430_090849/cpufreq_default_gpufreq_1.107GHz_emcfreq_2.750GHz/telemetry_raw.csv,-1,2750000000,1107000000,-1,6320,3629.708978184918,76.508,36.35293987341772,63.13530000000001,/home/Thor/Workspace/jyjeong/Isaac-GR00T/thor_measurements/libero10_combo_trt_20260430_090849/summary.csv,cpufreq_default_gpufreq_1.107GHz_emcfreq_2.750GHz,107.233204525
648000000,2750000000,1107000000,648000000,cpufreq_648MHz_gpufreq_1.107GHz_emcfreq_2.750GHz,648000000.0,1,660.4225037595938,7.8752,6.280143630550621,7.481439999999999,104.778324054,1,2750000000,1107000000,1018.1178439087348,1,28.74448,9.626880306927175,16.14416,1,locked_combo,thor_measurements/libero10_combo_trt_20260430_090849/cpufreq_648MHz_gpufreq_1.107GHz_emcfreq_2.750GHz/nvtx_ranges.csv,thor_measurements/libero10_combo_trt_20260430_090849/cpufreq_648MHz_gpufreq_1.107GHz_emcfreq_2.750GHz/phase_metrics.csv,thor_measurements/libero10_combo_trt_20260430_090849/cpufreq_648MHz_gpufreq_1.107GHz_emcfreq_2.750GHz/phase_summary.csv,thor_measurements/libero10_combo_trt_20260430_090849/cpufreq_648MHz_gpufreq_1.107GHz_emcfreq_2.750GHz/telemetry_raw.csv,648000000,2750000000,1107000000,648000000,14075,3345.3278337972,76.884,31.823072824156306,56.721,/home/Thor/Workspace/jyjeong/Isaac-GR00T/thor_measurements/libero10_combo_trt_20260430_090849/summary.csv,cpufreq_648MHz_gpufreq_1.107GHz_emcfreq_2.750GHz,115.91413872727274
972000000,2750000000,1107000000,972000000,cpufreq_972MHz_gpufreq_1.107GHz_emcfreq_2.750GHz,972000000.0,1,578.5570020909088,8.27568,6.596443303184057,7.8752,87.510003216,1,2750000000,1107000000,928.5717135884322,1,28.74448,10.555706437238031,16.93168,1,locked_combo,thor_measurements/libero10_combo_trt_20260430_090849/cpufreq_972MHz_gpufreq_1.107GHz_emcfreq_2.750GHz/nvtx_ranges.csv,thor_measurements/libero10_combo_trt_20260430_090849/cpufreq_972MHz_gpufreq_1.107GHz_emcfreq_2.750GHz/phase_metrics.csv,thor_measurements/libero10_combo_trt_20260430_090849/cpufreq_972MHz_gpufreq_1.107GHz_emcfreq_2.750GHz/phase_summary.csv,thor_measurements/libero10_combo_trt_20260430_090849/cpufreq_972MHz_gpufreq_1.107GHz_emcfreq_2.750GHz/telemetry_raw.csv,972000000,2750000000,1107000000,972000000,13599,2933.7267356650655,76.816,33.43459033752482,61.4102,/home/Thor/Workspace/jyjeong/Isaac-GR00T/thor_measurements/libero10_combo_trt_20260430_090849/summary.csv,cpufreq_972MHz_gpufreq_1.107GHz_emcfreq_2.750GHz,97.48724169863014
1242000000,2750000000,1107000000,1242000000,cpufreq_1.242GHz_gpufreq_1.107GHz_emcfreq_2.750GHz,1242000000.0,1,548.0124303753215,8.66976,6.739823188405797,7.8752,81.048374498,1,2750000000,1107000000,886.237421037993,1,28.74448,10.857204255072462,17.32544,1,locked_combo,thor_measurements/libero10_combo_trt_20260430_090849/cpufreq_1.242GHz_gpufreq_1.107GHz_emcfreq_2.750GHz/nvtx_ranges.csv,thor_measurements/libero10_combo_trt_20260430_090849/cpufreq_1.242GHz_gpufreq_1.107GHz_emcfreq_2.750GHz/phase_metrics.csv,thor_measurements/libero10_combo_trt_20260430_090849/cpufreq_1.242GHz_gpufreq_1.107GHz_emcfreq_2.750GHz/phase_summary.csv,thor_measurements/libero10_combo_trt_20260430_090849/cpufreq_1.242GHz_gpufreq_1.107GHz_emcfreq_2.750GHz/telemetry_raw.csv,1242000000,2750000000,1107000000,1242000000,13800,2770.7861218087883,77.472,33.99722275362319,62.9423,/home/Thor/Workspace/jyjeong/Isaac-GR00T/thor_measurements/libero10_combo_trt_20260430_090849/summary.csv,cpufreq_1.242GHz_gpufreq_1.107GHz_emcfreq_2.750GHz,94.76012396478873
1566000000,2750000000,1107000000,1566000000,cpufreq_1.566GHz_gpufreq_1.107GHz_emcfreq_2.750GHz,1566000000.0,1,552.3166693866128,9.06384,6.946940275668073,8.26896,79.201932677,1,2750000000,1107000000,893.7065904263393,1,28.74448,11.191869625879043,17.32544,1,locked_combo,thor_measurements/libero10_combo_trt_20260430_090849/cpufreq_1.566GHz_gpufreq_1.107GHz_emcfreq_2.750GHz/nvtx_ranges.csv,thor_measurements/libero10_combo_trt_20260430_090849/cpufreq_1.566GHz_gpufreq_1.107GHz_emcfreq_2.750GHz/phase_metrics.csv,thor_measurements/libero10_combo_trt_20260430_090849/cpufreq_1.566GHz_gpufreq_1.107GHz_emcfreq_2.750GHz/phase_summary.csv,thor_measurements/libero10_combo_trt_20260430_090849/cpufreq_1.566GHz_gpufreq_1.107GHz_emcfreq_2.750GHz/telemetry_raw.csv,1566000000,2750000000,1107000000,1566000000,14220,2762.082559231168,77.952,34.61998438818566,64.2381,/home/Thor/Workspace/jyjeong/Isaac-GR00T/thor_measurements/libero10_combo_trt_20260430_090849/summary.csv,cpufreq_1.566GHz_gpufreq_1.107GHz_emcfreq_2.750GHz,91.68376898639455
1836000000,2750000000,1107000000,1836000000,cpufreq_1.836GHz_gpufreq_1.107GHz_emcfreq_2.750GHz,1836000000.0,1,552.7713722151669,9.852,7.281752213143872,8.6592,75.696728606,1,2750000000,1107000000,865.239280036727,1,28.74448,11.382501024511544,17.33248,1,locked_combo,thor_measurements/libero10_combo_trt_20260430_090849/cpufreq_1.836GHz_gpufreq_1.107GHz_emcfreq_2.750GHz/nvtx_ranges.csv,thor_measurements/libero10_combo_trt_20260430_090849/cpufreq_1.836GHz_gpufreq_1.107GHz_emcfreq_2.750GHz/phase_metrics.csv,thor_measurements/libero10_combo_trt_20260430_090849/cpufreq_1.836GHz_gpufreq_1.107GHz_emcfreq_2.750GHz/phase_summary.csv,thor_measurements/libero10_combo_trt_20260430_090849/cpufreq_1.836GHz_gpufreq_1.107GHz_emcfreq_2.750GHz/telemetry_raw.csv,1836000000,2750000000,1107000000,1836000000,14075,2683.70604485209,78.062,35.26538841918295,66.2818,/home/Thor/Workspace/jyjeong/Isaac-GR00T/thor_measurements/libero10_combo_trt_20260430_090849/summary.csv,cpufreq_1.836GHz_gpufreq_1.107GHz_emcfreq_2.750GHz,89.09549440689655
2160000000,2750000000,1107000000,2160000000,cpufreq_2.160GHz_gpufreq_1.107GHz_emcfreq_2.750GHz,2160000000.0,1,566.2627110689958,11.03424,7.805272297238687,9.05648,72.39364321,1,2750000000,1107000000,844.5743718228817,1,28.74448,11.632932889981204,17.7192,1,locked_combo,thor_measurements/libero10_combo_trt_20260430_090849/cpufreq_2.160GHz_gpufreq_1.107GHz_emcfreq_2.750GHz/nvtx_ranges.csv,thor_measurements/libero10_combo_trt_20260430_090849/cpufreq_2.160GHz_gpufreq_1.107GHz_emcfreq_2.750GHz/phase_metrics.csv,thor_measurements/libero10_combo_trt_20260430_090849/cpufreq_2.160GHz_gpufreq_1.107GHz_emcfreq_2.750GHz/phase_summary.csv,thor_measurements/libero10_combo_trt_20260430_090849/cpufreq_2.160GHz_gpufreq_1.107GHz_emcfreq_2.750GHz/telemetry_raw.csv,2160000000,2750000000,1107000000,2160000000,13834,2631.1980271827297,78.676,36.13656758710424,67.1447,/home/Thor/Workspace/jyjeong/Isaac-GR00T/thor_measurements/libero10_combo_trt_20260430_090849/summary.csv,cpufreq_2.160GHz_gpufreq_1.107GHz_emcfreq_2.750GHz,89.06851582517483
2430000000,2750000000,1107000000,2430000000,cpufreq_2.430GHz_gpufreq_1.107GHz_emcfreq_2.750GHz,2430000000.0,1,587.5879849352297,12.21648,8.357009776479181,9.45024,70.177226217,1,2750000000,1107000000,835.8089640753808,1,28.74448,11.88641661943024,17.712,1,locked_combo,thor_measurements/libero10_combo_trt_20260430_090849/cpufreq_2.430GHz_gpufreq_1.107GHz_emcfreq_2.750GHz/nvtx_ranges.csv,thor_measurements/libero10_combo_trt_20260430_090849/cpufreq_2.430GHz_gpufreq_1.107GHz_emcfreq_2.750GHz/phase_metrics.csv,thor_measurements/libero10_combo_trt_20260430_090849/cpufreq_2.430GHz_gpufreq_1.107GHz_emcfreq_2.750GHz/phase_summary.csv,thor_measurements/libero10_combo_trt_20260430_090849/cpufreq_2.430GHz_gpufreq_1.107GHz_emcfreq_2.750GHz/telemetry_raw.csv,2430000000,2750000000,1107000000,2430000000,13690,2614.4271684588484,82.644,37.056179401022646,68.5573,/home/Thor/Workspace/jyjeong/Isaac-GR00T/thor_measurements/libero10_combo_trt_20260430_090849/summary.csv,cpufreq_2.430GHz_gpufreq_1.107GHz_emcfreq_2.750GHz,87.17233356944445
2601000000,2750000000,1107000000,2601000000,cpufreq_2.601GHz_gpufreq_1.107GHz_emcfreq_2.750GHz,2601000000.0,1,623.5126170079684,13.7872,8.828726755451486,10.2336,70.428226119,1,2750000000,1107000000,849.4950995659037,1,28.74448,12.03056439045807,18.1056,1,locked_combo,thor_measurements/libero10_combo_trt_20260430_090849/cpufreq_2.601GHz_gpufreq_1.107GHz_emcfreq_2.750GHz/nvtx_ranges.csv,thor_measurements/libero10_combo_trt_20260430_090849/cpufreq_2.601GHz_gpufreq_1.107GHz_emcfreq_2.750GHz/phase_metrics.csv,thor_measurements/libero10_combo_trt_20260430_090849/cpufreq_2.601GHz_gpufreq_1.107GHz_emcfreq_2.750GHz/phase_summary.csv,thor_measurements/libero10_combo_trt_20260430_090849/cpufreq_2.601GHz_gpufreq_1.107GHz_emcfreq_2.750GHz/telemetry_raw.csv,2601000000,2750000000,1107000000,2601000000,13666,2674.5788186251516,82.73,37.728259476072,69.26849999999999,/home/Thor/Workspace/jyjeong/Isaac-GR00T/thor_measurements/libero10_combo_trt_20260430_090849/summary.csv,cpufreq_2.601GHz_gpufreq_1.107GHz_emcfreq_2.750GHz,86.77242347972974
-1,3200000000,1107000000,-1,cpufreq_default_gpufreq_1.107GHz_emcfreq_3.200GHz,399041915.7068466,1,591.7340497369876,11.03424,7.353740003591309,8.27568,81.542065878,1,3200000000,1107000000,917.388409208376,1,28.74448,11.474139931765128,17.169216000000137,1,locked_combo,thor_measurements/libero10_combo_trt_20260430_090849/cpufreq_default_gpufreq_1.107GHz_emcfreq_3.200GHz/nvtx_ranges.csv,thor_measurements/libero10_combo_trt_20260430_090849/cpufreq_default_gpufreq_1.107GHz_emcfreq_3.200GHz/phase_metrics.csv,thor_measurements/libero10_combo_trt_20260430_090849/cpufreq_default_gpufreq_1.107GHz_emcfreq_3.200GHz/phase_summary.csv,thor_measurements/libero10_combo_trt_20260430_090849/cpufreq_default_gpufreq_1.107GHz_emcfreq_3.200GHz/telemetry_raw.csv,-1,3200000000,1107000000,-1,5569,2865.998540176169,81.992,36.66570263961214,62.86200000000001,/home/Thor/Workspace/jyjeong/Isaac-GR00T/thor_measurements/libero10_combo_trt_20260430_090849/summary.csv,cpufreq_default_gpufreq_1.107GHz_emcfreq_3.200GHz,104.53730793835616
648000000,3200000000,1107000000,648000000,cpufreq_648MHz_gpufreq_1.107GHz_emcfreq_3.200GHz,648000000.0,1,696.5264117796202,8.27568,6.648705392598955,7.8752,104.675283152,1,3200000000,1107000000,1086.4550033092492,1,28.74448,10.411004543697658,16.53792,1,locked_combo,thor_measurements/libero10_combo_trt_20260430_090849/cpufreq_648MHz_gpufreq_1.107GHz_emcfreq_3.200GHz/nvtx_ranges.csv,thor_measurements/libero10_combo_trt_20260430_090849/cpufreq_648MHz_gpufreq_1.107GHz_emcfreq_3.200GHz/phase_metrics.csv,thor_measurements/libero10_combo_trt_20260430_090849/cpufreq_648MHz_gpufreq_1.107GHz_emcfreq_3.200GHz/phase_summary.csv,thor_measurements/libero10_combo_trt_20260430_090849/cpufreq_648MHz_gpufreq_1.107GHz_emcfreq_3.200GHz/telemetry_raw.csv,648000000,3200000000,1107000000,648000000,13971,3468.194460007039,83.152,33.1830574762007,58.445,/home/Thor/Workspace/jyjeong/Isaac-GR00T/thor_measurements/libero10_combo_trt_20260430_090849/summary.csv,cpufreq_648MHz_gpufreq_1.107GHz_emcfreq_3.200GHz,114.02198355033558
972000000,3200000000,1107000000,972000000,cpufreq_972MHz_gpufreq_1.107GHz_emcfreq_3.200GHz,972000000.0,1,585.8884833386367,8.66976,6.886064135400285,8.26896,84.906984075,1,3200000000,1107000000,899.4679257118881,1,28.74448,10.560272789635288,16.94544,1,locked_combo,thor_measurements/libero10_combo_trt_20260430_090849/cpufreq_972MHz_gpufreq_1.107GHz_emcfreq_3.200GHz/nvtx_ranges.csv,thor_measurements/libero10_combo_trt_20260430_090849/cpufreq_972MHz_gpufreq_1.107GHz_emcfreq_3.200GHz/phase_metrics.csv,thor_measurements/libero10_combo_trt_20260430_090849/cpufreq_972MHz_gpufreq_1.107GHz_emcfreq_3.200GHz/phase_summary.csv,thor_measurements/libero10_combo_trt_20260430_090849/cpufreq_972MHz_gpufreq_1.107GHz_emcfreq_3.200GHz/telemetry_raw.csv,972000000,3200000000,1107000000,972000000,13353,2876.204363066999,82.926,33.77096098255074,62.73239999999999,/home/Thor/Workspace/jyjeong/Isaac-GR00T/thor_measurements/libero10_combo_trt_20260430_090849/summary.csv,cpufreq_972MHz_gpufreq_1.107GHz_emcfreq_3.200GHz,93.97770653900709
1242000000,3200000000,1107000000,1242000000,cpufreq_1.242GHz_gpufreq_1.107GHz_emcfreq_3.200GHz,1242000000.0,1,586.1974845405416,9.06384,7.075238931818181,8.27232,82.65605632,1,3200000000,1107000000,912.3685807795356,1,28.74448,10.995805886363636,17.32544,1,locked_combo,thor_measurements/libero10_combo_trt_20260430_090849/cpufreq_1.242GHz_gpufreq_1.107GHz_emcfreq_3.200GHz/nvtx_ranges.csv,thor_measurements/libero10_combo_trt_20260430_090849/cpufreq_1.242GHz_gpufreq_1.107GHz_emcfreq_3.200GHz/phase_metrics.csv,thor_measurements/libero10_combo_trt_20260430_090849/cpufreq_1.242GHz_gpufreq_1.107GHz_emcfreq_3.200GHz/phase_summary.csv,thor_measurements/libero10_combo_trt_20260430_090849/cpufreq_1.242GHz_gpufreq_1.107GHz_emcfreq_3.200GHz/telemetry_raw.csv,1242000000,3200000000,1107000000,1242000000,14080,2870.2606235093317,83.232,34.579251988636365,64.58079999999998,/home/Thor/Workspace/jyjeong/Isaac-GR00T/thor_measurements/libero10_combo_trt_20260430_090849/summary.csv,cpufreq_1.242GHz_gpufreq_1.107GHz_emcfreq_3.200GHz,90.92290469798658
1566000000,3200000000,1107000000,1566000000,cpufreq_1.566GHz_gpufreq_1.107GHz_emcfreq_3.200GHz,1566000000.0,1,566.0510377109944,9.06384,7.276882112817569,8.66272,77.607510995,1,3200000000,1107000000,878.4666224999542,1,28.74448,11.313304217023108,17.7048,1,locked_combo,thor_measurements/libero10_combo_trt_20260430_090849/cpufreq_1.566GHz_gpufreq_1.107GHz_emcfreq_3.200GHz/nvtx_ranges.csv,thor_measurements/libero10_combo_trt_20260430_090849/cpufreq_1.566GHz_gpufreq_1.107GHz_emcfreq_3.200GHz/phase_metrics.csv,thor_measurements/libero10_combo_trt_20260430_090849/cpufreq_1.566GHz_gpufreq_1.107GHz_emcfreq_3.200GHz/phase_summary.csv,thor_measurements/libero10_combo_trt_20260430_090849/cpufreq_1.566GHz_gpufreq_1.107GHz_emcfreq_3.200GHz/telemetry_raw.csv,1566000000,3200000000,1107000000,1566000000,13934,2742.4444488874715,83.644,35.207783694560064,66.3487,/home/Thor/Workspace/jyjeong/Isaac-GR00T/thor_measurements/libero10_combo_trt_20260430_090849/summary.csv,cpufreq_1.566GHz_gpufreq_1.107GHz_emcfreq_3.200GHz,88.02976708904109
1836000000,3200000000,1107000000,1836000000,cpufreq_1.836GHz_gpufreq_1.107GHz_emcfreq_3.200GHz,1836000000.0,1,553.1128707249693,10.24608,7.660857207241042,9.05648,72.053870987,1,3200000000,1107000000,839.0875686716365,1,28.74448,11.598085300082628,17.7192,1,locked_combo,thor_measurements/libero10_combo_trt_20260430_090849/cpufreq_1.836GHz_gpufreq_1.107GHz_emcfreq_3.200GHz/nvtx_ranges.csv,thor_measurements/libero10_combo_trt_20260430_090849/cpufreq_1.836GHz_gpufreq_1.107GHz_emcfreq_3.200GHz/phase_metrics.csv,thor_measurements/libero10_combo_trt_20260430_090849/cpufreq_1.836GHz_gpufreq_1.107GHz_emcfreq_3.200GHz/phase_summary.csv,thor_measurements/libero10_combo_trt_20260430_090849/cpufreq_1.836GHz_gpufreq_1.107GHz_emcfreq_3.200GHz/telemetry_raw.csv,1836000000,3200000000,1107000000,1836000000,13313,2606.5178310294827,83.396,35.97948261098175,67.76599999999999,/home/Thor/Workspace/jyjeong/Isaac-GR00T/thor_measurements/libero10_combo_trt_20260430_090849/summary.csv,cpufreq_1.836GHz_gpufreq_1.107GHz_emcfreq_3.200GHz,86.22047136363636
2160000000,3200000000,1107000000,2160000000,cpufreq_2.160GHz_gpufreq_1.107GHz_emcfreq_3.200GHz,2160000000.0,1,579.0206993689915,11.42832,8.13362888476664,9.45024,70.975125335,1,3200000000,1107000000,831.2934113002068,1,28.74448,11.64295638495214,17.7192,1,locked_combo,thor_measurements/libero10_combo_trt_20260430_090849/cpufreq_2.160GHz_gpufreq_1.107GHz_emcfreq_3.200GHz/nvtx_ranges.csv,thor_measurements/libero10_combo_trt_20260430_090849/cpufreq_2.160GHz_gpufreq_1.107GHz_emcfreq_3.200GHz/phase_metrics.csv,thor_measurements/libero10_combo_trt_20260430_090849/cpufreq_2.160GHz_gpufreq_1.107GHz_emcfreq_3.200GHz/phase_summary.csv,thor_measurements/libero10_combo_trt_20260430_090849/cpufreq_2.160GHz_gpufreq_1.107GHz_emcfreq_3.200GHz/telemetry_raw.csv,2160000000,3200000000,1107000000,2160000000,13477,2613.3040827231575,85.158,36.51553060770201,69.84200000000001,/home/Thor/Workspace/jyjeong/Isaac-GR00T/thor_measurements/libero10_combo_trt_20260430_090849/summary.csv,cpufreq_2.160GHz_gpufreq_1.107GHz_emcfreq_3.200GHz,84.6567849929078
2430000000,3200000000,1107000000,2430000000,cpufreq_2.430GHz_gpufreq_1.107GHz_emcfreq_3.200GHz,2430000000.0,1,605.399438527358,12.61056,8.674484382270652,9.852,69.587211088,1,3200000000,1107000000,830.9232309794508,1,28.74448,11.88358528640848,18.1056,1,locked_combo,thor_measurements/libero10_combo_trt_20260430_090849/cpufreq_2.430GHz_gpufreq_1.107GHz_emcfreq_3.200GHz/nvtx_ranges.csv,thor_measurements/libero10_combo_trt_20260430_090849/cpufreq_2.430GHz_gpufreq_1.107GHz_emcfreq_3.200GHz/phase_metrics.csv,thor_measurements/libero10_combo_trt_20260430_090849/cpufreq_2.430GHz_gpufreq_1.107GHz_emcfreq_3.200GHz/phase_summary.csv,thor_measurements/libero10_combo_trt_20260430_090849/cpufreq_2.430GHz_gpufreq_1.107GHz_emcfreq_3.200GHz/telemetry_raw.csv,2430000000,3200000000,1107000000,2430000000,13582,2622.5647528661475,85.618,37.398838315417464,70.9999,/home/Thor/Workspace/jyjeong/Isaac-GR00T/thor_measurements/libero10_combo_trt_20260430_090849/summary.csv,cpufreq_2.430GHz_gpufreq_1.107GHz_emcfreq_3.200GHz,83.48153784722223
2601000000,3200000000,1107000000,2601000000,cpufreq_2.601GHz_gpufreq_1.107GHz_emcfreq_3.200GHz,2601000000.0,1,632.50678187829,14.18112,9.158781408326602,10.6272,68.919626123,1,3200000000,1107000000,831.7774336971878,1,28.74448,12.02304532197665,18.1056,1,locked_combo,thor_measurements/libero10_combo_trt_20260430_090849/cpufreq_2.601GHz_gpufreq_1.107GHz_emcfreq_3.200GHz/nvtx_ranges.csv,thor_measurements/libero10_combo_trt_20260430_090849/cpufreq_2.601GHz_gpufreq_1.107GHz_emcfreq_3.200GHz/phase_metrics.csv,thor_measurements/libero10_combo_trt_20260430_090849/cpufreq_2.601GHz_gpufreq_1.107GHz_emcfreq_3.200GHz/phase_summary.csv,thor_measurements/libero10_combo_trt_20260430_090849/cpufreq_2.601GHz_gpufreq_1.107GHz_emcfreq_3.200GHz/telemetry_raw.csv,2601000000,3200000000,1107000000,2601000000,13619,2646.164470422207,86.282,38.07901843013437,71.85520000000001,/home/Thor/Workspace/jyjeong/Isaac-GR00T/thor_measurements/libero10_combo_trt_20260430_090849/summary.csv,cpufreq_2.601GHz_gpufreq_1.107GHz_emcfreq_3.200GHz,82.7083168275862
-1,4266000000,1107000000,-1,cpufreq_default_gpufreq_1.107GHz_emcfreq_4.266GHz,396954762.2644767,1,747.8129702950382,11.8224,7.624133119806618,8.6592,99.023531868,1,4266000000,1107000000,1183.472418642279,1,28.74448,11.882945049101073,16.5312,1,locked_combo,thor_measurements/libero10_combo_trt_20260430_090849/cpufreq_default_gpufreq_1.107GHz_emcfreq_4.266GHz/nvtx_ranges.csv,thor_measurements/libero10_combo_trt_20260430_090849/cpufreq_default_gpufreq_1.107GHz_emcfreq_4.266GHz/phase_metrics.csv,thor_measurements/libero10_combo_trt_20260430_090849/cpufreq_default_gpufreq_1.107GHz_emcfreq_4.266GHz/phase_summary.csv,thor_measurements/libero10_combo_trt_20260430_090849/cpufreq_default_gpufreq_1.107GHz_emcfreq_4.266GHz/telemetry_raw.csv,-1,4266000000,1107000000,-1,6619,3634.7496177182184,85.718,37.690622450521225,67.5102,/home/Thor/Workspace/jyjeong/Isaac-GR00T/thor_measurements/libero10_combo_trt_20260430_090849/summary.csv,cpufreq_default_gpufreq_1.107GHz_emcfreq_4.266GHz,101.53828317073172
648000000,4266000000,1107000000,648000000,cpufreq_648MHz_gpufreq_1.107GHz_emcfreq_4.266GHz,648000000.0,1,698.1085233424941,8.66272,6.754449623952438,8.2656,102.973220651,1,4266000000,1107000000,1000.2487768404412,1,28.74448,9.623676114891484,16.14416,1,locked_combo,thor_measurements/libero10_combo_trt_20260430_090849/cpufreq_648MHz_gpufreq_1.107GHz_emcfreq_4.266GHz/nvtx_ranges.csv,thor_measurements/libero10_combo_trt_20260430_090849/cpufreq_648MHz_gpufreq_1.107GHz_emcfreq_4.266GHz/phase_metrics.csv,thor_measurements/libero10_combo_trt_20260430_090849/cpufreq_648MHz_gpufreq_1.107GHz_emcfreq_4.266GHz/phase_summary.csv,thor_measurements/libero10_combo_trt_20260430_090849/cpufreq_648MHz_gpufreq_1.107GHz_emcfreq_4.266GHz/telemetry_raw.csv,648000000,4266000000,1107000000,648000000,13961,3366.932733257943,86.222,32.55503430986319,59.36,/home/Thor/Workspace/jyjeong/Isaac-GR00T/thor_measurements/libero10_combo_trt_20260430_090849/summary.csv,cpufreq_648MHz_gpufreq_1.107GHz_emcfreq_4.266GHz,113.51890428873239
972000000,4266000000,1107000000,972000000,cpufreq_972MHz_gpufreq_1.107GHz_emcfreq_4.266GHz,972000000.0,1,615.8187226325663,9.05648,7.087619138169887,8.66272,86.614769633,1,4266000000,1107000000,922.3643348667288,1,28.74448,10.608645669704702,17.3184,1,locked_combo,thor_measurements/libero10_combo_trt_20260430_090849/cpufreq_972MHz_gpufreq_1.107GHz_emcfreq_4.266GHz/nvtx_ranges.csv,thor_measurements/libero10_combo_trt_20260430_090849/cpufreq_972MHz_gpufreq_1.107GHz_emcfreq_4.266GHz/phase_metrics.csv,thor_measurements/libero10_combo_trt_20260430_090849/cpufreq_972MHz_gpufreq_1.107GHz_emcfreq_4.266GHz/phase_summary.csv,thor_measurements/libero10_combo_trt_20260430_090849/cpufreq_972MHz_gpufreq_1.107GHz_emcfreq_4.266GHz/telemetry_raw.csv,972000000,4266000000,1107000000,972000000,13715,2977.2712341946913,85.556,34.22371563981043,64.462,/home/Thor/Workspace/jyjeong/Isaac-GR00T/thor_measurements/libero10_combo_trt_20260430_090849/summary.csv,cpufreq_972MHz_gpufreq_1.107GHz_emcfreq_4.266GHz,92.55386711643835
1242000000,4266000000,1107000000,1242000000,cpufreq_1.242GHz_gpufreq_1.107GHz_emcfreq_4.266GHz,1242000000.0,1,588.7525887836525,9.06384,7.268302196598444,8.66272,80.781942982,1,4266000000,1107000000,892.1167561952418,1,28.74448,10.98043689824157,17.32544,1,locked_combo,thor_measurements/libero10_combo_trt_20260430_090849/cpufreq_1.242GHz_gpufreq_1.107GHz_emcfreq_4.266GHz/nvtx_ranges.csv,thor_measurements/libero10_combo_trt_20260430_090849/cpufreq_1.242GHz_gpufreq_1.107GHz_emcfreq_4.266GHz/phase_metrics.csv,thor_measurements/libero10_combo_trt_20260430_090849/cpufreq_1.242GHz_gpufreq_1.107GHz_emcfreq_4.266GHz/phase_summary.csv,thor_measurements/libero10_combo_trt_20260430_090849/cpufreq_1.242GHz_gpufreq_1.107GHz_emcfreq_4.266GHz/telemetry_raw.csv,1242000000,4266000000,1107000000,1242000000,13876,2835.07916145304,85.944,34.89532747189392,65.846,/home/Thor/Workspace/jyjeong/Isaac-GR00T/thor_measurements/libero10_combo_trt_20260430_090849/summary.csv,cpufreq_1.242GHz_gpufreq_1.107GHz_emcfreq_4.266GHz,88.52250333793104
1566000000,4266000000,1107000000,1566000000,cpufreq_1.566GHz_gpufreq_1.107GHz_emcfreq_4.266GHz,1566000000.0,1,647.9219494844167,9.45792,7.573082506783822,9.0528,85.233487273,1,4266000000,1107000000,1009.7190421794564,1,28.74448,11.748800330792092,17.712,1,locked_combo,thor_measurements/libero10_combo_trt_20260430_090849/cpufreq_1.566GHz_gpufreq_1.107GHz_emcfreq_4.266GHz/nvtx_ranges.csv,thor_measurements/libero10_combo_trt_20260430_090849/cpufreq_1.566GHz_gpufreq_1.107GHz_emcfreq_4.266GHz/phase_metrics.csv,thor_measurements/libero10_combo_trt_20260430_090849/cpufreq_1.566GHz_gpufreq_1.107GHz_emcfreq_4.266GHz/phase_summary.csv,thor_measurements/libero10_combo_trt_20260430_090849/cpufreq_1.566GHz_gpufreq_1.107GHz_emcfreq_4.266GHz/telemetry_raw.csv,1566000000,4266000000,1107000000,1566000000,15478,3119.3518097282654,86.836,36.23945496834216,68.57309999999998,/home/Thor/Workspace/jyjeong/Isaac-GR00T/thor_measurements/libero10_combo_trt_20260430_090849/summary.csv,cpufreq_1.566GHz_gpufreq_1.107GHz_emcfreq_4.266GHz,85.93894376966293
1836000000,4266000000,1107000000,1836000000,cpufreq_1.836GHz_gpufreq_1.107GHz_emcfreq_4.266GHz,1836000000.0,1,579.0738274360797,10.24608,7.863403712946268,9.06016,73.505266744,1,4266000000,1107000000,858.769939761295,1,28.74448,11.649999544175982,17.7192,1,locked_combo,thor_measurements/libero10_combo_trt_20260430_090849/cpufreq_1.836GHz_gpufreq_1.107GHz_emcfreq_4.266GHz/nvtx_ranges.csv,thor_measurements/libero10_combo_trt_20260430_090849/cpufreq_1.836GHz_gpufreq_1.107GHz_emcfreq_4.266GHz/phase_metrics.csv,thor_measurements/libero10_combo_trt_20260430_090849/cpufreq_1.836GHz_gpufreq_1.107GHz_emcfreq_4.266GHz/phase_summary.csv,thor_measurements/libero10_combo_trt_20260430_090849/cpufreq_1.836GHz_gpufreq_1.107GHz_emcfreq_4.266GHz/telemetry_raw.csv,1836000000,4266000000,1107000000,1836000000,13865,2690.8642302320495,86.636,36.3426781103498,69.19359999999999,/home/Thor/Workspace/jyjeong/Isaac-GR00T/thor_measurements/libero10_combo_trt_20260430_090849/summary.csv,cpufreq_1.836GHz_gpufreq_1.107GHz_emcfreq_4.266GHz,84.62000914965986
2160000000,4266000000,1107000000,2160000000,cpufreq_2.160GHz_gpufreq_1.107GHz_emcfreq_4.266GHz,2160000000.0,1,597.6105484509746,11.42832,8.422903045316325,9.84,70.722615164,1,4266000000,1107000000,853.6520344761497,1,28.74448,11.968548590076391,18.49168,1,locked_combo,thor_measurements/libero10_combo_trt_20260430_090849/cpufreq_2.160GHz_gpufreq_1.107GHz_emcfreq_4.266GHz/nvtx_ranges.csv,thor_measurements/libero10_combo_trt_20260430_090849/cpufreq_2.160GHz_gpufreq_1.107GHz_emcfreq_4.266GHz/phase_metrics.csv,thor_measurements/libero10_combo_trt_20260430_090849/cpufreq_2.160GHz_gpufreq_1.107GHz_emcfreq_4.266GHz/phase_summary.csv,thor_measurements/libero10_combo_trt_20260430_090849/cpufreq_2.160GHz_gpufreq_1.107GHz_emcfreq_4.266GHz/telemetry_raw.csv,2160000000,4266000000,1107000000,2160000000,13483,2671.6185802374484,87.686,37.36674315805088,71.4136,/home/Thor/Workspace/jyjeong/Isaac-GR00T/thor_measurements/libero10_combo_trt_20260430_090849/summary.csv,cpufreq_2.160GHz_gpufreq_1.107GHz_emcfreq_4.266GHz,83.10468833333334
2430000000,4266000000,1107000000,2430000000,cpufreq_2.430GHz_gpufreq_1.107GHz_emcfreq_4.266GHz,2430000000.0,1,641.5744189903519,12.99936,8.925848322452456,10.23776,71.683044263,1,4266000000,1107000000,877.2265057172223,1,28.74448,12.163260675560602,18.1056,1,locked_combo,thor_measurements/libero10_combo_trt_20260430_090849/cpufreq_2.430GHz_gpufreq_1.107GHz_emcfreq_4.266GHz/nvtx_ranges.csv,thor_measurements/libero10_combo_trt_20260430_090849/cpufreq_2.430GHz_gpufreq_1.107GHz_emcfreq_4.266GHz/phase_metrics.csv,thor_measurements/libero10_combo_trt_20260430_090849/cpufreq_2.430GHz_gpufreq_1.107GHz_emcfreq_4.266GHz/phase_summary.csv,thor_measurements/libero10_combo_trt_20260430_090849/cpufreq_2.430GHz_gpufreq_1.107GHz_emcfreq_4.266GHz/telemetry_raw.csv,2430000000,4266000000,1107000000,2430000000,14092,2764.791472249459,87.776,38.2359703377803,72.6447,/home/Thor/Workspace/jyjeong/Isaac-GR00T/thor_measurements/libero10_combo_trt_20260430_090849/summary.csv,cpufreq_2.430GHz_gpufreq_1.107GHz_emcfreq_4.266GHz,81.57197567948718
2601000000,4266000000,1107000000,2601000000,cpufreq_2.601GHz_gpufreq_1.107GHz_emcfreq_4.266GHz,2601000000.0,1,643.4703672322339,14.17536,9.382018170496664,10.63152,68.364512586,1,4266000000,1107000000,835.9853727819716,1,28.74448,12.121797752409192,18.4992,1,locked_combo,thor_measurements/libero10_combo_trt_20260430_090849/cpufreq_2.601GHz_gpufreq_1.107GHz_emcfreq_4.266GHz/nvtx_ranges.csv,thor_measurements/libero10_combo_trt_20260430_090849/cpufreq_2.601GHz_gpufreq_1.107GHz_emcfreq_4.266GHz/phase_metrics.csv,thor_measurements/libero10_combo_trt_20260430_090849/cpufreq_2.601GHz_gpufreq_1.107GHz_emcfreq_4.266GHz/phase_summary.csv,thor_measurements/libero10_combo_trt_20260430_090849/cpufreq_2.601GHz_gpufreq_1.107GHz_emcfreq_4.266GHz/telemetry_raw.csv,2601000000,4266000000,1107000000,2601000000,13490,2668.7345754948856,88.994,38.6156723498888,72.9515,/home/Thor/Workspace/jyjeong/Isaac-GR00T/thor_measurements/libero10_combo_trt_20260430_090849/summary.csv,cpufreq_2.601GHz_gpufreq_1.107GHz_emcfreq_4.266GHz,81.69611513513514
-1,-1,1305000000,-1,cpufreq_default_gpufreq_1.305GHz_emcfreq_default,383434781.4694476,1,727.9930296394855,13.39872,8.923750785033015,10.23776,82.259847125,1,-1,1305000000,961.7540546924918,1,31.89456,11.782660132061627,16.927895999999997,1,locked_combo,thor_measurements/libero10_combo_trt_20260430_090849/cpufreq_default_gpufreq_1.305GHz_emcfreq_default/nvtx_ranges.csv,thor_measurements/libero10_combo_trt_20260430_090849/cpufreq_default_gpufreq_1.305GHz_emcfreq_default/phase_metrics.csv,thor_measurements/libero10_combo_trt_20260430_090849/cpufreq_default_gpufreq_1.305GHz_emcfreq_default/phase_summary.csv,thor_measurements/libero10_combo_trt_20260430_090849/cpufreq_default_gpufreq_1.305GHz_emcfreq_default/telemetry_raw.csv,-1,-1,1305000000,-1,5452,3074.101973052887,84.572,38.529171680117386,66.38019999999999,/home/Thor/Workspace/jyjeong/Isaac-GR00T/thor_measurements/libero10_combo_trt_20260430_090849/summary.csv,cpufreq_default_gpufreq_1.305GHz_emcfreq_default,101.7413909527027
648000000,-1,1305000000,648000000,cpufreq_648MHz_gpufreq_1.305GHz_emcfreq_default,648000000.0,1,835.8276070136794,10.23776,8.125243910543132,9.844,103.125184535,1,-1,1305000000,1097.0635164858393,1,31.89456,10.609284350727725,16.93168,1,locked_combo,thor_measurements/libero10_combo_trt_20260430_090849/cpufreq_648MHz_gpufreq_1.305GHz_emcfreq_default/nvtx_ranges.csv,thor_measurements/libero10_combo_trt_20260430_090849/cpufreq_648MHz_gpufreq_1.305GHz_emcfreq_default/phase_metrics.csv,thor_measurements/libero10_combo_trt_20260430_090849/cpufreq_648MHz_gpufreq_1.305GHz_emcfreq_default/phase_summary.csv,thor_measurements/libero10_combo_trt_20260430_090849/cpufreq_648MHz_gpufreq_1.305GHz_emcfreq_default/telemetry_raw.csv,648000000,-1,1305000000,648000000,14085,3607.2205895186626,81.294,34.98345062122826,62.2376,/home/Thor/Workspace/jyjeong/Isaac-GR00T/thor_measurements/libero10_combo_trt_20260430_090849/summary.csv,cpufreq_648MHz_gpufreq_1.305GHz_emcfreq_default,109.30320653103449
972000000,-1,1305000000,972000000,cpufreq_972MHz_gpufreq_1.305GHz_emcfreq_default,972000000.0,1,763.084624570916,10.64016,8.419767805546046,10.237759999999998,90.586981249,1,-1,1305000000,990.5912196913018,1,31.5008,10.931116149263952,17.712,1,locked_combo,thor_measurements/libero10_combo_trt_20260430_090849/cpufreq_972MHz_gpufreq_1.305GHz_emcfreq_default/nvtx_ranges.csv,thor_measurements/libero10_combo_trt_20260430_090849/cpufreq_972MHz_gpufreq_1.305GHz_emcfreq_default/phase_metrics.csv,thor_measurements/libero10_combo_trt_20260430_090849/cpufreq_972MHz_gpufreq_1.305GHz_emcfreq_default/phase_summary.csv,thor_measurements/libero10_combo_trt_20260430_090849/cpufreq_972MHz_gpufreq_1.305GHz_emcfreq_default/telemetry_raw.csv,972000000,-1,1305000000,972000000,14605,3251.4274197241457,81.286,35.850654296473806,67.934,/home/Thor/Workspace/jyjeong/Isaac-GR00T/thor_measurements/libero10_combo_trt_20260430_090849/summary.csv,cpufreq_972MHz_gpufreq_1.305GHz_emcfreq_default,89.27669032051281
1242000000,-1,1305000000,1242000000,cpufreq_1.242GHz_gpufreq_1.305GHz_emcfreq_default,1242000000.0,1,695.4827253902063,11.02528,8.57811347064593,10.62288,80.988573154,1,-1,1305000000,910.7245671961892,1,31.5008,11.203758284993697,18.1056,1,locked_combo,thor_measurements/libero10_combo_trt_20260430_090849/cpufreq_1.242GHz_gpufreq_1.305GHz_emcfreq_default/nvtx_ranges.csv,thor_measurements/libero10_combo_trt_20260430_090849/cpufreq_1.242GHz_gpufreq_1.305GHz_emcfreq_default/phase_metrics.csv,thor_measurements/libero10_combo_trt_20260430_090849/cpufreq_1.242GHz_gpufreq_1.305GHz_emcfreq_default/phase_summary.csv,thor_measurements/libero10_combo_trt_20260430_090849/cpufreq_1.242GHz_gpufreq_1.305GHz_emcfreq_default/telemetry_raw.csv,1242000000,-1,1305000000,1242000000,14274,2956.771071899678,81.264,36.38466484517304,69.7501,/home/Thor/Workspace/jyjeong/Isaac-GR00T/thor_measurements/libero10_combo_trt_20260430_090849/summary.csv,cpufreq_1.242GHz_gpufreq_1.305GHz_emcfreq_default,85.94181692413792
1566000000,-1,1305000000,1566000000,cpufreq_1.566GHz_gpufreq_1.305GHz_emcfreq_default,1566000000.0,1,663.6628742070887,11.03424,8.799052112010314,10.63152,75.395620817,1,-1,1305000000,870.8239503159458,1,31.5008,11.520389188569792,18.11296,1,locked_combo,thor_measurements/libero10_combo_trt_20260430_090849/cpufreq_1.566GHz_gpufreq_1.305GHz_emcfreq_default/nvtx_ranges.csv,thor_measurements/libero10_combo_trt_20260430_090849/cpufreq_1.566GHz_gpufreq_1.305GHz_emcfreq_default/phase_metrics.csv,thor_measurements/libero10_combo_trt_20260430_090849/cpufreq_1.566GHz_gpufreq_1.305GHz_emcfreq_default/phase_summary.csv,thor_measurements/libero10_combo_trt_20260430_090849/cpufreq_1.566GHz_gpufreq_1.305GHz_emcfreq_default/telemetry_raw.csv,1566000000,-1,1305000000,1566000000,13963,2802.318040708885,87.65,37.022654587123114,71.9456,/home/Thor/Workspace/jyjeong/Isaac-GR00T/thor_measurements/libero10_combo_trt_20260430_090849/summary.csv,cpufreq_1.566GHz_gpufreq_1.305GHz_emcfreq_default,82.91242878014185
1836000000,-1,1305000000,1836000000,cpufreq_1.836GHz_gpufreq_1.305GHz_emcfreq_default,1836000000.0,1,672.0274254580369,11.8224,9.179180077366617,11.02528,73.03177569,1,-1,1305000000,869.0500083384862,1,31.5008,11.786337219181082,18.50672,1,locked_combo,thor_measurements/libero10_combo_trt_20260430_090849/cpufreq_1.836GHz_gpufreq_1.305GHz_emcfreq_default/nvtx_ranges.csv,thor_measurements/libero10_combo_trt_20260430_090849/cpufreq_1.836GHz_gpufreq_1.305GHz_emcfreq_default/phase_metrics.csv,thor_measurements/libero10_combo_trt_20260430_090849/cpufreq_1.836GHz_gpufreq_1.305GHz_emcfreq_default/phase_summary.csv,thor_measurements/libero10_combo_trt_20260430_090849/cpufreq_1.836GHz_gpufreq_1.305GHz_emcfreq_default/telemetry_raw.csv,1836000000,-1,1305000000,1836000000,13701,2780.2867971290652,87.268,37.74570118969418,73.186,/home/Thor/Workspace/jyjeong/Isaac-GR00T/thor_measurements/libero10_combo_trt_20260430_090849/summary.csv,cpufreq_1.836GHz_gpufreq_1.305GHz_emcfreq_default,81.49117674482758
2160000000,-1,1305000000,2160000000,cpufreq_2.160GHz_gpufreq_1.305GHz_emcfreq_default,2160000000.0,1,697.1869220028574,13.39872,9.787675270705298,11.41904,71.084275891,1,-1,1305000000,877.6210137644917,1,31.89456,12.112467532923617,18.50672,1,locked_combo,thor_measurements/libero10_combo_trt_20260430_090849/cpufreq_2.160GHz_gpufreq_1.305GHz_emcfreq_default/nvtx_ranges.csv,thor_measurements/libero10_combo_trt_20260430_090849/cpufreq_2.160GHz_gpufreq_1.305GHz_emcfreq_default/phase_metrics.csv,thor_measurements/libero10_combo_trt_20260430_090849/cpufreq_2.160GHz_gpufreq_1.305GHz_emcfreq_default/phase_summary.csv,thor_measurements/libero10_combo_trt_20260430_090849/cpufreq_2.160GHz_gpufreq_1.305GHz_emcfreq_default/telemetry_raw.csv,2160000000,-1,1305000000,2160000000,13668,2792.9481812211648,84.504,38.86027919227392,75.2533,/home/Thor/Workspace/jyjeong/Isaac-GR00T/thor_measurements/libero10_combo_trt_20260430_090849/summary.csv,cpufreq_2.160GHz_gpufreq_1.305GHz_emcfreq_default,79.72824711258279
2430000000,-1,1305000000,2430000000,cpufreq_2.430GHz_gpufreq_1.305GHz_emcfreq_default,2430000000.0,1,690.8357834603313,14.57504,10.280927478368357,12.2016,66.906252415,1,-1,1305000000,833.8256668049833,1,31.89456,12.199725673671198,18.8928,1,locked_combo,thor_measurements/libero10_combo_trt_20260430_090849/cpufreq_2.430GHz_gpufreq_1.305GHz_emcfreq_default/nvtx_ranges.csv,thor_measurements/libero10_combo_trt_20260430_090849/cpufreq_2.430GHz_gpufreq_1.305GHz_emcfreq_default/phase_metrics.csv,thor_measurements/libero10_combo_trt_20260430_090849/cpufreq_2.430GHz_gpufreq_1.305GHz_emcfreq_default/phase_summary.csv,thor_measurements/libero10_combo_trt_20260430_090849/cpufreq_2.430GHz_gpufreq_1.305GHz_emcfreq_default/telemetry_raw.csv,2430000000,-1,1305000000,2430000000,12944,2678.10508148287,84.612,39.48554403584672,76.4907,/home/Thor/Workspace/jyjeong/Isaac-GR00T/thor_measurements/libero10_combo_trt_20260430_090849/summary.csv,cpufreq_2.430GHz_gpufreq_1.305GHz_emcfreq_default,78.64092770833332
2601000000,-1,1305000000,2601000000,cpufreq_2.601GHz_gpufreq_1.305GHz_emcfreq_default,2601000000.0,1,747.1359602025102,15.7504,10.775592121874771,12.5952,69.182583943,1,-1,1305000000,869.2945857018151,1,31.89456,12.41690777461914,18.8928,1,locked_combo,thor_measurements/libero10_combo_trt_20260430_090849/cpufreq_2.601GHz_gpufreq_1.305GHz_emcfreq_default/nvtx_ranges.csv,thor_measurements/libero10_combo_trt_20260430_090849/cpufreq_2.601GHz_gpufreq_1.305GHz_emcfreq_default/phase_metrics.csv,thor_measurements/libero10_combo_trt_20260430_090849/cpufreq_2.601GHz_gpufreq_1.305GHz_emcfreq_default/phase_summary.csv,thor_measurements/libero10_combo_trt_20260430_090849/cpufreq_2.601GHz_gpufreq_1.305GHz_emcfreq_default/telemetry_raw.csv,2601000000,-1,1305000000,2601000000,13719,2807.0043339534163,87.912,40.22579794445659,76.9922,/home/Thor/Workspace/jyjeong/Isaac-GR00T/thor_measurements/libero10_combo_trt_20260430_090849/summary.csv,cpufreq_2.601GHz_gpufreq_1.305GHz_emcfreq_default,77.92039022818793
-1,665600000,1305000000,-1,cpufreq_default_gpufreq_1.305GHz_emcfreq_665MHz,376809687.1936548,1,835.1134790143293,11.8224,6.472669943855272,7.48752,129.810169881,1,665600000,1305000000,1358.819809687328,1,31.89456,10.7110233312539,13.00464,1,locked_combo,thor_measurements/libero10_combo_trt_20260430_090849/cpufreq_default_gpufreq_1.305GHz_emcfreq_665MHz/nvtx_ranges.csv,thor_measurements/libero10_combo_trt_20260430_090849/cpufreq_default_gpufreq_1.305GHz_emcfreq_665MHz/phase_metrics.csv,thor_measurements/libero10_combo_trt_20260430_090849/cpufreq_default_gpufreq_1.305GHz_emcfreq_665MHz/phase_summary.csv,thor_measurements/libero10_combo_trt_20260430_090849/cpufreq_default_gpufreq_1.305GHz_emcfreq_665MHz/telemetry_raw.csv,-1,665600000,1305000000,-1,6412,4275.067680240852,55.088,33.53713724266999,44.4798,/home/Thor/Workspace/jyjeong/Isaac-GR00T/thor_measurements/libero10_combo_trt_20260430_090849/summary.csv,cpufreq_default_gpufreq_1.305GHz_emcfreq_665MHz,273.95410661805556
648000000,665600000,1305000000,648000000,cpufreq_648MHz_gpufreq_1.305GHz_emcfreq_665MHz,648000000.0,1,883.5452168999585,7.09344,5.913727843182473,6.69936,148.527184389,1,665600000,1305000000,1428.3279280043655,1,31.89456,9.424806245027384,13.00464,1,locked_combo,thor_measurements/libero10_combo_trt_20260430_090849/cpufreq_648MHz_gpufreq_1.305GHz_emcfreq_665MHz/nvtx_ranges.csv,thor_measurements/libero10_combo_trt_20260430_090849/cpufreq_648MHz_gpufreq_1.305GHz_emcfreq_665MHz/phase_metrics.csv,thor_measurements/libero10_combo_trt_20260430_090849/cpufreq_648MHz_gpufreq_1.305GHz_emcfreq_665MHz/phase_summary.csv,thor_measurements/libero10_combo_trt_20260430_090849/cpufreq_648MHz_gpufreq_1.305GHz_emcfreq_665MHz/telemetry_raw.csv,648000000,665600000,1305000000,648000000,17345,4611.688694810473,54.334,30.567093456327473,42.7728,/home/Thor/Workspace/jyjeong/Isaac-GR00T/thor_measurements/libero10_combo_trt_20260430_090849/summary.csv,cpufreq_648MHz_gpufreq_1.305GHz_emcfreq_665MHz,267.43749902142855
972000000,665600000,1305000000,972000000,cpufreq_972MHz_gpufreq_1.305GHz_emcfreq_665MHz,972000000.0,1,1042.9277584628005,7.49056,6.162495186650298,6.69936,168.344122425,1,665600000,1305000000,1775.279631008652,1,31.5008,10.379922324375938,13.00464,1,locked_combo,thor_measurements/libero10_combo_trt_20260430_090849/cpufreq_972MHz_gpufreq_1.305GHz_emcfreq_665MHz/nvtx_ranges.csv,thor_measurements/libero10_combo_trt_20260430_090849/cpufreq_972MHz_gpufreq_1.305GHz_emcfreq_665MHz/phase_metrics.csv,thor_measurements/libero10_combo_trt_20260430_090849/cpufreq_972MHz_gpufreq_1.305GHz_emcfreq_665MHz/phase_summary.csv,thor_measurements/libero10_combo_trt_20260430_090849/cpufreq_972MHz_gpufreq_1.305GHz_emcfreq_665MHz/telemetry_raw.csv,972000000,665600000,1305000000,972000000,21993,5512.63783259951,53.686,32.23992843177375,44.0628,/home/Thor/Workspace/jyjeong/Isaac-GR00T/thor_measurements/libero10_combo_trt_20260430_090849/summary.csv,cpufreq_972MHz_gpufreq_1.305GHz_emcfreq_665MHz,258.6567716896552
1242000000,665600000,1305000000,1242000000,cpufreq_1.242GHz_gpufreq_1.305GHz_emcfreq_665MHz,1242000000.0,1,804.3214854468084,7.8848,6.203822978532593,6.69936,128.871801036,1,665600000,1305000000,1330.882679707317,1,31.5008,10.149755856734489,13.39872,1,locked_combo,thor_measurements/libero10_combo_trt_20260430_090849/cpufreq_1.242GHz_gpufreq_1.305GHz_emcfreq_665MHz/nvtx_ranges.csv,thor_measurements/libero10_combo_trt_20260430_090849/cpufreq_1.242GHz_gpufreq_1.305GHz_emcfreq_665MHz/phase_metrics.csv,thor_measurements/libero10_combo_trt_20260430_090849/cpufreq_1.242GHz_gpufreq_1.305GHz_emcfreq_665MHz/phase_summary.csv,thor_measurements/libero10_combo_trt_20260430_090849/cpufreq_1.242GHz_gpufreq_1.305GHz_emcfreq_665MHz/telemetry_raw.csv,1242000000,665600000,1305000000,1242000000,17841,4186.336323926713,54.458,31.91307606075892,44.792,/home/Thor/Workspace/jyjeong/Isaac-GR00T/thor_measurements/libero10_combo_trt_20260430_090849/summary.csv,cpufreq_1.242GHz_gpufreq_1.305GHz_emcfreq_665MHz,252.05135501369864
1566000000,665600000,1305000000,1566000000,cpufreq_1.566GHz_gpufreq_1.305GHz_emcfreq_665MHz,1566000000.0,1,1028.354457980039,8.27568,6.456285836872292,7.09344,158.424104823,1,665600000,1305000000,1730.245579891092,1,31.5008,10.74665315178845,13.39872,1,locked_combo,thor_measurements/libero10_combo_trt_20260430_090849/cpufreq_1.566GHz_gpufreq_1.305GHz_emcfreq_665MHz/nvtx_ranges.csv,thor_measurements/libero10_combo_trt_20260430_090849/cpufreq_1.566GHz_gpufreq_1.305GHz_emcfreq_665MHz/phase_metrics.csv,thor_measurements/libero10_combo_trt_20260430_090849/cpufreq_1.566GHz_gpufreq_1.305GHz_emcfreq_665MHz/phase_summary.csv,thor_measurements/libero10_combo_trt_20260430_090849/cpufreq_1.566GHz_gpufreq_1.305GHz_emcfreq_665MHz/telemetry_raw.csv,1566000000,665600000,1305000000,1566000000,22841,5319.832233921455,54.944,32.96754625454227,45.272,/home/Thor/Workspace/jyjeong/Isaac-GR00T/thor_measurements/libero10_combo_trt_20260430_090849/summary.csv,cpufreq_1.566GHz_gpufreq_1.305GHz_emcfreq_665MHz,249.34263575609756
1836000000,665600000,1305000000,1836000000,cpufreq_1.836GHz_gpufreq_1.305GHz_emcfreq_665MHz,1836000000.0,1,819.2199130285085,8.66976,6.669384089446414,7.09344,122.158257248,1,665600000,1305000000,1293.8153694625898,1,31.5008,10.43727571529861,13.39872,1,locked_combo,thor_measurements/libero10_combo_trt_20260430_090849/cpufreq_1.836GHz_gpufreq_1.305GHz_emcfreq_665MHz/nvtx_ranges.csv,thor_measurements/libero10_combo_trt_20260430_090849/cpufreq_1.836GHz_gpufreq_1.305GHz_emcfreq_665MHz/phase_metrics.csv,thor_measurements/libero10_combo_trt_20260430_090849/cpufreq_1.836GHz_gpufreq_1.305GHz_emcfreq_665MHz/phase_summary.csv,thor_measurements/libero10_combo_trt_20260430_090849/cpufreq_1.836GHz_gpufreq_1.305GHz_emcfreq_665MHz/telemetry_raw.csv,1836000000,665600000,1305000000,1836000000,18335,4074.9866248304374,55.124,32.80353695118625,45.774,/home/Thor/Workspace/jyjeong/Isaac-GR00T/thor_measurements/libero10_combo_trt_20260430_090849/summary.csv,cpufreq_1.836GHz_gpufreq_1.305GHz_emcfreq_665MHz,248.1794771172414
2160000000,665600000,1305000000,2160000000,cpufreq_2.160GHz_gpufreq_1.305GHz_emcfreq_665MHz,2160000000.0,1,863.3344154949955,10.24608,7.169200399538994,7.8784,119.816934681,1,665600000,1305000000,1286.8672331116784,1,31.5008,10.53380978870534,13.39872,1,locked_combo,thor_measurements/libero10_combo_trt_20260430_090849/cpufreq_2.160GHz_gpufreq_1.305GHz_emcfreq_665MHz/nvtx_ranges.csv,thor_measurements/libero10_combo_trt_20260430_090849/cpufreq_2.160GHz_gpufreq_1.305GHz_emcfreq_665MHz/phase_metrics.csv,thor_measurements/libero10_combo_trt_20260430_090849/cpufreq_2.160GHz_gpufreq_1.305GHz_emcfreq_665MHz/phase_summary.csv,thor_measurements/libero10_combo_trt_20260430_090849/cpufreq_2.160GHz_gpufreq_1.305GHz_emcfreq_665MHz/telemetry_raw.csv,2160000000,665600000,1305000000,2160000000,18221,4081.754982713397,56.434,33.395463805499155,46.336,/home/Thor/Workspace/jyjeong/Isaac-GR00T/thor_measurements/libero10_combo_trt_20260430_090849/summary.csv,cpufreq_2.160GHz_gpufreq_1.305GHz_emcfreq_665MHz,246.2384811917808
2430000000,665600000,1305000000,2430000000,cpufreq_2.430GHz_gpufreq_1.305GHz_emcfreq_665MHz,2430000000.0,1,926.571514241258,11.8224,7.672413648827485,8.27232,120.068914922,1,665600000,1305000000,1294.122830100355,1,31.5008,10.657344902863796,13.39328,1,locked_combo,thor_measurements/libero10_combo_trt_20260430_090849/cpufreq_2.430GHz_gpufreq_1.305GHz_emcfreq_665MHz/nvtx_ranges.csv,thor_measurements/libero10_combo_trt_20260430_090849/cpufreq_2.430GHz_gpufreq_1.305GHz_emcfreq_665MHz/phase_metrics.csv,thor_measurements/libero10_combo_trt_20260430_090849/cpufreq_2.430GHz_gpufreq_1.305GHz_emcfreq_665MHz/phase_summary.csv,thor_measurements/libero10_combo_trt_20260430_090849/cpufreq_2.430GHz_gpufreq_1.305GHz_emcfreq_665MHz/telemetry_raw.csv,2430000000,665600000,1305000000,2430000000,18891,4163.270768272755,56.792,34.115100418188554,47.063,/home/Thor/Workspace/jyjeong/Isaac-GR00T/thor_measurements/libero10_combo_trt_20260430_090849/summary.csv,cpufreq_2.430GHz_gpufreq_1.305GHz_emcfreq_665MHz,246.64488820945945
2601000000,665600000,1305000000,2601000000,cpufreq_2.601GHz_gpufreq_1.305GHz_emcfreq_665MHz,2601000000.0,1,1185.050386877308,13.00464,8.172350040381628,8.66976,144.190950895,1,665600000,1305000000,1612.6916035774168,1,31.5008,11.015532964721544,13.39328,1,locked_combo,thor_measurements/libero10_combo_trt_20260430_090849/cpufreq_2.601GHz_gpufreq_1.305GHz_emcfreq_665MHz/nvtx_ranges.csv,thor_measurements/libero10_combo_trt_20260430_090849/cpufreq_2.601GHz_gpufreq_1.305GHz_emcfreq_665MHz/phase_metrics.csv,thor_measurements/libero10_combo_trt_20260430_090849/cpufreq_2.601GHz_gpufreq_1.305GHz_emcfreq_665MHz/phase_summary.csv,thor_measurements/libero10_combo_trt_20260430_090849/cpufreq_2.601GHz_gpufreq_1.305GHz_emcfreq_665MHz/telemetry_raw.csv,2601000000,665600000,1305000000,2601000000,22535,5153.751485515466,56.42,35.0816731306856,47.69,/home/Thor/Workspace/jyjeong/Isaac-GR00T/thor_measurements/libero10_combo_trt_20260430_090849/summary.csv,cpufreq_2.601GHz_gpufreq_1.305GHz_emcfreq_665MHz,246.23019529381443
-1,2750000000,1305000000,-1,cpufreq_default_gpufreq_1.305GHz_emcfreq_2.750GHz,404822941.9982408,1,603.1678016072678,11.03424,7.086741702281782,8.26896,86.9127819,1,2750000000,1305000000,1013.8492012080304,1,31.5008,11.211229061934082,16.53792,1,locked_combo,thor_measurements/libero10_combo_trt_20260430_090849/cpufreq_default_gpufreq_1.305GHz_emcfreq_2.750GHz/nvtx_ranges.csv,thor_measurements/libero10_combo_trt_20260430_090849/cpufreq_default_gpufreq_1.305GHz_emcfreq_2.750GHz/phase_metrics.csv,thor_measurements/libero10_combo_trt_20260430_090849/cpufreq_default_gpufreq_1.305GHz_emcfreq_2.750GHz/phase_summary.csv,thor_measurements/libero10_combo_trt_20260430_090849/cpufreq_default_gpufreq_1.305GHz_emcfreq_2.750GHz/telemetry_raw.csv,-1,2750000000,1305000000,-1,5522,3064.7388672780944,77.68,35.92236870699022,62.468599999999995,/home/Thor/Workspace/jyjeong/Isaac-GR00T/thor_measurements/libero10_combo_trt_20260430_090849/summary.csv,cpufreq_default_gpufreq_1.305GHz_emcfreq_2.750GHz,106.05841624375
648000000,2750000000,1305000000,648000000,cpufreq_648MHz_gpufreq_1.305GHz_emcfreq_2.750GHz,648000000.0,1,669.5789048455481,7.8752,6.327606802175779,7.48144,105.532088485,1,2750000000,1305000000,1123.4039262045285,1,31.89456,10.635312590896078,16.93168,1,locked_combo,thor_measurements/libero10_combo_trt_20260430_090849/cpufreq_648MHz_gpufreq_1.305GHz_emcfreq_2.750GHz/nvtx_ranges.csv,thor_measurements/libero10_combo_trt_20260430_090849/cpufreq_648MHz_gpufreq_1.305GHz_emcfreq_2.750GHz/phase_metrics.csv,thor_measurements/libero10_combo_trt_20260430_090849/cpufreq_648MHz_gpufreq_1.305GHz_emcfreq_2.750GHz/phase_summary.csv,thor_measurements/libero10_combo_trt_20260430_090849/cpufreq_648MHz_gpufreq_1.305GHz_emcfreq_2.750GHz/telemetry_raw.csv,648000000,2750000000,1305000000,648000000,13972,3489.626686844131,77.412,33.04157844259949,58.0018,/home/Thor/Workspace/jyjeong/Isaac-GR00T/thor_measurements/libero10_combo_trt_20260430_090849/summary.csv,cpufreq_648MHz_gpufreq_1.305GHz_emcfreq_2.750GHz,115.87393431999999
972000000,2750000000,1305000000,972000000,cpufreq_972MHz_gpufreq_1.305GHz_emcfreq_2.750GHz,972000000.0,1,587.759991800507,8.27568,6.627928999349758,7.8752,88.485215748,1,2750000000,1305000000,973.342638531814,1,31.5008,10.955120271656671,17.32544,1,locked_combo,thor_measurements/libero10_combo_trt_20260430_090849/cpufreq_972MHz_gpufreq_1.305GHz_emcfreq_2.750GHz/nvtx_ranges.csv,thor_measurements/libero10_combo_trt_20260430_090849/cpufreq_972MHz_gpufreq_1.305GHz_emcfreq_2.750GHz/phase_metrics.csv,thor_measurements/libero10_combo_trt_20260430_090849/cpufreq_972MHz_gpufreq_1.305GHz_emcfreq_2.750GHz/phase_summary.csv,thor_measurements/libero10_combo_trt_20260430_090849/cpufreq_972MHz_gpufreq_1.305GHz_emcfreq_2.750GHz/telemetry_raw.csv,972000000,2750000000,1305000000,972000000,13841,3010.477997015863,77.522,33.87005620981143,63.12,/home/Thor/Workspace/jyjeong/Isaac-GR00T/thor_measurements/libero10_combo_trt_20260430_090849/summary.csv,cpufreq_972MHz_gpufreq_1.305GHz_emcfreq_2.750GHz,94.81499545333334
1242000000,2750000000,1305000000,1242000000,cpufreq_1.242GHz_gpufreq_1.305GHz_emcfreq_2.750GHz,1242000000.0,1,553.3091516049802,8.66976,6.768136196726041,7.8752,81.561565316,1,2750000000,1305000000,925.2991354109984,1,31.5008,11.306541561981684,17.7192,1,locked_combo,thor_measurements/libero10_combo_trt_20260430_090849/cpufreq_1.242GHz_gpufreq_1.305GHz_emcfreq_2.750GHz/nvtx_ranges.csv,thor_measurements/libero10_combo_trt_20260430_090849/cpufreq_1.242GHz_gpufreq_1.305GHz_emcfreq_2.750GHz/phase_metrics.csv,thor_measurements/libero10_combo_trt_20260430_090849/cpufreq_1.242GHz_gpufreq_1.305GHz_emcfreq_2.750GHz/phase_summary.csv,thor_measurements/libero10_combo_trt_20260430_090849/cpufreq_1.242GHz_gpufreq_1.305GHz_emcfreq_2.750GHz/telemetry_raw.csv,1242000000,2750000000,1305000000,1242000000,13867,2826.2698955924207,77.798,34.52646296964015,64.5982,/home/Thor/Workspace/jyjeong/Isaac-GR00T/thor_measurements/libero10_combo_trt_20260430_090849/summary.csv,cpufreq_1.242GHz_gpufreq_1.305GHz_emcfreq_2.750GHz,91.27741510273972
1566000000,2750000000,1305000000,1566000000,cpufreq_1.566GHz_gpufreq_1.305GHz_emcfreq_2.750GHz,1566000000.0,1,540.9446332104591,9.06384,6.989438497269749,8.27232,77.179191752,1,2750000000,1305000000,904.273758070176,1,31.5008,11.648037498361848,18.1056,1,locked_combo,thor_measurements/libero10_combo_trt_20260430_090849/cpufreq_1.566GHz_gpufreq_1.305GHz_emcfreq_2.750GHz/nvtx_ranges.csv,thor_measurements/libero10_combo_trt_20260430_090849/cpufreq_1.566GHz_gpufreq_1.305GHz_emcfreq_2.750GHz/phase_metrics.csv,thor_measurements/libero10_combo_trt_20260430_090849/cpufreq_1.566GHz_gpufreq_1.305GHz_emcfreq_2.750GHz/phase_summary.csv,thor_measurements/libero10_combo_trt_20260430_090849/cpufreq_1.566GHz_gpufreq_1.305GHz_emcfreq_2.750GHz/telemetry_raw.csv,1566000000,2750000000,1305000000,1566000000,13735,2735.322291248599,78.122,35.2462325445941,66.324,/home/Thor/Workspace/jyjeong/Isaac-GR00T/thor_measurements/libero10_combo_trt_20260430_090849/summary.csv,cpufreq_1.566GHz_gpufreq_1.305GHz_emcfreq_2.750GHz,89.0563927755102
1836000000,2750000000,1305000000,1836000000,cpufreq_1.836GHz_gpufreq_1.305GHz_emcfreq_2.750GHz,1836000000.0,1,537.4901003076968,9.852,7.340870501632532,8.66272,73.003649242,1,2750000000,1305000000,871.7048632442024,1,31.5008,11.882024030869694,18.11296,1,locked_combo,thor_measurements/libero10_combo_trt_20260430_090849/cpufreq_1.836GHz_gpufreq_1.305GHz_emcfreq_2.750GHz/nvtx_ranges.csv,thor_measurements/libero10_combo_trt_20260430_090849/cpufreq_1.836GHz_gpufreq_1.305GHz_emcfreq_2.750GHz/phase_metrics.csv,thor_measurements/libero10_combo_trt_20260430_090849/cpufreq_1.836GHz_gpufreq_1.305GHz_emcfreq_2.750GHz/phase_summary.csv,thor_measurements/libero10_combo_trt_20260430_090849/cpufreq_1.836GHz_gpufreq_1.305GHz_emcfreq_2.750GHz/telemetry_raw.csv,1836000000,2750000000,1305000000,1836000000,13476,2636.469283634196,77.878,35.88734372217275,67.553,/home/Thor/Workspace/jyjeong/Isaac-GR00T/thor_measurements/libero10_combo_trt_20260430_090849/summary.csv,cpufreq_1.836GHz_gpufreq_1.305GHz_emcfreq_2.750GHz,87.40292916083916
2160000000,2750000000,1305000000,2160000000,cpufreq_2.160GHz_gpufreq_1.305GHz_emcfreq_2.750GHz,2160000000.0,1,563.563341158271,11.03424,7.811069867131343,9.05648,71.972064769,1,2750000000,1305000000,870.7619116628275,1,31.89456,12.05578875771437,18.4992,1,locked_combo,thor_measurements/libero10_combo_trt_20260430_090849/cpufreq_2.160GHz_gpufreq_1.305GHz_emcfreq_2.750GHz/nvtx_ranges.csv,thor_measurements/libero10_combo_trt_20260430_090849/cpufreq_2.160GHz_gpufreq_1.305GHz_emcfreq_2.750GHz/phase_metrics.csv,thor_measurements/libero10_combo_trt_20260430_090849/cpufreq_2.160GHz_gpufreq_1.305GHz_emcfreq_2.750GHz/phase_summary.csv,thor_measurements/libero10_combo_trt_20260430_090849/cpufreq_2.160GHz_gpufreq_1.305GHz_emcfreq_2.750GHz/telemetry_raw.csv,2160000000,2750000000,1305000000,2160000000,13773,2652.3584270174547,84.41,36.60806447397081,68.69959999999999,/home/Thor/Workspace/jyjeong/Isaac-GR00T/thor_measurements/libero10_combo_trt_20260430_090849/summary.csv,cpufreq_2.160GHz_gpufreq_1.305GHz_emcfreq_2.750GHz,85.8924176736111
2430000000,2750000000,1305000000,2430000000,cpufreq_2.430GHz_gpufreq_1.305GHz_emcfreq_2.750GHz,2430000000.0,1,573.9050658972188,12.21648,8.33569512455516,9.45024,68.67598661,1,2750000000,1305000000,838.5558953001203,1,31.89456,12.153191577698694,18.4992,1,locked_combo,thor_measurements/libero10_combo_trt_20260430_090849/cpufreq_2.430GHz_gpufreq_1.305GHz_emcfreq_2.750GHz/nvtx_ranges.csv,thor_measurements/libero10_combo_trt_20260430_090849/cpufreq_2.430GHz_gpufreq_1.305GHz_emcfreq_2.750GHz/phase_metrics.csv,thor_measurements/libero10_combo_trt_20260430_090849/cpufreq_2.430GHz_gpufreq_1.305GHz_emcfreq_2.750GHz/phase_summary.csv,thor_measurements/libero10_combo_trt_20260430_090849/cpufreq_2.430GHz_gpufreq_1.305GHz_emcfreq_2.750GHz/telemetry_raw.csv,2430000000,2750000000,1305000000,2430000000,13488,2577.0730449781477,86.404,37.26065391459075,69.6569,/home/Thor/Workspace/jyjeong/Isaac-GR00T/thor_measurements/libero10_combo_trt_20260430_090849/summary.csv,cpufreq_2.430GHz_gpufreq_1.305GHz_emcfreq_2.750GHz,84.80091300000001
2601000000,2750000000,1305000000,2601000000,cpufreq_2.601GHz_gpufreq_1.305GHz_emcfreq_2.750GHz,2601000000.0,1,624.3265993616939,13.39328,8.81351106631147,10.2336,70.704044622,1,2750000000,1305000000,877.0040656497584,1,31.89456,12.377113041975663,18.4992,1,locked_combo,thor_measurements/libero10_combo_trt_20260430_090849/cpufreq_2.601GHz_gpufreq_1.305GHz_emcfreq_2.750GHz/nvtx_ranges.csv,thor_measurements/libero10_combo_trt_20260430_090849/cpufreq_2.601GHz_gpufreq_1.305GHz_emcfreq_2.750GHz/phase_metrics.csv,thor_measurements/libero10_combo_trt_20260430_090849/cpufreq_2.601GHz_gpufreq_1.305GHz_emcfreq_2.750GHz/phase_summary.csv,thor_measurements/libero10_combo_trt_20260430_090849/cpufreq_2.601GHz_gpufreq_1.305GHz_emcfreq_2.750GHz/telemetry_raw.csv,2601000000,2750000000,1305000000,2601000000,13889,2709.483437039548,85.964,38.09216991864066,70.43880000000001,/home/Thor/Workspace/jyjeong/Isaac-GR00T/thor_measurements/libero10_combo_trt_20260430_090849/summary.csv,cpufreq_2.601GHz_gpufreq_1.305GHz_emcfreq_2.750GHz,84.43530002027028
-1,3200000000,1305000000,-1,cpufreq_default_gpufreq_1.305GHz_emcfreq_3.200GHz,409391712.7510385,1,594.5724583742103,11.03424,7.310363578440452,8.27568,82.287755351,1,3200000000,1305000000,947.7149621470962,1,31.89456,11.029485667716244,16.54464,1,locked_combo,thor_measurements/libero10_combo_trt_20260430_090849/cpufreq_default_gpufreq_1.305GHz_emcfreq_3.200GHz/nvtx_ranges.csv,thor_measurements/libero10_combo_trt_20260430_090849/cpufreq_default_gpufreq_1.305GHz_emcfreq_3.200GHz/phase_metrics.csv,thor_measurements/libero10_combo_trt_20260430_090849/cpufreq_default_gpufreq_1.305GHz_emcfreq_3.200GHz/phase_summary.csv,thor_measurements/libero10_combo_trt_20260430_090849/cpufreq_default_gpufreq_1.305GHz_emcfreq_3.200GHz/telemetry_raw.csv,-1,3200000000,1305000000,-1,5399,2909.489992073716,83.618,35.81961511390998,64.14240000000001,/home/Thor/Workspace/jyjeong/Isaac-GR00T/thor_measurements/libero10_combo_trt_20260430_090849/summary.csv,cpufreq_default_gpufreq_1.305GHz_emcfreq_3.200GHz,100.14440997916667
648000000,3200000000,1305000000,648000000,cpufreq_648MHz_gpufreq_1.305GHz_emcfreq_3.200GHz,648000000.0,1,673.7915415755529,8.26896,6.59261801224133,7.8752,101.897231442,1,3200000000,1305000000,1067.8993000243347,1,31.89456,10.436162180122412,16.93168,1,locked_combo,thor_measurements/libero10_combo_trt_20260430_090849/cpufreq_648MHz_gpufreq_1.305GHz_emcfreq_3.200GHz/nvtx_ranges.csv,thor_measurements/libero10_combo_trt_20260430_090849/cpufreq_648MHz_gpufreq_1.305GHz_emcfreq_3.200GHz/phase_metrics.csv,thor_measurements/libero10_combo_trt_20260430_090849/cpufreq_648MHz_gpufreq_1.305GHz_emcfreq_3.200GHz/phase_summary.csv,thor_measurements/libero10_combo_trt_20260430_090849/cpufreq_648MHz_gpufreq_1.305GHz_emcfreq_3.200GHz/telemetry_raw.csv,648000000,3200000000,1305000000,648000000,13724,3374.181823100585,83.56,33.017566161468956,59.7597,/home/Thor/Workspace/jyjeong/Isaac-GR00T/thor_measurements/libero10_combo_trt_20260430_090849/summary.csv,cpufreq_648MHz_gpufreq_1.305GHz_emcfreq_3.200GHz,113.75168213043479
972000000,3200000000,1305000000,972000000,cpufreq_972MHz_gpufreq_1.305GHz_emcfreq_3.200GHz,972000000.0,1,601.195543688245,8.66976,6.884580727378528,8.26896,87.196913243,1,3200000000,1305000000,954.8058773193018,1,31.5008,10.92640563281932,17.7192,1,locked_combo,thor_measurements/libero10_combo_trt_20260430_090849/cpufreq_972MHz_gpufreq_1.305GHz_emcfreq_3.200GHz/nvtx_ranges.csv,thor_measurements/libero10_combo_trt_20260430_090849/cpufreq_972MHz_gpufreq_1.305GHz_emcfreq_3.200GHz/phase_metrics.csv,thor_measurements/libero10_combo_trt_20260430_090849/cpufreq_972MHz_gpufreq_1.305GHz_emcfreq_3.200GHz/phase_summary.csv,thor_measurements/libero10_combo_trt_20260430_090849/cpufreq_972MHz_gpufreq_1.305GHz_emcfreq_3.200GHz/telemetry_raw.csv,972000000,3200000000,1305000000,972000000,13748,2992.185091538884,83.776,34.204399621763166,64.52369999999999,/home/Thor/Workspace/jyjeong/Isaac-GR00T/thor_measurements/libero10_combo_trt_20260430_090849/summary.csv,cpufreq_972MHz_gpufreq_1.305GHz_emcfreq_3.200GHz,91.6100975510204
1242000000,3200000000,1305000000,1242000000,cpufreq_1.242GHz_gpufreq_1.305GHz_emcfreq_3.200GHz,1242000000.0,1,600.5767645176659,9.06384,7.170363827561837,8.65568,83.542391706,1,3200000000,1305000000,979.3851173016752,1,31.5008,11.65722945583039,18.11296,1,locked_combo,thor_measurements/libero10_combo_trt_20260430_090849/cpufreq_1.242GHz_gpufreq_1.305GHz_emcfreq_3.200GHz/nvtx_ranges.csv,thor_measurements/libero10_combo_trt_20260430_090849/cpufreq_1.242GHz_gpufreq_1.305GHz_emcfreq_3.200GHz/phase_metrics.csv,thor_measurements/libero10_combo_trt_20260430_090849/cpufreq_1.242GHz_gpufreq_1.305GHz_emcfreq_3.200GHz/phase_summary.csv,thor_measurements/libero10_combo_trt_20260430_090849/cpufreq_1.242GHz_gpufreq_1.305GHz_emcfreq_3.200GHz/telemetry_raw.csv,1242000000,3200000000,1305000000,1242000000,14150,2977.2465400257747,83.726,35.45813780918728,66.784,/home/Thor/Workspace/jyjeong/Isaac-GR00T/thor_measurements/libero10_combo_trt_20260430_090849/summary.csv,cpufreq_1.242GHz_gpufreq_1.305GHz_emcfreq_3.200GHz,88.17286201242236
1566000000,3200000000,1305000000,1566000000,cpufreq_1.566GHz_gpufreq_1.305GHz_emcfreq_3.200GHz,1566000000.0,1,554.6133962794676,9.45792,7.329594038660174,8.66272,75.492849371,1,3200000000,1305000000,895.0785597467045,1,31.5008,11.824879598642468,18.12032,1,locked_combo,thor_measurements/libero10_combo_trt_20260430_090849/cpufreq_1.566GHz_gpufreq_1.305GHz_emcfreq_3.200GHz/nvtx_ranges.csv,thor_measurements/libero10_combo_trt_20260430_090849/cpufreq_1.566GHz_gpufreq_1.305GHz_emcfreq_3.200GHz/phase_metrics.csv,thor_measurements/libero10_combo_trt_20260430_090849/cpufreq_1.566GHz_gpufreq_1.305GHz_emcfreq_3.200GHz/phase_summary.csv,thor_measurements/libero10_combo_trt_20260430_090849/cpufreq_1.566GHz_gpufreq_1.305GHz_emcfreq_3.200GHz/telemetry_raw.csv,1566000000,3200000000,1305000000,1566000000,13554,2720.7683352835625,83.856,35.83617234764645,68.283,/home/Thor/Workspace/jyjeong/Isaac-GR00T/thor_measurements/libero10_combo_trt_20260430_090849/summary.csv,cpufreq_1.566GHz_gpufreq_1.305GHz_emcfreq_3.200GHz,85.29139657823129
1836000000,3200000000,1305000000,1836000000,cpufreq_1.836GHz_gpufreq_1.305GHz_emcfreq_3.200GHz,1836000000.0,1,702.1261295650893,10.24608,7.854805955442854,9.05648,89.156357858,1,3200000000,1305000000,1146.9495637433058,1,31.5008,12.822580315160296,18.11296,1,locked_combo,thor_measurements/libero10_combo_trt_20260430_090849/cpufreq_1.836GHz_gpufreq_1.305GHz_emcfreq_3.200GHz/nvtx_ranges.csv,thor_measurements/libero10_combo_trt_20260430_090849/cpufreq_1.836GHz_gpufreq_1.305GHz_emcfreq_3.200GHz/phase_metrics.csv,thor_measurements/libero10_combo_trt_20260430_090849/cpufreq_1.836GHz_gpufreq_1.305GHz_emcfreq_3.200GHz/phase_summary.csv,thor_measurements/libero10_combo_trt_20260430_090849/cpufreq_1.836GHz_gpufreq_1.305GHz_emcfreq_3.200GHz/telemetry_raw.csv,1836000000,3200000000,1305000000,1836000000,16563,3393.084135374278,87.21,37.78790098412123,71.4732,/home/Thor/Workspace/jyjeong/Isaac-GR00T/thor_measurements/libero10_combo_trt_20260430_090849/summary.csv,cpufreq_1.836GHz_gpufreq_1.305GHz_emcfreq_3.200GHz,83.19676103365386
2160000000,3200000000,1305000000,2160000000,cpufreq_2.160GHz_gpufreq_1.305GHz_emcfreq_3.200GHz,2160000000.0,1,579.7408418530558,11.42832,8.195710050340539,9.45024,70.562592019,1,3200000000,1305000000,868.3162602971446,1,31.5008,12.26104009475866,18.50672,1,locked_combo,thor_measurements/libero10_combo_trt_20260430_090849/cpufreq_2.160GHz_gpufreq_1.305GHz_emcfreq_3.200GHz/nvtx_ranges.csv,thor_measurements/libero10_combo_trt_20260430_090849/cpufreq_2.160GHz_gpufreq_1.305GHz_emcfreq_3.200GHz/phase_metrics.csv,thor_measurements/libero10_combo_trt_20260430_090849/cpufreq_2.160GHz_gpufreq_1.305GHz_emcfreq_3.200GHz/phase_summary.csv,thor_measurements/libero10_combo_trt_20260430_090849/cpufreq_2.160GHz_gpufreq_1.305GHz_emcfreq_3.200GHz/telemetry_raw.csv,2160000000,3200000000,1305000000,2160000000,13508,2653.434932618185,87.292,37.34663251406574,71.9619,/home/Thor/Workspace/jyjeong/Isaac-GR00T/thor_measurements/libero10_combo_trt_20260430_090849/summary.csv,cpufreq_2.160GHz_gpufreq_1.305GHz_emcfreq_3.200GHz,82.06827399319728
2430000000,3200000000,1305000000,2430000000,cpufreq_2.430GHz_gpufreq_1.305GHz_emcfreq_3.200GHz,2430000000.0,1,633.6404222718,12.61056,8.714725612631279,10.2336,72.546954906,1,3200000000,1305000000,906.114073929598,1,31.8816,12.442346800028576,18.8928,1,locked_combo,thor_measurements/libero10_combo_trt_20260430_090849/cpufreq_2.430GHz_gpufreq_1.305GHz_emcfreq_3.200GHz/nvtx_ranges.csv,thor_measurements/libero10_combo_trt_20260430_090849/cpufreq_2.430GHz_gpufreq_1.305GHz_emcfreq_3.200GHz/phase_metrics.csv,thor_measurements/libero10_combo_trt_20260430_090849/cpufreq_2.430GHz_gpufreq_1.305GHz_emcfreq_3.200GHz/phase_summary.csv,thor_measurements/libero10_combo_trt_20260430_090849/cpufreq_2.430GHz_gpufreq_1.305GHz_emcfreq_3.200GHz/telemetry_raw.csv,2430000000,3200000000,1305000000,2430000000,13997,2787.835606948111,87.66,38.16671829677788,72.7252,/home/Thor/Workspace/jyjeong/Isaac-GR00T/thor_measurements/libero10_combo_trt_20260430_090849/summary.csv,cpufreq_2.430GHz_gpufreq_1.305GHz_emcfreq_3.200GHz,81.1389476474359
2601000000,3200000000,1305000000,2601000000,cpufreq_2.601GHz_gpufreq_1.305GHz_emcfreq_3.200GHz,2601000000.0,1,641.5341038516327,14.18112,9.209713222982415,10.63152,69.493101814,1,3200000000,1305000000,877.0828995969699,1,31.8816,12.560715238725814,18.8928,1,locked_combo,thor_measurements/libero10_combo_trt_20260430_090849/cpufreq_2.601GHz_gpufreq_1.305GHz_emcfreq_3.200GHz/nvtx_ranges.csv,thor_measurements/libero10_combo_trt_20260430_090849/cpufreq_2.601GHz_gpufreq_1.305GHz_emcfreq_3.200GHz/phase_metrics.csv,thor_measurements/libero10_combo_trt_20260430_090849/cpufreq_2.601GHz_gpufreq_1.305GHz_emcfreq_3.200GHz/phase_summary.csv,thor_measurements/libero10_combo_trt_20260430_090849/cpufreq_2.601GHz_gpufreq_1.305GHz_emcfreq_3.200GHz/telemetry_raw.csv,2601000000,3200000000,1305000000,2601000000,13593,2718.4396295725483,87.47,38.81605105569043,73.52080000000001,/home/Thor/Workspace/jyjeong/Isaac-GR00T/thor_measurements/libero10_combo_trt_20260430_090849/summary.csv,cpufreq_2.601GHz_gpufreq_1.305GHz_emcfreq_3.200GHz,80.46229230921053
-1,4266000000,1305000000,-1,cpufreq_default_gpufreq_1.305GHz_emcfreq_4.266GHz,373973566.3729597,1,599.5166956651101,11.42832,7.580977278058645,8.66272,80.116983521,1,4266000000,1305000000,945.5840697673544,1,31.89456,11.947484570273,16.93168,1,locked_combo,thor_measurements/libero10_combo_trt_20260430_090849/cpufreq_default_gpufreq_1.305GHz_emcfreq_4.266GHz/nvtx_ranges.csv,thor_measurements/libero10_combo_trt_20260430_090849/cpufreq_default_gpufreq_1.305GHz_emcfreq_4.266GHz/phase_metrics.csv,thor_measurements/libero10_combo_trt_20260430_090849/cpufreq_default_gpufreq_1.305GHz_emcfreq_4.266GHz/phase_summary.csv,thor_measurements/libero10_combo_trt_20260430_090849/cpufreq_default_gpufreq_1.305GHz_emcfreq_4.266GHz/telemetry_raw.csv,-1,4266000000,1305000000,-1,4945,2908.0917691674476,85.81,37.580642669362994,67.3236,/home/Thor/Workspace/jyjeong/Isaac-GR00T/thor_measurements/libero10_combo_trt_20260430_090849/summary.csv,cpufreq_default_gpufreq_1.305GHz_emcfreq_4.266GHz,99.60690458666667
648000000,4266000000,1305000000,648000000,cpufreq_648MHz_gpufreq_1.305GHz_emcfreq_4.266GHz,648000000.0,1,842.9441260389998,8.66624,6.933196616952065,8.26896,121.317489694,1,4266000000,1305000000,1319.4893537990283,1,31.89456,10.837081720984472,16.54464,1,locked_combo,thor_measurements/libero10_combo_trt_20260430_090849/cpufreq_648MHz_gpufreq_1.305GHz_emcfreq_4.266GHz/nvtx_ranges.csv,thor_measurements/libero10_combo_trt_20260430_090849/cpufreq_648MHz_gpufreq_1.305GHz_emcfreq_4.266GHz/phase_metrics.csv,thor_measurements/libero10_combo_trt_20260430_090849/cpufreq_648MHz_gpufreq_1.305GHz_emcfreq_4.266GHz/phase_summary.csv,thor_measurements/libero10_combo_trt_20260430_090849/cpufreq_648MHz_gpufreq_1.305GHz_emcfreq_4.266GHz/telemetry_raw.csv,648000000,4266000000,1305000000,648000000,16293,4174.268635899025,86.842,34.349636285521385,61.48,/home/Thor/Workspace/jyjeong/Isaac-GR00T/thor_measurements/libero10_combo_trt_20260430_090849/summary.csv,cpufreq_648MHz_gpufreq_1.305GHz_emcfreq_4.266GHz,112.74693662254901
972000000,4266000000,1305000000,972000000,cpufreq_972MHz_gpufreq_1.305GHz_emcfreq_4.266GHz,972000000.0,1,612.9111938228949,9.06384,7.075087748569773,8.66272,86.325680148,1,4266000000,1305000000,943.4158948816485,1,31.5008,10.832574894633934,17.7192,1,locked_combo,thor_measurements/libero10_combo_trt_20260430_090849/cpufreq_972MHz_gpufreq_1.305GHz_emcfreq_4.266GHz/nvtx_ranges.csv,thor_measurements/libero10_combo_trt_20260430_090849/cpufreq_972MHz_gpufreq_1.305GHz_emcfreq_4.266GHz/phase_metrics.csv,thor_measurements/libero10_combo_trt_20260430_090849/cpufreq_972MHz_gpufreq_1.305GHz_emcfreq_4.266GHz/phase_summary.csv,thor_measurements/libero10_combo_trt_20260430_090849/cpufreq_972MHz_gpufreq_1.305GHz_emcfreq_4.266GHz/telemetry_raw.csv,972000000,4266000000,1305000000,972000000,13809,2992.897209044653,87.528,34.39896342964733,64.52520000000001,/home/Thor/Workspace/jyjeong/Isaac-GR00T/thor_measurements/libero10_combo_trt_20260430_090849/summary.csv,cpufreq_972MHz_gpufreq_1.305GHz_emcfreq_4.266GHz,91.91755971724137
1242000000,4266000000,1305000000,1242000000,cpufreq_1.242GHz_gpufreq_1.305GHz_emcfreq_4.266GHz,1242000000.0,1,726.6891747771461,9.06752,7.448821085793303,8.66624,97.279333119,1,4266000000,1305000000,1191.198326795086,1,31.5008,12.14168956652438,18.09824,1,locked_combo,thor_measurements/libero10_combo_trt_20260430_090849/cpufreq_1.242GHz_gpufreq_1.305GHz_emcfreq_4.266GHz/nvtx_ranges.csv,thor_measurements/libero10_combo_trt_20260430_090849/cpufreq_1.242GHz_gpufreq_1.305GHz_emcfreq_4.266GHz/phase_metrics.csv,thor_measurements/libero10_combo_trt_20260430_090849/cpufreq_1.242GHz_gpufreq_1.305GHz_emcfreq_4.266GHz/phase_summary.csv,thor_measurements/libero10_combo_trt_20260430_090849/cpufreq_1.242GHz_gpufreq_1.305GHz_emcfreq_4.266GHz/telemetry_raw.csv,1242000000,4266000000,1305000000,1242000000,16633,3592.0601580225443,86.922,36.642206336800335,69.02,/home/Thor/Workspace/jyjeong/Isaac-GR00T/thor_measurements/libero10_combo_trt_20260430_090849/summary.csv,cpufreq_1.242GHz_gpufreq_1.305GHz_emcfreq_4.266GHz,85.97676192822966
1566000000,4266000000,1305000000,1566000000,cpufreq_1.566GHz_gpufreq_1.305GHz_emcfreq_4.266GHz,1566000000.0,1,575.8723415838665,9.45792,7.516379821752047,9.0528,76.274245587,1,4266000000,1305000000,906.0408714393712,1,31.5008,11.795673241069489,18.11296,1,locked_combo,thor_measurements/libero10_combo_trt_20260430_090849/cpufreq_1.566GHz_gpufreq_1.305GHz_emcfreq_4.266GHz/nvtx_ranges.csv,thor_measurements/libero10_combo_trt_20260430_090849/cpufreq_1.566GHz_gpufreq_1.305GHz_emcfreq_4.266GHz/phase_metrics.csv,thor_measurements/libero10_combo_trt_20260430_090849/cpufreq_1.566GHz_gpufreq_1.305GHz_emcfreq_4.266GHz/phase_summary.csv,thor_measurements/libero10_combo_trt_20260430_090849/cpufreq_1.566GHz_gpufreq_1.305GHz_emcfreq_4.266GHz/telemetry_raw.csv,1566000000,4266000000,1305000000,1566000000,13801,2781.684272396833,87.026,36.148045648866024,70.404,/home/Thor/Workspace/jyjeong/Isaac-GR00T/thor_measurements/libero10_combo_trt_20260430_090849/summary.csv,cpufreq_1.566GHz_gpufreq_1.305GHz_emcfreq_4.266GHz,83.11953327333333
1836000000,4266000000,1305000000,1836000000,cpufreq_1.836GHz_gpufreq_1.305GHz_emcfreq_4.266GHz,1836000000.0,1,574.2045465683386,10.24608,7.858882182618262,9.4464,72.798388613,1,4266000000,1305000000,880.3445876541796,1,31.5008,12.019223046571325,18.50672,1,locked_combo,thor_measurements/libero10_combo_trt_20260430_090849/cpufreq_1.836GHz_gpufreq_1.305GHz_emcfreq_4.266GHz/nvtx_ranges.csv,thor_measurements/libero10_combo_trt_20260430_090849/cpufreq_1.836GHz_gpufreq_1.305GHz_emcfreq_4.266GHz/phase_metrics.csv,thor_measurements/libero10_combo_trt_20260430_090849/cpufreq_1.836GHz_gpufreq_1.305GHz_emcfreq_4.266GHz/phase_summary.csv,thor_measurements/libero10_combo_trt_20260430_090849/cpufreq_1.836GHz_gpufreq_1.305GHz_emcfreq_4.266GHz/telemetry_raw.csv,1836000000,4266000000,1305000000,1836000000,13635,2700.273674031178,88.53,36.74232695269527,71.71779999999998,/home/Thor/Workspace/jyjeong/Isaac-GR00T/thor_measurements/libero10_combo_trt_20260430_090849/summary.csv,cpufreq_1.836GHz_gpufreq_1.305GHz_emcfreq_4.266GHz,81.70878172108844
2160000000,4266000000,1305000000,2160000000,cpufreq_2.160GHz_gpufreq_1.305GHz_emcfreq_4.266GHz,2160000000.0,1,588.3072445078429,11.42832,8.398517386456552,9.844,69.881802567,1,4266000000,1305000000,856.4383282038718,1,31.89456,12.21179675611388,18.51424,1,locked_combo,thor_measurements/libero10_combo_trt_20260430_090849/cpufreq_2.160GHz_gpufreq_1.305GHz_emcfreq_4.266GHz/nvtx_ranges.csv,thor_measurements/libero10_combo_trt_20260430_090849/cpufreq_2.160GHz_gpufreq_1.305GHz_emcfreq_4.266GHz/phase_metrics.csv,thor_measurements/libero10_combo_trt_20260430_090849/cpufreq_2.160GHz_gpufreq_1.305GHz_emcfreq_4.266GHz/phase_summary.csv,thor_measurements/libero10_combo_trt_20260430_090849/cpufreq_2.160GHz_gpufreq_1.305GHz_emcfreq_4.266GHz/telemetry_raw.csv,2160000000,4266000000,1305000000,2160000000,13453,2647.943888451024,88.388,37.60600401397458,72.982,/home/Thor/Workspace/jyjeong/Isaac-GR00T/thor_measurements/libero10_combo_trt_20260430_090849/summary.csv,cpufreq_2.160GHz_gpufreq_1.305GHz_emcfreq_4.266GHz,80.14112522916668
2430000000,4266000000,1305000000,2430000000,cpufreq_2.430GHz_gpufreq_1.305GHz_emcfreq_4.266GHz,2430000000.0,1,615.4404201831035,12.99936,8.902295666666667,10.23776,68.952898247,1,4266000000,1305000000,855.2848173945429,1,31.89456,12.348117035714283,18.88512,1,locked_combo,thor_measurements/libero10_combo_trt_20260430_090849/cpufreq_2.430GHz_gpufreq_1.305GHz_emcfreq_4.266GHz/nvtx_ranges.csv,thor_measurements/libero10_combo_trt_20260430_090849/cpufreq_2.430GHz_gpufreq_1.305GHz_emcfreq_4.266GHz/phase_metrics.csv,thor_measurements/libero10_combo_trt_20260430_090849/cpufreq_2.430GHz_gpufreq_1.305GHz_emcfreq_4.266GHz/phase_summary.csv,thor_measurements/libero10_combo_trt_20260430_090849/cpufreq_2.430GHz_gpufreq_1.305GHz_emcfreq_4.266GHz/telemetry_raw.csv,2430000000,4266000000,1305000000,2430000000,13440,2665.0780470929153,88.958,38.27605892857143,73.8282,/home/Thor/Workspace/jyjeong/Isaac-GR00T/thor_measurements/libero10_combo_trt_20260430_090849/summary.csv,cpufreq_2.430GHz_gpufreq_1.305GHz_emcfreq_4.266GHz,79.52902200689655
2601000000,4266000000,1305000000,2601000000,cpufreq_2.601GHz_gpufreq_1.305GHz_emcfreq_4.266GHz,2601000000.0,1,802.8605499766165,14.18112,9.549868485143692,11.01632,83.789939962,1,4266000000,1305000000,1118.8307181855705,1,31.8816,13.262420925474917,18.8928,1,locked_combo,thor_measurements/libero10_combo_trt_20260430_090849/cpufreq_2.601GHz_gpufreq_1.305GHz_emcfreq_4.266GHz/nvtx_ranges.csv,thor_measurements/libero10_combo_trt_20260430_090849/cpufreq_2.601GHz_gpufreq_1.305GHz_emcfreq_4.266GHz/phase_metrics.csv,thor_measurements/libero10_combo_trt_20260430_090849/cpufreq_2.601GHz_gpufreq_1.305GHz_emcfreq_4.266GHz/phase_summary.csv,thor_measurements/libero10_combo_trt_20260430_090849/cpufreq_2.601GHz_gpufreq_1.305GHz_emcfreq_4.266GHz/telemetry_raw.csv,2601000000,4266000000,1305000000,2601000000,16424,3408.7122022652643,90.212,40.157763395031665,75.6974,/home/Thor/Workspace/jyjeong/Isaac-GR00T/thor_measurements/libero10_combo_trt_20260430_090849/summary.csv,cpufreq_2.601GHz_gpufreq_1.305GHz_emcfreq_4.266GHz,78.3958108937198
-1,-1,1503000000,-1,cpufreq_default_gpufreq_1.503GHz_emcfreq_default,375586647.765266,1,708.7082321612498,13.00464,8.960874053548025,10.24192,79.683723979,1,-1,1503000000,956.726185578345,1,34.62272,11.985275296760909,17.7192,1,locked_combo,thor_measurements/libero10_combo_trt_20260430_090849/cpufreq_default_gpufreq_1.503GHz_emcfreq_default/nvtx_ranges.csv,thor_measurements/libero10_combo_trt_20260430_090849/cpufreq_default_gpufreq_1.503GHz_emcfreq_default/phase_metrics.csv,thor_measurements/libero10_combo_trt_20260430_090849/cpufreq_default_gpufreq_1.503GHz_emcfreq_default/phase_summary.csv,thor_measurements/libero10_combo_trt_20260430_090849/cpufreq_default_gpufreq_1.503GHz_emcfreq_default/telemetry_raw.csv,-1,-1,1503000000,-1,5341,3005.73676470381,89.914,38.85516532484554,72.5,/home/Thor/Workspace/jyjeong/Isaac-GR00T/thor_measurements/libero10_combo_trt_20260430_090849/summary.csv,cpufreq_default_gpufreq_1.503GHz_emcfreq_default,93.60917404895105
648000000,-1,1503000000,648000000,cpufreq_648MHz_gpufreq_1.503GHz_emcfreq_default,648000000.0,1,845.3572311567327,10.6272,8.154660528029936,10.2336,103.751372165,1,-1,1503000000,1117.658120534397,1,34.6368,10.74656024391934,17.712,1,locked_combo,thor_measurements/libero10_combo_trt_20260430_090849/cpufreq_648MHz_gpufreq_1.503GHz_emcfreq_default/nvtx_ranges.csv,thor_measurements/libero10_combo_trt_20260430_090849/cpufreq_648MHz_gpufreq_1.503GHz_emcfreq_default/phase_metrics.csv,thor_measurements/libero10_combo_trt_20260430_090849/cpufreq_648MHz_gpufreq_1.503GHz_emcfreq_default/phase_summary.csv,thor_measurements/libero10_combo_trt_20260430_090849/cpufreq_648MHz_gpufreq_1.503GHz_emcfreq_default/telemetry_raw.csv,648000000,-1,1503000000,648000000,14431,3634.565577511228,88.778,35.04533310234911,66.295,/home/Thor/Workspace/jyjeong/Isaac-GR00T/thor_measurements/libero10_combo_trt_20260430_090849/summary.csv,cpufreq_648MHz_gpufreq_1.503GHz_emcfreq_default,104.39899814
972000000,-1,1503000000,972000000,cpufreq_972MHz_gpufreq_1.503GHz_emcfreq_default,972000000.0,1,739.5603871906833,11.02528,8.49199892429442,10.6272,87.192820541,1,-1,1503000000,989.7351990511388,1,34.6368,11.357009034246095,18.50672,1,locked_combo,thor_measurements/libero10_combo_trt_20260430_090849/cpufreq_972MHz_gpufreq_1.503GHz_emcfreq_default/nvtx_ranges.csv,thor_measurements/libero10_combo_trt_20260430_090849/cpufreq_972MHz_gpufreq_1.503GHz_emcfreq_default/phase_metrics.csv,thor_measurements/libero10_combo_trt_20260430_090849/cpufreq_972MHz_gpufreq_1.503GHz_emcfreq_default/phase_summary.csv,thor_measurements/libero10_combo_trt_20260430_090849/cpufreq_972MHz_gpufreq_1.503GHz_emcfreq_default/telemetry_raw.csv,972000000,-1,1503000000,972000000,14279,3178.9407212722667,88.318,36.431606274949225,71.4302,/home/Thor/Workspace/jyjeong/Isaac-GR00T/thor_measurements/libero10_combo_trt_20260430_090849/summary.csv,cpufreq_972MHz_gpufreq_1.503GHz_emcfreq_default,82.97413973202615
1242000000,-1,1503000000,1242000000,cpufreq_1.242GHz_gpufreq_1.503GHz_emcfreq_default,1242000000.0,1,677.7418925006039,11.4144,8.718208504666135,10.63152,77.856957378,1,-1,1503000000,924.541354538961,1,34.6368,11.901486114446936,18.90048,1,locked_combo,thor_measurements/libero10_combo_trt_20260430_090849/cpufreq_1.242GHz_gpufreq_1.503GHz_emcfreq_default/nvtx_ranges.csv,thor_measurements/libero10_combo_trt_20260430_090849/cpufreq_1.242GHz_gpufreq_1.503GHz_emcfreq_default/phase_metrics.csv,thor_measurements/libero10_combo_trt_20260430_090849/cpufreq_1.242GHz_gpufreq_1.503GHz_emcfreq_default/phase_summary.csv,thor_measurements/libero10_combo_trt_20260430_090849/cpufreq_1.242GHz_gpufreq_1.503GHz_emcfreq_default/telemetry_raw.csv,1242000000,-1,1503000000,1242000000,13823,2914.109335501089,90.606,37.418876799537,76.4674,/home/Thor/Workspace/jyjeong/Isaac-GR00T/thor_measurements/libero10_combo_trt_20260430_090849/summary.csv,cpufreq_1.242GHz_gpufreq_1.503GHz_emcfreq_default,77.64202165540542
1566000000,-1,1503000000,1566000000,cpufreq_1.566GHz_gpufreq_1.503GHz_emcfreq_default,1566000000.0,1,629.8226162766745,11.808,8.9677136096823,11.0208,70.349585491,1,-1,1503000000,856.1310644257153,1,34.6368,12.176525446293494,19.68,1,locked_combo,thor_measurements/libero10_combo_trt_20260430_090849/cpufreq_1.566GHz_gpufreq_1.503GHz_emcfreq_default/nvtx_ranges.csv,thor_measurements/libero10_combo_trt_20260430_090849/cpufreq_1.566GHz_gpufreq_1.503GHz_emcfreq_default/phase_metrics.csv,thor_measurements/libero10_combo_trt_20260430_090849/cpufreq_1.566GHz_gpufreq_1.503GHz_emcfreq_default/phase_summary.csv,thor_measurements/libero10_combo_trt_20260430_090849/cpufreq_1.566GHz_gpufreq_1.503GHz_emcfreq_default/telemetry_raw.csv,1566000000,-1,1503000000,1566000000,13220,2675.7827032631403,88.4,37.97158472012103,76.5123,/home/Thor/Workspace/jyjeong/Isaac-GR00T/thor_measurements/libero10_combo_trt_20260430_090849/summary.csv,cpufreq_1.566GHz_gpufreq_1.503GHz_emcfreq_default,74.5829185971223
1836000000,-1,1503000000,1836000000,cpufreq_1.836GHz_gpufreq_1.503GHz_emcfreq_default,1836000000.0,1,649.1183762670847,12.21648,9.345527288784222,11.4144,69.60526497,1,-1,1503000000,866.2408584809439,1,34.6368,12.455366876655871,19.68,1,locked_combo,thor_measurements/libero10_combo_trt_20260430_090849/cpufreq_1.836GHz_gpufreq_1.503GHz_emcfreq_default/nvtx_ranges.csv,thor_measurements/libero10_combo_trt_20260430_090849/cpufreq_1.836GHz_gpufreq_1.503GHz_emcfreq_default/phase_metrics.csv,thor_measurements/libero10_combo_trt_20260430_090849/cpufreq_1.836GHz_gpufreq_1.503GHz_emcfreq_default/phase_summary.csv,thor_measurements/libero10_combo_trt_20260430_090849/cpufreq_1.836GHz_gpufreq_1.503GHz_emcfreq_default/telemetry_raw.csv,1836000000,-1,1503000000,1836000000,13588,2700.597014557005,89.448,38.67607388872534,78.3879,/home/Thor/Workspace/jyjeong/Isaac-GR00T/thor_measurements/libero10_combo_trt_20260430_090849/summary.csv,cpufreq_1.836GHz_gpufreq_1.503GHz_emcfreq_default,73.25541264335665
2160000000,-1,1503000000,2160000000,cpufreq_2.160GHz_gpufreq_1.503GHz_emcfreq_default,2160000000.0,1,843.3480157715485,13.39872,10.097635213020585,11.808,83.653232087,1,-1,1503000000,1127.3838910072473,1,34.62272,13.487105610339876,19.68,1,locked_combo,thor_measurements/libero10_combo_trt_20260430_090849/cpufreq_2.160GHz_gpufreq_1.503GHz_emcfreq_default/nvtx_ranges.csv,thor_measurements/libero10_combo_trt_20260430_090849/cpufreq_2.160GHz_gpufreq_1.503GHz_emcfreq_default/phase_metrics.csv,thor_measurements/libero10_combo_trt_20260430_090849/cpufreq_2.160GHz_gpufreq_1.503GHz_emcfreq_default/phase_summary.csv,thor_measurements/libero10_combo_trt_20260430_090849/cpufreq_2.160GHz_gpufreq_1.503GHz_emcfreq_default/telemetry_raw.csv,2160000000,-1,1503000000,2160000000,16712,3437.0979938649466,91.922,40.92226687410244,80.5847,/home/Thor/Workspace/jyjeong/Isaac-GR00T/thor_measurements/libero10_combo_trt_20260430_090849/summary.csv,cpufreq_2.160GHz_gpufreq_1.503GHz_emcfreq_default,71.19838583009708
2430000000,-1,1503000000,2430000000,cpufreq_2.430GHz_gpufreq_1.503GHz_emcfreq_default,2430000000.0,1,690.3769351906881,14.57504,10.483196020664208,12.5952,65.945563067,1,-1,1503000000,865.2157509801289,1,34.62272,13.137024448708486,20.0736,1,locked_combo,thor_measurements/libero10_combo_trt_20260430_090849/cpufreq_2.430GHz_gpufreq_1.503GHz_emcfreq_default/nvtx_ranges.csv,thor_measurements/libero10_combo_trt_20260430_090849/cpufreq_2.430GHz_gpufreq_1.503GHz_emcfreq_default/phase_metrics.csv,thor_measurements/libero10_combo_trt_20260430_090849/cpufreq_2.430GHz_gpufreq_1.503GHz_emcfreq_default/phase_summary.csv,thor_measurements/libero10_combo_trt_20260430_090849/cpufreq_2.430GHz_gpufreq_1.503GHz_emcfreq_default/telemetry_raw.csv,2430000000,-1,1503000000,2430000000,13550,2702.3800049955503,92.156,40.83559025830259,81.3115,/home/Thor/Workspace/jyjeong/Isaac-GR00T/thor_measurements/libero10_combo_trt_20260430_090849/summary.csv,cpufreq_2.430GHz_gpufreq_1.503GHz_emcfreq_default,70.22528290666666
2601000000,-1,1503000000,2601000000,cpufreq_2.601GHz_gpufreq_1.503GHz_emcfreq_default,2601000000.0,1,712.5918553171363,16.14416,10.955175728328864,12.9888,65.189980061,1,-1,1503000000,853.4399317641509,1,34.62272,13.126216979445935,20.0736,1,locked_combo,thor_measurements/libero10_combo_trt_20260430_090849/cpufreq_2.601GHz_gpufreq_1.503GHz_emcfreq_default/nvtx_ranges.csv,thor_measurements/libero10_combo_trt_20260430_090849/cpufreq_2.601GHz_gpufreq_1.503GHz_emcfreq_default/phase_metrics.csv,thor_measurements/libero10_combo_trt_20260430_090849/cpufreq_2.601GHz_gpufreq_1.503GHz_emcfreq_default/phase_summary.csv,thor_measurements/libero10_combo_trt_20260430_090849/cpufreq_2.601GHz_gpufreq_1.503GHz_emcfreq_default/telemetry_raw.csv,2601000000,-1,1503000000,2601000000,13428,2703.4335737075603,92.788,41.36505778969318,81.95259999999999,/home/Thor/Workspace/jyjeong/Isaac-GR00T/thor_measurements/libero10_combo_trt_20260430_090849/summary.csv,cpufreq_2.601GHz_gpufreq_1.503GHz_emcfreq_default,69.96797140816327
-1,665600000,1503000000,-1,cpufreq_default_gpufreq_1.503GHz_emcfreq_665MHz,376046950.06084937,1,865.6646537452224,12.21648,6.4637267254521,7.0992,134.592466146,1,665600000,1503000000,1466.165463597952,1,34.62272,10.96110015244358,13.39872,1,locked_combo,thor_measurements/libero10_combo_trt_20260430_090849/cpufreq_default_gpufreq_1.503GHz_emcfreq_665MHz/nvtx_ranges.csv,thor_measurements/libero10_combo_trt_20260430_090849/cpufreq_default_gpufreq_1.503GHz_emcfreq_665MHz/phase_metrics.csv,thor_measurements/libero10_combo_trt_20260430_090849/cpufreq_default_gpufreq_1.503GHz_emcfreq_665MHz/phase_summary.csv,thor_measurements/libero10_combo_trt_20260430_090849/cpufreq_default_gpufreq_1.503GHz_emcfreq_665MHz/telemetry_raw.csv,-1,665600000,1503000000,-1,6691,4499.088914004004,57.978,33.745156777761174,44.309,/home/Thor/Workspace/jyjeong/Isaac-GR00T/thor_measurements/libero10_combo_trt_20260430_090849/summary.csv,cpufreq_default_gpufreq_1.503GHz_emcfreq_665MHz,272.15114197350994
648000000,665600000,1503000000,648000000,cpufreq_648MHz_gpufreq_1.503GHz_emcfreq_665MHz,648000000.0,1,889.0624780718017,7.09344,5.916225880698465,6.69664,149.350790744,1,665600000,1503000000,1493.3079101542332,1,34.6368,9.780484715809212,13.39872,1,locked_combo,thor_measurements/libero10_combo_trt_20260430_090849/cpufreq_648MHz_gpufreq_1.503GHz_emcfreq_665MHz/nvtx_ranges.csv,thor_measurements/libero10_combo_trt_20260430_090849/cpufreq_648MHz_gpufreq_1.503GHz_emcfreq_665MHz/phase_metrics.csv,thor_measurements/libero10_combo_trt_20260430_090849/cpufreq_648MHz_gpufreq_1.503GHz_emcfreq_665MHz/phase_summary.csv,thor_measurements/libero10_combo_trt_20260430_090849/cpufreq_648MHz_gpufreq_1.503GHz_emcfreq_665MHz/telemetry_raw.csv,648000000,665600000,1503000000,648000000,17066,4713.6996645075915,57.31,31.01889464432205,43.411,/home/Thor/Workspace/jyjeong/Isaac-GR00T/thor_measurements/libero10_combo_trt_20260430_090849/summary.csv,cpufreq_648MHz_gpufreq_1.503GHz_emcfreq_665MHz,267.48349067361113
972000000,665600000,1503000000,972000000,cpufreq_972MHz_gpufreq_1.503GHz_emcfreq_665MHz,972000000.0,1,834.901614741685,7.49056,6.103285273815002,6.69936,136.135698012,1,665600000,1503000000,1430.3191271196436,1,34.65088,10.384950584445468,13.7928,1,locked_combo,thor_measurements/libero10_combo_trt_20260430_090849/cpufreq_972MHz_gpufreq_1.503GHz_emcfreq_665MHz/nvtx_ranges.csv,thor_measurements/libero10_combo_trt_20260430_090849/cpufreq_972MHz_gpufreq_1.503GHz_emcfreq_665MHz/phase_metrics.csv,thor_measurements/libero10_combo_trt_20260430_090849/cpufreq_972MHz_gpufreq_1.503GHz_emcfreq_665MHz/phase_summary.csv,thor_measurements/libero10_combo_trt_20260430_090849/cpufreq_972MHz_gpufreq_1.503GHz_emcfreq_665MHz/telemetry_raw.csv,972000000,665600000,1503000000,972000000,17384,4426.773458121152,57.376,32.07133525080533,44.495099999999994,/home/Thor/Workspace/jyjeong/Isaac-GR00T/thor_measurements/libero10_combo_trt_20260430_090849/summary.csv,cpufreq_972MHz_gpufreq_1.503GHz_emcfreq_665MHz,257.86472729054054
1242000000,665600000,1503000000,1242000000,cpufreq_1.242GHz_gpufreq_1.503GHz_emcfreq_665MHz,1242000000.0,1,1043.4147462136723,7.49056,6.282979045601024,6.69936,165.277626596,1,665600000,1503000000,1845.9275787253816,1,34.6368,11.018121898203328,13.7928,1,locked_combo,thor_measurements/libero10_combo_trt_20260430_090849/cpufreq_1.242GHz_gpufreq_1.503GHz_emcfreq_665MHz/nvtx_ranges.csv,thor_measurements/libero10_combo_trt_20260430_090849/cpufreq_1.242GHz_gpufreq_1.503GHz_emcfreq_665MHz/phase_metrics.csv,thor_measurements/libero10_combo_trt_20260430_090849/cpufreq_1.242GHz_gpufreq_1.503GHz_emcfreq_665MHz/phase_summary.csv,thor_measurements/libero10_combo_trt_20260430_090849/cpufreq_1.242GHz_gpufreq_1.503GHz_emcfreq_665MHz/telemetry_raw.csv,1242000000,665600000,1503000000,1242000000,22653,5557.160213462705,58.686,33.077325740520024,45.3828,/home/Thor/Workspace/jyjeong/Isaac-GR00T/thor_measurements/libero10_combo_trt_20260430_090849/summary.csv,cpufreq_1.242GHz_gpufreq_1.503GHz_emcfreq_665MHz,251.1496641196172
1566000000,665600000,1503000000,1566000000,cpufreq_1.566GHz_gpufreq_1.503GHz_emcfreq_665MHz,1566000000.0,1,781.8777267323197,8.27568,6.381191109063688,7.09056,121.816905562,1,665600000,1503000000,1326.6393357058932,1,34.25712,10.7221022595877,13.7928,1,locked_combo,thor_measurements/libero10_combo_trt_20260430_090849/cpufreq_1.566GHz_gpufreq_1.503GHz_emcfreq_665MHz/nvtx_ranges.csv,thor_measurements/libero10_combo_trt_20260430_090849/cpufreq_1.566GHz_gpufreq_1.503GHz_emcfreq_665MHz/phase_metrics.csv,thor_measurements/libero10_combo_trt_20260430_090849/cpufreq_1.566GHz_gpufreq_1.503GHz_emcfreq_665MHz/phase_summary.csv,thor_measurements/libero10_combo_trt_20260430_090849/cpufreq_1.566GHz_gpufreq_1.503GHz_emcfreq_665MHz/telemetry_raw.csv,1566000000,665600000,1503000000,1566000000,17366,4061.1201381793026,57.856,32.73290659910169,45.987,/home/Thor/Workspace/jyjeong/Isaac-GR00T/thor_measurements/libero10_combo_trt_20260430_090849/summary.csv,cpufreq_1.566GHz_gpufreq_1.503GHz_emcfreq_665MHz,248.6885401197183
1836000000,665600000,1503000000,1836000000,cpufreq_1.836GHz_gpufreq_1.503GHz_emcfreq_665MHz,1836000000.0,1,812.9011530576445,9.06384,6.663983192384326,7.09344,121.324618367,1,665600000,1503000000,1329.68569930907,1,34.6368,10.798794102280274,13.7928,1,locked_combo,thor_measurements/libero10_combo_trt_20260430_090849/cpufreq_1.836GHz_gpufreq_1.503GHz_emcfreq_665MHz/nvtx_ranges.csv,thor_measurements/libero10_combo_trt_20260430_090849/cpufreq_1.836GHz_gpufreq_1.503GHz_emcfreq_665MHz/phase_metrics.csv,thor_measurements/libero10_combo_trt_20260430_090849/cpufreq_1.836GHz_gpufreq_1.503GHz_emcfreq_665MHz/phase_summary.csv,thor_measurements/libero10_combo_trt_20260430_090849/cpufreq_1.836GHz_gpufreq_1.503GHz_emcfreq_665MHz/telemetry_raw.csv,1836000000,665600000,1503000000,1836000000,18068,4093.8344508942873,58.912,33.15319094531769,46.425900000000006,/home/Thor/Workspace/jyjeong/Isaac-GR00T/thor_measurements/libero10_combo_trt_20260430_090849/summary.csv,cpufreq_1.836GHz_gpufreq_1.503GHz_emcfreq_665MHz,247.72667251048952
2160000000,665600000,1503000000,2160000000,cpufreq_2.160GHz_gpufreq_1.503GHz_emcfreq_665MHz,2160000000.0,1,862.7327128284363,10.24608,7.155280030743892,7.878399999999999,119.838159614,1,665600000,1503000000,1335.48532583305,1,34.62272,10.95181791710129,13.7872,1,locked_combo,thor_measurements/libero10_combo_trt_20260430_090849/cpufreq_2.160GHz_gpufreq_1.503GHz_emcfreq_665MHz/nvtx_ranges.csv,thor_measurements/libero10_combo_trt_20260430_090849/cpufreq_2.160GHz_gpufreq_1.503GHz_emcfreq_665MHz/phase_metrics.csv,thor_measurements/libero10_combo_trt_20260430_090849/cpufreq_2.160GHz_gpufreq_1.503GHz_emcfreq_665MHz/phase_summary.csv,thor_measurements/libero10_combo_trt_20260430_090849/cpufreq_2.160GHz_gpufreq_1.503GHz_emcfreq_665MHz/telemetry_raw.csv,2160000000,665600000,1503000000,2160000000,18215,4138.561367598281,59.528,33.847897007960476,47.303799999999995,/home/Thor/Workspace/jyjeong/Isaac-GR00T/thor_measurements/libero10_combo_trt_20260430_090849/summary.csv,cpufreq_2.160GHz_gpufreq_1.503GHz_emcfreq_665MHz,245.58687426712328
2430000000,665600000,1503000000,2430000000,cpufreq_2.430GHz_gpufreq_1.503GHz_emcfreq_665MHz,2430000000.0,1,933.1195058258364,11.8224,7.666804652301144,8.27232,120.907389403,1,665600000,1503000000,1357.37833070116,1,34.62272,11.072538841181164,13.7872,1,locked_combo,thor_measurements/libero10_combo_trt_20260430_090849/cpufreq_2.430GHz_gpufreq_1.503GHz_emcfreq_665MHz/nvtx_ranges.csv,thor_measurements/libero10_combo_trt_20260430_090849/cpufreq_2.430GHz_gpufreq_1.503GHz_emcfreq_665MHz/phase_metrics.csv,thor_measurements/libero10_combo_trt_20260430_090849/cpufreq_2.430GHz_gpufreq_1.503GHz_emcfreq_665MHz/phase_summary.csv,thor_measurements/libero10_combo_trt_20260430_090849/cpufreq_2.430GHz_gpufreq_1.503GHz_emcfreq_665MHz/telemetry_raw.csv,2430000000,665600000,1503000000,2430000000,18795,4252.346415041915,60.058,34.512910029263104,47.7846,/home/Thor/Workspace/jyjeong/Isaac-GR00T/thor_measurements/libero10_combo_trt_20260430_090849/summary.csv,cpufreq_2.430GHz_gpufreq_1.503GHz_emcfreq_665MHz,245.23243442666669
2601000000,665600000,1503000000,2601000000,cpufreq_2.601GHz_gpufreq_1.503GHz_emcfreq_665MHz,2601000000.0,1,1198.899648527262,13.00464,8.162925904262412,8.66976,146.015080832,1,665600000,1503000000,1691.038036171257,1,34.62272,11.397642192097427,13.7872,1,locked_combo,thor_measurements/libero10_combo_trt_20260430_090849/cpufreq_2.601GHz_gpufreq_1.503GHz_emcfreq_665MHz/nvtx_ranges.csv,thor_measurements/libero10_combo_trt_20260430_090849/cpufreq_2.601GHz_gpufreq_1.503GHz_emcfreq_665MHz/phase_metrics.csv,thor_measurements/libero10_combo_trt_20260430_090849/cpufreq_2.601GHz_gpufreq_1.503GHz_emcfreq_665MHz/phase_summary.csv,thor_measurements/libero10_combo_trt_20260430_090849/cpufreq_2.601GHz_gpufreq_1.503GHz_emcfreq_665MHz/telemetry_raw.csv,2601000000,665600000,1503000000,2601000000,22499,5283.585165873419,60.502,35.443800168896395,48.3,/home/Thor/Workspace/jyjeong/Isaac-GR00T/thor_measurements/libero10_combo_trt_20260430_090849/summary.csv,cpufreq_2.601GHz_gpufreq_1.503GHz_emcfreq_665MHz,246.28202040816325
-1,2750000000,1503000000,-1,cpufreq_default_gpufreq_1.503GHz_emcfreq_2.750GHz,405733511.8489758,1,569.5066376894559,11.03424,7.017714984067479,7.881599999999999,82.593596744,1,2750000000,1503000000,979.189068475748,1,34.6368,11.704859111527648,17.320512,1,locked_combo,thor_measurements/libero10_combo_trt_20260430_090849/cpufreq_default_gpufreq_1.503GHz_emcfreq_2.750GHz/nvtx_ranges.csv,thor_measurements/libero10_combo_trt_20260430_090849/cpufreq_default_gpufreq_1.503GHz_emcfreq_2.750GHz/phase_metrics.csv,thor_measurements/libero10_combo_trt_20260430_090849/cpufreq_default_gpufreq_1.503GHz_emcfreq_2.750GHz/phase_summary.csv,thor_measurements/libero10_combo_trt_20260430_090849/cpufreq_default_gpufreq_1.503GHz_emcfreq_2.750GHz/telemetry_raw.csv,-1,2750000000,1503000000,-1,5335,2916.415877475781,78.122,36.18858894095595,62.9868,/home/Thor/Workspace/jyjeong/Isaac-GR00T/thor_measurements/libero10_combo_trt_20260430_090849/summary.csv,cpufreq_default_gpufreq_1.503GHz_emcfreq_2.750GHz,105.2767775763889
648000000,2750000000,1503000000,648000000,cpufreq_648MHz_gpufreq_1.503GHz_emcfreq_2.750GHz,648000000.0,1,652.9886509465877,7.8816,6.291240416907933,7.48144,103.620438099,1,2750000000,1503000000,1125.614170763375,1,34.6368,10.862647203242618,17.32544,1,locked_combo,thor_measurements/libero10_combo_trt_20260430_090849/cpufreq_648MHz_gpufreq_1.503GHz_emcfreq_2.750GHz/nvtx_ranges.csv,thor_measurements/libero10_combo_trt_20260430_090849/cpufreq_648MHz_gpufreq_1.503GHz_emcfreq_2.750GHz/phase_metrics.csv,thor_measurements/libero10_combo_trt_20260430_090849/cpufreq_648MHz_gpufreq_1.503GHz_emcfreq_2.750GHz/phase_summary.csv,thor_measurements/libero10_combo_trt_20260430_090849/cpufreq_648MHz_gpufreq_1.503GHz_emcfreq_2.750GHz/telemetry_raw.csv,648000000,2750000000,1503000000,648000000,13816,3428.603044834407,78.194,33.08565909090909,59.186499999999995,/home/Thor/Workspace/jyjeong/Isaac-GR00T/thor_measurements/libero10_combo_trt_20260430_090849/summary.csv,cpufreq_648MHz_gpufreq_1.503GHz_emcfreq_2.750GHz,113.92627514285714
972000000,2750000000,1503000000,972000000,cpufreq_972MHz_gpufreq_1.503GHz_emcfreq_2.750GHz,972000000.0,1,699.9658052587515,8.27568,6.767575756519575,7.8752,103.222858214,1,2750000000,1503000000,1249.5016141723186,1,34.6368,12.029619279268063,17.7192,1,locked_combo,thor_measurements/libero10_combo_trt_20260430_090849/cpufreq_972MHz_gpufreq_1.503GHz_emcfreq_2.750GHz/nvtx_ranges.csv,thor_measurements/libero10_combo_trt_20260430_090849/cpufreq_972MHz_gpufreq_1.503GHz_emcfreq_2.750GHz/phase_metrics.csv,thor_measurements/libero10_combo_trt_20260430_090849/cpufreq_972MHz_gpufreq_1.503GHz_emcfreq_2.750GHz/phase_summary.csv,thor_measurements/libero10_combo_trt_20260430_090849/cpufreq_972MHz_gpufreq_1.503GHz_emcfreq_2.750GHz/telemetry_raw.csv,972000000,2750000000,1503000000,972000000,16067,3675.2345597226745,78.272,35.43279703740586,65.2294,/home/Thor/Workspace/jyjeong/Isaac-GR00T/thor_measurements/libero10_combo_trt_20260430_090849/summary.csv,cpufreq_972MHz_gpufreq_1.503GHz_emcfreq_2.750GHz,94.43578772058824
1242000000,2750000000,1503000000,1242000000,cpufreq_1.242GHz_gpufreq_1.503GHz_emcfreq_2.750GHz,1242000000.0,1,541.5783591275535,8.66976,6.767049024480989,7.8752,79.876280551,1,2750000000,1503000000,935.4885126834308,1,34.6368,11.672176739340726,18.4992,1,locked_combo,thor_measurements/libero10_combo_trt_20260430_090849/cpufreq_1.242GHz_gpufreq_1.503GHz_emcfreq_2.750GHz/nvtx_ranges.csv,thor_measurements/libero10_combo_trt_20260430_090849/cpufreq_1.242GHz_gpufreq_1.503GHz_emcfreq_2.750GHz/phase_metrics.csv,thor_measurements/libero10_combo_trt_20260430_090849/cpufreq_1.242GHz_gpufreq_1.503GHz_emcfreq_2.750GHz/phase_summary.csv,thor_measurements/libero10_combo_trt_20260430_090849/cpufreq_1.242GHz_gpufreq_1.503GHz_emcfreq_2.750GHz/telemetry_raw.csv,1242000000,2750000000,1503000000,1242000000,13439,2798.595402277294,77.992,34.86894575489248,65.6828,/home/Thor/Workspace/jyjeong/Isaac-GR00T/thor_measurements/libero10_combo_trt_20260430_090849/summary.csv,cpufreq_1.242GHz_gpufreq_1.503GHz_emcfreq_2.750GHz,89.7662458263889
1566000000,2750000000,1503000000,1566000000,cpufreq_1.566GHz_gpufreq_1.503GHz_emcfreq_2.750GHz,1566000000.0,1,549.7526584809374,9.06384,6.974072289018992,8.26896,78.624884347,1,2750000000,1503000000,948.0075842866316,1,34.6368,12.000189153220049,18.50672,1,locked_combo,thor_measurements/libero10_combo_trt_20260430_090849/cpufreq_1.566GHz_gpufreq_1.503GHz_emcfreq_2.750GHz/nvtx_ranges.csv,thor_measurements/libero10_combo_trt_20260430_090849/cpufreq_1.566GHz_gpufreq_1.503GHz_emcfreq_2.750GHz/phase_metrics.csv,thor_measurements/libero10_combo_trt_20260430_090849/cpufreq_1.566GHz_gpufreq_1.503GHz_emcfreq_2.750GHz/phase_summary.csv,thor_measurements/libero10_combo_trt_20260430_090849/cpufreq_1.566GHz_gpufreq_1.503GHz_emcfreq_2.750GHz/telemetry_raw.csv,1566000000,2750000000,1503000000,1566000000,14006,2814.8049217224616,78.346,35.58172811652149,67.266,/home/Thor/Workspace/jyjeong/Isaac-GR00T/thor_measurements/libero10_combo_trt_20260430_090849/summary.csv,cpufreq_1.566GHz_gpufreq_1.503GHz_emcfreq_2.750GHz,87.79158293288592
1836000000,2750000000,1503000000,1836000000,cpufreq_1.836GHz_gpufreq_1.503GHz_emcfreq_2.750GHz,1836000000.0,1,533.0514836192008,9.852,7.3479516497915425,8.66272,72.343933966,1,2750000000,1503000000,898.1243901601215,1,34.6368,12.352842513400834,18.8928,1,locked_combo,thor_measurements/libero10_combo_trt_20260430_090849/cpufreq_1.836GHz_gpufreq_1.503GHz_emcfreq_2.750GHz/nvtx_ranges.csv,thor_measurements/libero10_combo_trt_20260430_090849/cpufreq_1.836GHz_gpufreq_1.503GHz_emcfreq_2.750GHz/phase_metrics.csv,thor_measurements/libero10_combo_trt_20260430_090849/cpufreq_1.836GHz_gpufreq_1.503GHz_emcfreq_2.750GHz/phase_summary.csv,thor_measurements/libero10_combo_trt_20260430_090849/cpufreq_1.836GHz_gpufreq_1.503GHz_emcfreq_2.750GHz/telemetry_raw.csv,1836000000,2750000000,1503000000,1836000000,13432,2653.728770146537,83.034,36.42226503871352,68.9954,/home/Thor/Workspace/jyjeong/Isaac-GR00T/thor_measurements/libero10_combo_trt_20260430_090849/summary.csv,cpufreq_1.836GHz_gpufreq_1.503GHz_emcfreq_2.750GHz,85.5503626551724
2160000000,2750000000,1503000000,2160000000,cpufreq_2.160GHz_gpufreq_1.503GHz_emcfreq_2.750GHz,2160000000.0,1,570.5297607174856,11.03424,7.877288219016779,9.05648,72.312472989,1,2750000000,1503000000,912.3903175775516,1,34.62272,12.531091492493376,18.90048,1,locked_combo,thor_measurements/libero10_combo_trt_20260430_090849/cpufreq_2.160GHz_gpufreq_1.503GHz_emcfreq_2.750GHz/nvtx_ranges.csv,thor_measurements/libero10_combo_trt_20260430_090849/cpufreq_2.160GHz_gpufreq_1.503GHz_emcfreq_2.750GHz/phase_metrics.csv,thor_measurements/libero10_combo_trt_20260430_090849/cpufreq_2.160GHz_gpufreq_1.503GHz_emcfreq_2.750GHz/phase_summary.csv,thor_measurements/libero10_combo_trt_20260430_090849/cpufreq_2.160GHz_gpufreq_1.503GHz_emcfreq_2.750GHz/telemetry_raw.csv,2160000000,2750000000,1503000000,2160000000,13588,2709.9463065743043,87.14,37.11726125993524,69.8031,/home/Thor/Workspace/jyjeong/Isaac-GR00T/thor_measurements/libero10_combo_trt_20260430_090849/summary.csv,cpufreq_2.160GHz_gpufreq_1.503GHz_emcfreq_2.750GHz,84.49079265100671
2430000000,2750000000,1503000000,2430000000,cpufreq_2.430GHz_gpufreq_1.503GHz_emcfreq_2.750GHz,2430000000.0,1,577.7939990275041,12.61056,8.331720458096322,9.45024,69.152329692,1,2750000000,1503000000,869.0991783271934,1,34.62272,12.497532019719378,18.90048,1,locked_combo,thor_measurements/libero10_combo_trt_20260430_090849/cpufreq_2.430GHz_gpufreq_1.503GHz_emcfreq_2.750GHz/nvtx_ranges.csv,thor_measurements/libero10_combo_trt_20260430_090849/cpufreq_2.430GHz_gpufreq_1.503GHz_emcfreq_2.750GHz/phase_metrics.csv,thor_measurements/libero10_combo_trt_20260430_090849/cpufreq_2.430GHz_gpufreq_1.503GHz_emcfreq_2.750GHz/phase_summary.csv,thor_measurements/libero10_combo_trt_20260430_090849/cpufreq_2.430GHz_gpufreq_1.503GHz_emcfreq_2.750GHz/telemetry_raw.csv,2430000000,2750000000,1503000000,2430000000,13185,2624.75659337143,88.388,37.63624345847554,70.8696,/home/Thor/Workspace/jyjeong/Isaac-GR00T/thor_measurements/libero10_combo_trt_20260430_090849/summary.csv,cpufreq_2.430GHz_gpufreq_1.503GHz_emcfreq_2.750GHz,83.650117964539
2601000000,2750000000,1503000000,2601000000,cpufreq_2.601GHz_gpufreq_1.503GHz_emcfreq_2.750GHz,2601000000.0,1,639.8882393151056,13.39328,8.85096373355961,10.2336,72.139687061,1,2750000000,1503000000,936.7730968873208,1,34.62272,12.967650550134351,18.90048,1,locked_combo,thor_measurements/libero10_combo_trt_20260430_090849/cpufreq_2.601GHz_gpufreq_1.503GHz_emcfreq_2.750GHz/nvtx_ranges.csv,thor_measurements/libero10_combo_trt_20260430_090849/cpufreq_2.601GHz_gpufreq_1.503GHz_emcfreq_2.750GHz/phase_metrics.csv,thor_measurements/libero10_combo_trt_20260430_090849/cpufreq_2.601GHz_gpufreq_1.503GHz_emcfreq_2.750GHz/phase_summary.csv,thor_measurements/libero10_combo_trt_20260430_090849/cpufreq_2.601GHz_gpufreq_1.503GHz_emcfreq_2.750GHz/telemetry_raw.csv,2601000000,2750000000,1503000000,2601000000,14142,2817.2970651860114,88.544,38.76997482675718,71.854,/home/Thor/Workspace/jyjeong/Isaac-GR00T/thor_measurements/libero10_combo_trt_20260430_090849/summary.csv,cpufreq_2.601GHz_gpufreq_1.503GHz_emcfreq_2.750GHz,82.8011793312102
-1,3200000000,1503000000,-1,cpufreq_default_gpufreq_1.503GHz_emcfreq_3.200GHz,376754333.7510443,1,617.8597418004596,11.42832,7.199458479532164,8.26896,86.202047835,1,3200000000,1503000000,1011.4944960938284,1,34.62272,11.85945634502924,16.93856,1,locked_combo,thor_measurements/libero10_combo_trt_20260430_090849/cpufreq_default_gpufreq_1.503GHz_emcfreq_3.200GHz/nvtx_ranges.csv,thor_measurements/libero10_combo_trt_20260430_090849/cpufreq_default_gpufreq_1.503GHz_emcfreq_3.200GHz/phase_metrics.csv,thor_measurements/libero10_combo_trt_20260430_090849/cpufreq_default_gpufreq_1.503GHz_emcfreq_3.200GHz/phase_summary.csv,thor_measurements/libero10_combo_trt_20260430_090849/cpufreq_default_gpufreq_1.503GHz_emcfreq_3.200GHz/telemetry_raw.csv,-1,3200000000,1503000000,-1,5472,3056.7174358301645,85.172,36.647092470760235,63.530699999999946,/home/Thor/Workspace/jyjeong/Isaac-GR00T/thor_measurements/libero10_combo_trt_20260430_090849/summary.csv,cpufreq_default_gpufreq_1.503GHz_emcfreq_3.200GHz,101.82405135616438
648000000,3200000000,1503000000,648000000,cpufreq_648MHz_gpufreq_1.503GHz_emcfreq_3.200GHz,648000000.0,1,693.719798322646,8.27568,6.636151807673214,7.8752,104.069513847,1,3200000000,1503000000,1159.7576102598237,1,34.6368,11.049877256932133,17.712,1,locked_combo,thor_measurements/libero10_combo_trt_20260430_090849/cpufreq_648MHz_gpufreq_1.503GHz_emcfreq_3.200GHz/nvtx_ranges.csv,thor_measurements/libero10_combo_trt_20260430_090849/cpufreq_648MHz_gpufreq_1.503GHz_emcfreq_3.200GHz/phase_metrics.csv,thor_measurements/libero10_combo_trt_20260430_090849/cpufreq_648MHz_gpufreq_1.503GHz_emcfreq_3.200GHz/phase_summary.csv,thor_measurements/libero10_combo_trt_20260430_090849/cpufreq_648MHz_gpufreq_1.503GHz_emcfreq_3.200GHz/telemetry_raw.csv,648000000,3200000000,1503000000,648000000,14101,3530.916486446763,84.678,33.76271526842068,61.156,/home/Thor/Workspace/jyjeong/Isaac-GR00T/thor_measurements/libero10_combo_trt_20260430_090849/summary.csv,cpufreq_648MHz_gpufreq_1.503GHz_emcfreq_3.200GHz,112.4955358979592
972000000,3200000000,1503000000,972000000,cpufreq_972MHz_gpufreq_1.503GHz_emcfreq_3.200GHz,972000000.0,1,585.0443653562671,8.66976,6.910713862815884,8.26896,84.420903595,1,3200000000,1503000000,957.6988659605396,1,34.6368,11.28723581227437,18.11296,1,locked_combo,thor_measurements/libero10_combo_trt_20260430_090849/cpufreq_972MHz_gpufreq_1.503GHz_emcfreq_3.200GHz/nvtx_ranges.csv,thor_measurements/libero10_combo_trt_20260430_090849/cpufreq_972MHz_gpufreq_1.503GHz_emcfreq_3.200GHz/phase_metrics.csv,thor_measurements/libero10_combo_trt_20260430_090849/cpufreq_972MHz_gpufreq_1.503GHz_emcfreq_3.200GHz/phase_summary.csv,thor_measurements/libero10_combo_trt_20260430_090849/cpufreq_972MHz_gpufreq_1.503GHz_emcfreq_3.200GHz/telemetry_raw.csv,972000000,3200000000,1503000000,972000000,13296,2934.7436217717714,84.78,34.64256422984356,65.7075,/home/Thor/Workspace/jyjeong/Isaac-GR00T/thor_measurements/libero10_combo_trt_20260430_090849/summary.csv,cpufreq_972MHz_gpufreq_1.503GHz_emcfreq_3.200GHz,91.27504607692308
1242000000,3200000000,1503000000,1242000000,cpufreq_1.242GHz_gpufreq_1.503GHz_emcfreq_3.200GHz,1242000000.0,1,557.0753522458031,9.06384,7.088065532488945,8.6592,78.373360918,1,3200000000,1503000000,915.1154221095968,1,34.62272,11.611674328112118,18.51424,1,locked_combo,thor_measurements/libero10_combo_trt_20260430_090849/cpufreq_1.242GHz_gpufreq_1.503GHz_emcfreq_3.200GHz/nvtx_ranges.csv,thor_measurements/libero10_combo_trt_20260430_090849/cpufreq_1.242GHz_gpufreq_1.503GHz_emcfreq_3.200GHz/phase_metrics.csv,thor_measurements/libero10_combo_trt_20260430_090849/cpufreq_1.242GHz_gpufreq_1.503GHz_emcfreq_3.200GHz/phase_summary.csv,thor_measurements/libero10_combo_trt_20260430_090849/cpufreq_1.242GHz_gpufreq_1.503GHz_emcfreq_3.200GHz/telemetry_raw.csv,1242000000,3200000000,1503000000,1242000000,13343,2773.7571962516404,85.166,35.143310349996256,67.69779999999999,/home/Thor/Workspace/jyjeong/Isaac-GR00T/thor_measurements/libero10_combo_trt_20260430_090849/summary.csv,cpufreq_1.242GHz_gpufreq_1.503GHz_emcfreq_3.200GHz,85.30790517730496
1566000000,3200000000,1503000000,1566000000,cpufreq_1.566GHz_gpufreq_1.503GHz_emcfreq_3.200GHz,1566000000.0,1,551.9543185665891,9.45792,7.362479307538655,8.66272,74.759851631,1,3200000000,1503000000,914.4999127926628,1,34.62272,12.203256391211069,18.90048,1,locked_combo,thor_measurements/libero10_combo_trt_20260430_090849/cpufreq_1.566GHz_gpufreq_1.503GHz_emcfreq_3.200GHz/nvtx_ranges.csv,thor_measurements/libero10_combo_trt_20260430_090849/cpufreq_1.566GHz_gpufreq_1.503GHz_emcfreq_3.200GHz/phase_metrics.csv,thor_measurements/libero10_combo_trt_20260430_090849/cpufreq_1.566GHz_gpufreq_1.503GHz_emcfreq_3.200GHz/phase_summary.csv,thor_measurements/libero10_combo_trt_20260430_090849/cpufreq_1.566GHz_gpufreq_1.503GHz_emcfreq_3.200GHz/telemetry_raw.csv,1566000000,3200000000,1503000000,1566000000,13517,2726.0319275556835,84.962,36.22448930975808,69.88120000000002,/home/Thor/Workspace/jyjeong/Isaac-GR00T/thor_measurements/libero10_combo_trt_20260430_090849/summary.csv,cpufreq_1.566GHz_gpufreq_1.503GHz_emcfreq_3.200GHz,83.18098933333333
1836000000,3200000000,1503000000,1836000000,cpufreq_1.836GHz_gpufreq_1.503GHz_emcfreq_3.200GHz,1836000000.0,1,546.9024849209745,10.24608,7.66779262651706,9.05648,71.0136058,1,3200000000,1503000000,884.0681097431055,1,34.62272,12.33540838714602,18.90048,1,locked_combo,thor_measurements/libero10_combo_trt_20260430_090849/cpufreq_1.836GHz_gpufreq_1.503GHz_emcfreq_3.200GHz/nvtx_ranges.csv,thor_measurements/libero10_combo_trt_20260430_090849/cpufreq_1.836GHz_gpufreq_1.503GHz_emcfreq_3.200GHz/phase_metrics.csv,thor_measurements/libero10_combo_trt_20260430_090849/cpufreq_1.836GHz_gpufreq_1.503GHz_emcfreq_3.200GHz/phase_summary.csv,thor_measurements/libero10_combo_trt_20260430_090849/cpufreq_1.836GHz_gpufreq_1.503GHz_emcfreq_3.200GHz/telemetry_raw.csv,1836000000,3200000000,1503000000,1836000000,13101,2635.5362757223947,88.49,36.73102526524693,71.426,/home/Thor/Workspace/jyjeong/Isaac-GR00T/thor_measurements/libero10_combo_trt_20260430_090849/summary.csv,cpufreq_1.836GHz_gpufreq_1.503GHz_emcfreq_3.200GHz,81.42360593006993
2160000000,3200000000,1503000000,2160000000,cpufreq_2.160GHz_gpufreq_1.503GHz_emcfreq_3.200GHz,2160000000.0,1,720.1601316652146,11.42832,8.37691082998172,9.45024,85.89631905,1,3200000000,1503000000,1156.181872952888,1,34.62272,13.38309622912858,18.90048,1,locked_combo,thor_measurements/libero10_combo_trt_20260430_090849/cpufreq_2.160GHz_gpufreq_1.503GHz_emcfreq_3.200GHz/nvtx_ranges.csv,thor_measurements/libero10_combo_trt_20260430_090849/cpufreq_2.160GHz_gpufreq_1.503GHz_emcfreq_3.200GHz/phase_metrics.csv,thor_measurements/libero10_combo_trt_20260430_090849/cpufreq_2.160GHz_gpufreq_1.503GHz_emcfreq_3.200GHz/phase_summary.csv,thor_measurements/libero10_combo_trt_20260430_090849/cpufreq_2.160GHz_gpufreq_1.503GHz_emcfreq_3.200GHz/telemetry_raw.csv,2160000000,3200000000,1503000000,2160000000,16410,3371.73371991806,89.306,39.01634454600853,73.8211,/home/Thor/Workspace/jyjeong/Isaac-GR00T/thor_measurements/libero10_combo_trt_20260430_090849/summary.csv,cpufreq_2.160GHz_gpufreq_1.503GHz_emcfreq_3.200GHz,80.13485303398059
2430000000,3200000000,1503000000,2430000000,cpufreq_2.430GHz_gpufreq_1.503GHz_emcfreq_3.200GHz,2430000000.0,1,609.7798779567147,12.61056,8.734922249560633,10.2336,69.69876159,1,3200000000,1503000000,897.3080598231254,1,34.62272,12.85881316930287,19.2864,1,locked_combo,thor_measurements/libero10_combo_trt_20260430_090849/cpufreq_2.430GHz_gpufreq_1.503GHz_emcfreq_3.200GHz/nvtx_ranges.csv,thor_measurements/libero10_combo_trt_20260430_090849/cpufreq_2.430GHz_gpufreq_1.503GHz_emcfreq_3.200GHz/phase_metrics.csv,thor_measurements/libero10_combo_trt_20260430_090849/cpufreq_2.430GHz_gpufreq_1.503GHz_emcfreq_3.200GHz/phase_summary.csv,thor_measurements/libero10_combo_trt_20260430_090849/cpufreq_2.430GHz_gpufreq_1.503GHz_emcfreq_3.200GHz/telemetry_raw.csv,2430000000,3200000000,1503000000,2430000000,13656,2703.152661491048,87.422,38.55672422378442,74.1145,/home/Thor/Workspace/jyjeong/Isaac-GR00T/thor_measurements/libero10_combo_trt_20260430_090849/summary.csv,cpufreq_2.430GHz_gpufreq_1.503GHz_emcfreq_3.200GHz,79.18657318120805
2601000000,3200000000,1503000000,2601000000,cpufreq_2.601GHz_gpufreq_1.503GHz_emcfreq_3.200GHz,2601000000.0,1,642.6207134277898,13.7872,9.219349685643923,10.6272,69.52289864,1,3200000000,1503000000,908.1340499422496,1,34.62272,13.035513880921338,19.2864,1,locked_combo,thor_measurements/libero10_combo_trt_20260430_090849/cpufreq_2.601GHz_gpufreq_1.503GHz_emcfreq_3.200GHz/nvtx_ranges.csv,thor_measurements/libero10_combo_trt_20260430_090849/cpufreq_2.601GHz_gpufreq_1.503GHz_emcfreq_3.200GHz/phase_metrics.csv,thor_measurements/libero10_combo_trt_20260430_090849/cpufreq_2.601GHz_gpufreq_1.503GHz_emcfreq_3.200GHz/phase_summary.csv,thor_measurements/libero10_combo_trt_20260430_090849/cpufreq_2.601GHz_gpufreq_1.503GHz_emcfreq_3.200GHz/telemetry_raw.csv,2601000000,3200000000,1503000000,2601000000,13806,2751.045616789013,90.566,39.30072736491381,74.888,/home/Thor/Workspace/jyjeong/Isaac-GR00T/thor_measurements/libero10_combo_trt_20260430_090849/summary.csv,cpufreq_2.601GHz_gpufreq_1.503GHz_emcfreq_3.200GHz,78.93173813725491
-1,4266000000,1503000000,-1,cpufreq_default_gpufreq_1.503GHz_emcfreq_4.266GHz,372033398.2524476,1,613.3419815224077,11.42832,7.43351551952837,8.65568,83.019017179,1,4266000000,1503000000,987.1746982396008,1,34.62272,11.415942756079588,17.32544,1,locked_combo,thor_measurements/libero10_combo_trt_20260430_090849/cpufreq_default_gpufreq_1.503GHz_emcfreq_4.266GHz/nvtx_ranges.csv,thor_measurements/libero10_combo_trt_20260430_090849/cpufreq_default_gpufreq_1.503GHz_emcfreq_4.266GHz/phase_metrics.csv,thor_measurements/libero10_combo_trt_20260430_090849/cpufreq_default_gpufreq_1.503GHz_emcfreq_4.266GHz/phase_summary.csv,thor_measurements/libero10_combo_trt_20260430_090849/cpufreq_default_gpufreq_1.503GHz_emcfreq_4.266GHz/telemetry_raw.csv,-1,4266000000,1503000000,-1,5428,3007.4288901986574,87.478,36.57988172439204,66.62889999999999,/home/Thor/Workspace/jyjeong/Isaac-GR00T/thor_measurements/libero10_combo_trt_20260430_090849/summary.csv,cpufreq_default_gpufreq_1.503GHz_emcfreq_4.266GHz,97.64554624827586
648000000,4266000000,1503000000,648000000,cpufreq_648MHz_gpufreq_1.503GHz_emcfreq_4.266GHz,648000000.0,1,704.0826203904467,8.66624,6.768597820256776,8.2656,103.573046584,1,4266000000,1503000000,1122.0243344703224,1,34.6368,10.736992262482168,17.33248,1,locked_combo,thor_measurements/libero10_combo_trt_20260430_090849/cpufreq_648MHz_gpufreq_1.503GHz_emcfreq_4.266GHz/nvtx_ranges.csv,thor_measurements/libero10_combo_trt_20260430_090849/cpufreq_648MHz_gpufreq_1.503GHz_emcfreq_4.266GHz/phase_metrics.csv,thor_measurements/libero10_combo_trt_20260430_090849/cpufreq_648MHz_gpufreq_1.503GHz_emcfreq_4.266GHz/phase_summary.csv,thor_measurements/libero10_combo_trt_20260430_090849/cpufreq_648MHz_gpufreq_1.503GHz_emcfreq_4.266GHz/telemetry_raw.csv,648000000,4266000000,1503000000,648000000,14020,3504.6353363114804,88.082,33.72124693295292,62.322199999999995,/home/Thor/Workspace/jyjeong/Isaac-GR00T/thor_measurements/libero10_combo_trt_20260430_090849/summary.csv,cpufreq_648MHz_gpufreq_1.503GHz_emcfreq_4.266GHz,112.0934090763889
972000000,4266000000,1503000000,972000000,cpufreq_972MHz_gpufreq_1.503GHz_emcfreq_4.266GHz,972000000.0,1,608.8990169180337,9.06384,7.090334148023179,8.66272,85.53282902,1,4266000000,1503000000,964.9219944456868,1,34.62272,11.188528071590992,18.12032,1,locked_combo,thor_measurements/libero10_combo_trt_20260430_090849/cpufreq_972MHz_gpufreq_1.503GHz_emcfreq_4.266GHz/nvtx_ranges.csv,thor_measurements/libero10_combo_trt_20260430_090849/cpufreq_972MHz_gpufreq_1.503GHz_emcfreq_4.266GHz/phase_metrics.csv,thor_measurements/libero10_combo_trt_20260430_090849/cpufreq_972MHz_gpufreq_1.503GHz_emcfreq_4.266GHz/phase_summary.csv,thor_measurements/libero10_combo_trt_20260430_090849/cpufreq_972MHz_gpufreq_1.503GHz_emcfreq_4.266GHz/telemetry_raw.csv,972000000,4266000000,1503000000,972000000,13633,2999.247822365929,87.724,34.829859165260764,66.21959999999999,/home/Thor/Workspace/jyjeong/Isaac-GR00T/thor_measurements/libero10_combo_trt_20260430_090849/summary.csv,cpufreq_972MHz_gpufreq_1.503GHz_emcfreq_4.266GHz,91.37662704225353
1242000000,4266000000,1503000000,1242000000,cpufreq_1.242GHz_gpufreq_1.503GHz_emcfreq_4.266GHz,1242000000.0,1,579.4085502298973,9.06384,7.264448836937464,8.66624,79.404820328,1,4266000000,1503000000,934.2005271314164,1,34.62272,11.649184827586206,18.52176,1,locked_combo,thor_measurements/libero10_combo_trt_20260430_090849/cpufreq_1.242GHz_gpufreq_1.503GHz_emcfreq_4.266GHz/nvtx_ranges.csv,thor_measurements/libero10_combo_trt_20260430_090849/cpufreq_1.242GHz_gpufreq_1.503GHz_emcfreq_4.266GHz/phase_metrics.csv,thor_measurements/libero10_combo_trt_20260430_090849/cpufreq_1.242GHz_gpufreq_1.503GHz_emcfreq_4.266GHz/phase_summary.csv,thor_measurements/libero10_combo_trt_20260430_090849/cpufreq_1.242GHz_gpufreq_1.503GHz_emcfreq_4.266GHz/telemetry_raw.csv,1242000000,4266000000,1503000000,1242000000,13688,2849.8759959428216,88.302,35.5598284628872,69.70979999999994,/home/Thor/Workspace/jyjeong/Isaac-GR00T/thor_measurements/libero10_combo_trt_20260430_090849/summary.csv,cpufreq_1.242GHz_gpufreq_1.503GHz_emcfreq_4.266GHz,83.2026863263889
1566000000,4266000000,1503000000,1566000000,cpufreq_1.566GHz_gpufreq_1.503GHz_emcfreq_4.266GHz,1566000000.0,1,582.5802277558695,9.852,7.5382436786829405,9.05648,77.091467427,1,4266000000,1503000000,942.317969200443,1,34.62272,12.178517252341754,18.8928,1,locked_combo,thor_measurements/libero10_combo_trt_20260430_090849/cpufreq_1.566GHz_gpufreq_1.503GHz_emcfreq_4.266GHz/nvtx_ranges.csv,thor_measurements/libero10_combo_trt_20260430_090849/cpufreq_1.566GHz_gpufreq_1.503GHz_emcfreq_4.266GHz/phase_metrics.csv,thor_measurements/libero10_combo_trt_20260430_090849/cpufreq_1.566GHz_gpufreq_1.503GHz_emcfreq_4.266GHz/phase_summary.csv,thor_measurements/libero10_combo_trt_20260430_090849/cpufreq_1.566GHz_gpufreq_1.503GHz_emcfreq_4.266GHz/telemetry_raw.csv,1566000000,4266000000,1503000000,1566000000,14092,2834.4100914907835,89.002,36.522498722679536,72.49340000000004,/home/Thor/Workspace/jyjeong/Isaac-GR00T/thor_measurements/libero10_combo_trt_20260430_090849/summary.csv,cpufreq_1.566GHz_gpufreq_1.503GHz_emcfreq_4.266GHz,81.0183286821192
1836000000,4266000000,1503000000,1836000000,cpufreq_1.836GHz_gpufreq_1.503GHz_emcfreq_4.266GHz,1836000000.0,1,571.2181925767144,10.24608,7.868938476556723,9.4464,72.232121135,1,4266000000,1503000000,902.0321113482804,1,34.62272,12.363740961396244,18.90816,1,locked_combo,thor_measurements/libero10_combo_trt_20260430_090849/cpufreq_1.836GHz_gpufreq_1.503GHz_emcfreq_4.266GHz/nvtx_ranges.csv,thor_measurements/libero10_combo_trt_20260430_090849/cpufreq_1.836GHz_gpufreq_1.503GHz_emcfreq_4.266GHz/phase_metrics.csv,thor_measurements/libero10_combo_trt_20260430_090849/cpufreq_1.836GHz_gpufreq_1.503GHz_emcfreq_4.266GHz/phase_summary.csv,thor_measurements/libero10_combo_trt_20260430_090849/cpufreq_1.836GHz_gpufreq_1.503GHz_emcfreq_4.266GHz/telemetry_raw.csv,1836000000,4266000000,1503000000,1836000000,13522,2713.5600645609056,88.624,37.14734639846176,73.23080000000002,/home/Thor/Workspace/jyjeong/Isaac-GR00T/thor_measurements/libero10_combo_trt_20260430_090849/summary.csv,cpufreq_1.836GHz_gpufreq_1.503GHz_emcfreq_4.266GHz,79.60198711564625
2160000000,4266000000,1503000000,2160000000,cpufreq_2.160GHz_gpufreq_1.503GHz_emcfreq_4.266GHz,2160000000.0,1,597.9015147487497,11.8224,8.417055736635279,9.844,70.819827848,1,4266000000,1503000000,906.5354634864532,1,34.62272,12.684133011047676,19.2864,1,locked_combo,thor_measurements/libero10_combo_trt_20260430_090849/cpufreq_2.160GHz_gpufreq_1.503GHz_emcfreq_4.266GHz/nvtx_ranges.csv,thor_measurements/libero10_combo_trt_20260430_090849/cpufreq_2.160GHz_gpufreq_1.503GHz_emcfreq_4.266GHz/phase_metrics.csv,thor_measurements/libero10_combo_trt_20260430_090849/cpufreq_2.160GHz_gpufreq_1.503GHz_emcfreq_4.266GHz/phase_summary.csv,thor_measurements/libero10_combo_trt_20260430_090849/cpufreq_2.160GHz_gpufreq_1.503GHz_emcfreq_4.266GHz/telemetry_raw.csv,2160000000,4266000000,1503000000,2160000000,13487,2730.441050480885,89.4,38.07825861941129,74.29939999999999,/home/Thor/Workspace/jyjeong/Isaac-GR00T/thor_measurements/libero10_combo_trt_20260430_090849/summary.csv,cpufreq_2.160GHz_gpufreq_1.503GHz_emcfreq_4.266GHz,78.85850678666667
2430000000,4266000000,1503000000,2430000000,cpufreq_2.430GHz_gpufreq_1.503GHz_emcfreq_4.266GHz,2430000000.0,1,612.063889623069,12.99936,8.919421720541461,10.6272,68.362186391,1,4266000000,1503000000,877.9760395266791,1,34.62272,12.752694311709446,19.29424,1,locked_combo,thor_measurements/libero10_combo_trt_20260430_090849/cpufreq_2.430GHz_gpufreq_1.503GHz_emcfreq_4.266GHz/nvtx_ranges.csv,thor_measurements/libero10_combo_trt_20260430_090849/cpufreq_2.430GHz_gpufreq_1.503GHz_emcfreq_4.266GHz/phase_metrics.csv,thor_measurements/libero10_combo_trt_20260430_090849/cpufreq_2.430GHz_gpufreq_1.503GHz_emcfreq_4.266GHz/phase_summary.csv,thor_measurements/libero10_combo_trt_20260430_090849/cpufreq_2.430GHz_gpufreq_1.503GHz_emcfreq_4.266GHz/telemetry_raw.csv,2430000000,4266000000,1503000000,2430000000,13519,2676.6696127941086,89.604,38.67791656187588,75.48219999999999,/home/Thor/Workspace/jyjeong/Isaac-GR00T/thor_measurements/libero10_combo_trt_20260430_090849/summary.csv,cpufreq_2.430GHz_gpufreq_1.503GHz_emcfreq_4.266GHz,77.86925337931035
2601000000,4266000000,1503000000,2601000000,cpufreq_2.601GHz_gpufreq_1.503GHz_emcfreq_4.266GHz,2601000000.0,1,640.0972987301934,14.18112,9.456385132743364,11.0208,67.52832265,1,4266000000,1503000000,888.11773938525,1,34.62272,13.07948863172226,19.30208,1,locked_combo,thor_measurements/libero10_combo_trt_20260430_090849/cpufreq_2.601GHz_gpufreq_1.503GHz_emcfreq_4.266GHz/nvtx_ranges.csv,thor_measurements/libero10_combo_trt_20260430_090849/cpufreq_2.601GHz_gpufreq_1.503GHz_emcfreq_4.266GHz/phase_metrics.csv,thor_measurements/libero10_combo_trt_20260430_090849/cpufreq_2.601GHz_gpufreq_1.503GHz_emcfreq_4.266GHz/phase_summary.csv,thor_measurements/libero10_combo_trt_20260430_090849/cpufreq_2.601GHz_gpufreq_1.503GHz_emcfreq_4.266GHz/telemetry_raw.csv,2601000000,4266000000,1503000000,2601000000,13221,2711.600347343647,90.846,39.65510627032751,75.95,/home/Thor/Workspace/jyjeong/Isaac-GR00T/thor_measurements/libero10_combo_trt_20260430_090849/summary.csv,cpufreq_2.601GHz_gpufreq_1.503GHz_emcfreq_4.266GHz,77.39735372
